{
  "post_stream": {
    "posts": [
      {
        "id": 581388,
        "name": "Koustubh Ramakrishnan",
        "username": "koustubhr",
        "avatar_template": "/user_avatar/discourse.onlinedegree.iitm.ac.in/koustubhr/{size}/68167_2.png",
        "created_at": "2025-01-17T19:02:57.179Z",
        "cooked": "<p>Hi Team,</p>\n<p>I understand there have been 2 TA-led sessions on 16th and 17th Jan, however the recordings were not found in the playlist - <a href=\"https://www.youtube.com/playlist?list=PL_h5u1jMeBCl1BquBhgunA4t08XAxsA-C\" rel=\"noopener nofollow ugc\">https://www.youtube.com/playlist?list=PL_h5u1jMeBCl1BquBhgunA4t08XAxsA-C</a></p>\n<p>Please help if these were recorded or if the link is wrong. Thanks in advance!</p>",
        "post_number": 1,
        "post_type": 1,
        "posts_count": 2,
        "updated_at": "2025-01-17T19:02:57.179Z",
        "reply_count": 0,
        "reply_to_post_number": null,
        "quote_count": 0,
        "incoming_link_count": 2,
        "reads": 35,
        "readers_count": 34,
        "score": 16.6,
        "yours": false,
        "topic_id": 164089,
        "topic_slug": "ta-sessions-youtube-links",
        "display_username": "Koustubh Ramakrishnan",
        "primary_group_name": "ds-students",
        "flair_name": "ds-students",
        "flair_url": null,
        "flair_bg_color": "",
        "flair_color": "",
        "flair_group_id": 294,
        "badges_granted": [],
        "version": 1,
        "can_edit": false,
        "can_delete": false,
        "can_recover": false,
        "can_see_hidden_post": false,
        "can_wiki": false,
        "link_counts": [
          {
            "url": "https://www.youtube.com/playlist?list=PL_h5u1jMeBCl1BquBhgunA4t08XAxsA-C",
            "internal": false,
            "reflection": false,
            "clicks": 12
          }
        ],
        "read": false,
        "user_title": null,
        "bookmarked": false,
        "actions_summary": [
          {
            "id": 2,
            "can_act": true
          },
          {
            "id": 6,
            "can_act": true
          },
          {
            "id": 3,
            "can_act": true
          },
          {
            "id": 4,
            "can_act": true
          },
          {
            "id": 8,
            "can_act": true
          },
          {
            "id": 10,
            "can_act": true
          },
          {
            "id": 7,
            "can_act": true
          }
        ],
        "moderator": false,
        "admin": false,
        "staff": false,
        "user_id": 32940,
        "hidden": false,
        "trust_level": 1,
        "deleted_at": null,
        "user_deleted": false,
        "edit_reason": null,
        "can_view_edit_history": true,
        "wiki": false,
        "post_url": "/t/ta-sessions-youtube-links/164089/1",
        "user_cakedate": "2024-06-04",
        "reactions": [],
        "current_user_reaction": null,
        "reaction_users_count": 0,
        "current_user_used_main_reaction": false,
        "can_accept_answer": false,
        "can_unaccept_answer": false,
        "accepted_answer": false,
        "topic_accepted_answer": true,
        "can_vote": false
      },
      {
        "id": 581404,
        "name": "Jivraj Singh Shekhawat",
        "username": "Jivraj",
        "avatar_template": "https://avatars.discourse-cdn.com/v4/letter/j/b9bd4f/{size}.png",
        "created_at": "2025-01-17T22:26:56.576Z",
        "cooked": "<p>Hi Koustubh,</p>\n<p>We will upload session recordings by tomorrow.</p>\n<p>Thanks and Kind regards</p>",
        "post_number": 2,
        "post_type": 1,
        "posts_count": 2,
        "updated_at": "2025-01-17T22:26:56.576Z",
        "reply_count": 0,
        "reply_to_post_number": null,
        "quote_count": 0,
        "incoming_link_count": 0,
        "reads": 33,
        "readers_count": 32,
        "score": 6.2,
        "yours": false,
        "topic_id": 164089,
        "topic_slug": "ta-sessions-youtube-links",
        "display_username": "Jivraj Singh Shekhawat",
        "primary_group_name": "ds-students",
        "flair_name": "ds-students",
        "flair_url": null,
        "flair_bg_color": "",
        "flair_color": "",
        "flair_group_id": 294,
        "badges_granted": [],
        "version": 1,
        "can_edit": false,
        "can_delete": false,
        "can_recover": false,
        "can_see_hidden_post": false,
        "can_wiki": false,
        "read": false,
        "user_title": "Course TA",
        "title_is_group": false,
        "bookmarked": false,
        "actions_summary": [
          {
            "id": 2,
            "can_act": true
          },
          {
            "id": 6,
            "can_act": true
          },
          {
            "id": 3,
            "can_act": true
          },
          {
            "id": 4,
            "can_act": true
          },
          {
            "id": 8,
            "can_act": true
          },
          {
            "id": 10,
            "can_act": true
          },
          {
            "id": 7,
            "can_act": true
          }
        ],
        "moderator": false,
        "admin": false,
        "staff": false,
        "group_moderator": true,
        "user_id": 15651,
        "hidden": false,
        "trust_level": 2,
        "deleted_at": null,
        "user_deleted": false,
        "edit_reason": null,
        "can_view_edit_history": true,
        "wiki": false,
        "post_url": "/t/ta-sessions-youtube-links/164089/2",
        "user_cakedate": "2023-01-25",
        "reactions": [],
        "current_user_reaction": null,
        "reaction_users_count": 0,
        "current_user_used_main_reaction": false,
        "can_accept_answer": false,
        "can_unaccept_answer": false,
        "accepted_answer": true,
        "topic_accepted_answer": true
      }
    ],
    "stream": [
      581388,
      581404
    ]
  },
  "timeline_lookup": [
    [
      1,
      134
    ]
  ],
  "suggested_topics": [
    {
      "id": 173524,
      "title": "GA1 - Development Tools - Discussion Thread [TDS May 2025]",
      "fancy_title": "GA1 - Development Tools - Discussion Thread [TDS May 2025]",
      "slug": "ga1-development-tools-discussion-thread-tds-may-2025",
      "posts_count": 80,
      "reply_count": 51,
      "highest_post_number": 85,
      "image_url": null,
      "created_at": "2025-05-01T11:39:00.734Z",
      "last_posted_at": "2025-05-31T15:34:18.368Z",
      "bumped": true,
      "bumped_at": "2025-05-31T15:34:18.368Z",
      "archetype": "regular",
      "unseen": false,
      "last_read_post_number": 82,
      "unread": 0,
      "new_posts": 3,
      "unread_posts": 3,
      "pinned": false,
      "unpinned": null,
      "visible": true,
      "closed": false,
      "archived": false,
      "notification_level": 2,
      "bookmarked": false,
      "liked": false,
      "tags": [
        "term2-2025",
        "graded-assignment"
      ],
      "tags_descriptions": {},
      "like_count": 25,
      "views": 1155,
      "category_id": 34,
      "featured_link": null,
      "has_accepted_answer": false,
      "posters": [
        {
          "extras": null,
          "description": "Original Poster",
          "user": {
            "id": 9419,
            "username": "s.anand",
            "name": "Anand S",
            "avatar_template": "/user_avatar/discourse.onlinedegree.iitm.ac.in/s.anand/{size}/15264_2.png",
            "primary_group_name": "faculty",
            "flair_name": "faculty",
            "flair_url": "chalkboard-user",
            "flair_bg_color": "f2c26e",
            "flair_color": "000",
            "flair_group_id": 54,
            "trust_level": 4
          }
        },
        {
          "extras": null,
          "description": "Frequent Poster",
          "user": {
            "id": 22472,
            "username": "Advaith52",
            "name": "Advaith Sanil Kumar",
            "avatar_template": "/user_avatar/discourse.onlinedegree.iitm.ac.in/advaith52/{size}/67172_2.png",
            "primary_group_name": "ds-students",
            "flair_name": "ds-students",
            "flair_group_id": 294,
            "trust_level": 1
          }
        },
        {
          "extras": null,
          "description": "Frequent Poster",
          "user": {
            "id": 16094,
            "username": "carlton",
            "name": "Carlton D'Silva",
            "avatar_template": "/user_avatar/discourse.onlinedegree.iitm.ac.in/carlton/{size}/56317_2.png",
            "primary_group_name": "ds-students",
            "flair_name": "ds-students",
            "flair_group_id": 294,
            "trust_level": 3
          }
        },
        {
          "extras": null,
          "description": "Frequent Poster",
          "user": {
            "id": 15658,
            "username": "HritikRoshan_HRM",
            "name": "HRITIK ROSHAN MAURYA",
            "avatar_template": "/user_avatar/discourse.onlinedegree.iitm.ac.in/hritikroshan_hrm/{size}/66975_2.png",
            "primary_group_name": "ds-students",
            "flair_name": "ds-students",
            "flair_group_id": 294,
            "trust_level": 1
          }
        },
        {
          "extras": "latest",
          "description": "Most Recent Poster",
          "user": {
            "id": 12914,
            "username": "iAnimeshS",
            "name": "Animesh",
            "avatar_template": "/user_avatar/discourse.onlinedegree.iitm.ac.in/ianimeshs/{size}/12415_2.png",
            "primary_group_name": "ds-students",
            "flair_name": "ds-students",
            "flair_group_id": 294,
            "trust_level": 1
          }
        }
      ]
    },
    {
      "id": 176789,
      "title": "Vercel deployement error",
      "fancy_title": "Vercel deployement error",
      "slug": "vercel-deployement-error",
      "posts_count": 1,
      "reply_count": 0,
      "highest_post_number": 1,
      "image_url": null,
      "created_at": "2025-05-31T11:55:22.507Z",
      "last_posted_at": "2025-05-31T11:55:22.708Z",
      "bumped": true,
      "bumped_at": "2025-05-31T11:55:22.708Z",
      "archetype": "regular",
      "unseen": true,
      "pinned": false,
      "unpinned": null,
      "visible": true,
      "closed": false,
      "archived": false,
      "bookmarked": null,
      "liked": null,
      "tags": [
        "diploma-level",
        "term2-2025"
      ],
      "tags_descriptions": {},
      "like_count": 0,
      "views": 9,
      "category_id": 34,
      "featured_link": null,
      "has_accepted_answer": false,
      "posters": [
        {
          "extras": "latest single",
          "description": "Original Poster, Most Recent Poster",
          "user": {
            "id": 25506,
            "username": "23f3003724",
            "name": "Vedika Gupta",
            "avatar_template": "/user_avatar/discourse.onlinedegree.iitm.ac.in/23f3003724/{size}/68806_2.png",
            "primary_group_name": "ds-students",
            "flair_name": "ds-students",
            "flair_group_id": 294,
            "trust_level": 1
          }
        }
      ]
    }
  ],
  "tags": [
    "clarification"
  ],
  "tags_descriptions": {},
  "id": 164089,
  "title": "TA Sessions youtube links",
  "fancy_title": "TA Sessions youtube links",
  "posts_count": 2,
  "created_at": "2025-01-17T19:02:56.951Z",
  "views": 46,
  "reply_count": 0,
  "like_count": 0,
  "last_posted_at": "2025-01-17T22:26:56.576Z",
  "visible": true,
  "closed": false,
  "archived": false,
  "has_summary": false,
  "archetype": "regular",
  "slug": "ta-sessions-youtube-links",
  "category_id": 34,
  "word_count": 61,
  "deleted_at": null,
  "user_id": 32940,
  "featured_link": null,
  "pinned_globally": false,
  "pinned_at": null,
  "pinned_until": null,
  "image_url": null,
  "slow_mode_seconds": 0,
  "draft": null,
  "draft_key": "topic_164089",
  "draft_sequence": 0,
  "unpinned": null,
  "pinned": false,
  "current_post_number": 1,
  "highest_post_number": 2,
  "deleted_by": null,
  "actions_summary": [
    {
      "id": 4,
      "count": 0,
      "hidden": false,
      "can_act": true
    },
    {
      "id": 8,
      "count": 0,
      "hidden": false,
      "can_act": true
    },
    {
      "id": 10,
      "count": 0,
      "hidden": false,
      "can_act": true
    },
    {
      "id": 7,
      "count": 0,
      "hidden": false,
      "can_act": true
    }
  ],
  "chunk_size": 20,
  "bookmarked": false,
  "topic_timer": null,
  "message_bus_last_id": 0,
  "participant_count": 2,
  "show_read_indicator": false,
  "thumbnails": null,
  "slow_mode_enabled_until": null,
  "tags_disable_ads": false,
  "related_topics": [
    {
      "id": 154355,
      "title": "NOT AVAILABLE- link fo TA session held on 27oct",
      "fancy_title": "NOT AVAILABLE- link fo TA session held on 27oct",
      "slug": "not-available-link-fo-ta-session-held-on-27oct",
      "posts_count": 4,
      "reply_count": 1,
      "highest_post_number": 4,
      "image_url": null,
      "created_at": "2024-10-29T09:01:21.088Z",
      "last_posted_at": "2024-10-31T14:37:11.207Z",
      "bumped": true,
      "bumped_at": "2024-10-31T14:37:11.207Z",
      "archetype": "regular",
      "unseen": false,
      "pinned": false,
      "unpinned": null,
      "visible": true,
      "closed": false,
      "archived": false,
      "bookmarked": null,
      "liked": null,
      "tags": [
        "operational"
      ],
      "tags_descriptions": {},
      "like_count": 2,
      "views": 41,
      "category_id": 34,
      "featured_link": null,
      "has_accepted_answer": true,
      "posters": [
        {
          "extras": null,
          "description": "Original Poster",
          "user": {
            "id": 7742,
            "username": "21f3000745",
            "name": "Tanya kamboj",
            "avatar_template": "/user_avatar/discourse.onlinedegree.iitm.ac.in/21f3000745/{size}/638_2.png",
            "primary_group_name": "ds-students",
            "flair_name": "ds-students",
            "flair_group_id": 294,
            "trust_level": 1
          }
        },
        {
          "extras": "latest",
          "description": "Most Recent Poster, Accepted Answer",
          "user": {
            "id": 16094,
            "username": "carlton",
            "name": "Carlton D'Silva",
            "avatar_template": "/user_avatar/discourse.onlinedegree.iitm.ac.in/carlton/{size}/56317_2.png",
            "primary_group_name": "ds-students",
            "flair_name": "ds-students",
            "flair_group_id": 294,
            "trust_level": 3
          }
        },
        {
          "extras": null,
          "description": "Frequent Poster",
          "user": {
            "id": 15651,
            "username": "Jivraj",
            "name": "Jivraj Singh Shekhawat",
            "avatar_template": "https://avatars.discourse-cdn.com/v4/letter/j/b9bd4f/{size}.png",
            "primary_group_name": "ds-students",
            "flair_name": "ds-students",
            "flair_group_id": 294,
            "trust_level": 2
          }
        }
      ]
    },
    {
      "id": 118104,
      "title": "Doubt on the ta session",
      "fancy_title": "Doubt on the ta session",
      "slug": "doubt-on-the-ta-session",
      "posts_count": 3,
      "reply_count": 0,
      "highest_post_number": 3,
      "image_url": null,
      "created_at": "2024-02-04T16:28:07.599Z",
      "last_posted_at": "2024-02-11T18:04:23.145Z",
      "bumped": true,
      "bumped_at": "2024-02-11T18:04:23.145Z",
      "archetype": "regular",
      "unseen": false,
      "pinned": false,
      "unpinned": null,
      "visible": true,
      "closed": false,
      "archived": false,
      "bookmarked": null,
      "liked": null,
      "tags": [
        "clarification"
      ],
      "tags_descriptions": {},
      "like_count": 1,
      "views": 40,
      "category_id": 24,
      "featured_link": null,
      "has_accepted_answer": false,
      "posters": [
        {
          "extras": null,
          "description": "Original Poster",
          "user": {
            "id": 24021,
            "username": "23f2005111",
            "name": "Rex",
            "avatar_template": "/user_avatar/discourse.onlinedegree.iitm.ac.in/23f2005111/{size}/66974_2.png",
            "primary_group_name": "ds-students",
            "flair_name": "ds-students",
            "flair_group_id": 294,
            "trust_level": 1
          }
        },
        {
          "extras": null,
          "description": "Frequent Poster",
          "user": {
            "id": 17665,
            "username": "23f2000775",
            "name": "Ramakrishnaa R",
            "avatar_template": "/user_avatar/discourse.onlinedegree.iitm.ac.in/23f2000775/{size}/66974_2.png",
            "primary_group_name": "ds-students",
            "flair_name": "ds-students",
            "flair_group_id": 294,
            "trust_level": 1
          }
        },
        {
          "extras": "latest",
          "description": "Most Recent Poster",
          "user": {
            "id": 16603,
            "username": "23ds1000045",
            "name": "SUKANYA S",
            "avatar_template": "/user_avatar/discourse.onlinedegree.iitm.ac.in/23ds1000045/{size}/59444_2.png",
            "primary_group_name": "ds-students",
            "flair_name": "ds-students",
            "flair_group_id": 294,
            "trust_level": 1
          }
        }
      ]
    },
    {
      "id": 120461,
      "title": "TDS Live session recordings",
      "fancy_title": "TDS Live session recordings",
      "slug": "tds-live-session-recordings",
      "posts_count": 5,
      "reply_count": 3,
      "highest_post_number": 5,
      "image_url": null,
      "created_at": "2024-02-21T05:22:18.024Z",
      "last_posted_at": "2024-02-21T06:09:52.119Z",
      "bumped": true,
      "bumped_at": "2024-02-21T06:10:04.590Z",
      "archetype": "regular",
      "unseen": false,
      "pinned": false,
      "unpinned": null,
      "visible": true,
      "closed": false,
      "archived": false,
      "bookmarked": null,
      "liked": null,
      "tags": [
        "clarification",
        "miscellaneous",
        "tds"
      ],
      "tags_descriptions": {},
      "like_count": 1,
      "views": 51,
      "category_id": 34,
      "featured_link": null,
      "has_accepted_answer": false,
      "posters": [
        {
          "extras": "latest",
          "description": "Original Poster, Most Recent Poster",
          "user": {
            "id": 8691,
            "username": "22f1000252",
            "name": "Prakash Tiwari",
            "avatar_template": "/user_avatar/discourse.onlinedegree.iitm.ac.in/22f1000252/{size}/55952_2.png",
            "primary_group_name": "ds-students",
            "flair_name": "ds-students",
            "flair_group_id": 294,
            "trust_level": 1
          }
        },
        {
          "extras": null,
          "description": "Frequent Poster",
          "user": {
            "id": 7946,
            "username": "GKay",
            "name": "21f3002029",
            "avatar_template": "/user_avatar/discourse.onlinedegree.iitm.ac.in/gkay/{size}/56132_2.png",
            "primary_group_name": "ds-students",
            "flair_name": "ds-students",
            "flair_group_id": 294,
            "trust_level": 1
          }
        }
      ]
    },
    {
      "id": 118749,
      "title": "To Upload yesterday's TA Live session",
      "fancy_title": "To Upload yesterday&rsquo;s TA Live session",
      "slug": "to-upload-yesterdays-ta-live-session",
      "posts_count": 11,
      "reply_count": 6,
      "highest_post_number": 11,
      "image_url": null,
      "created_at": "2024-02-09T11:32:00.333Z",
      "last_posted_at": "2024-04-20T08:21:07.692Z",
      "bumped": true,
      "bumped_at": "2024-04-20T08:21:07.692Z",
      "archetype": "regular",
      "unseen": false,
      "pinned": false,
      "unpinned": null,
      "visible": true,
      "closed": false,
      "archived": false,
      "bookmarked": null,
      "liked": null,
      "tags": [
        "extra-resources"
      ],
      "tags_descriptions": {},
      "like_count": 2,
      "views": 178,
      "category_id": 34,
      "featured_link": null,
      "has_accepted_answer": false,
      "posters": [
        {
          "extras": null,
          "description": "Original Poster",
          "user": {
            "id": 17637,
            "username": "23ds2000059",
            "name": "Jahana Parvin",
            "avatar_template": "/user_avatar/discourse.onlinedegree.iitm.ac.in/23ds2000059/{size}/66832_2.png",
            "primary_group_name": "ds-students",
            "flair_name": "ds-students",
            "flair_group_id": 294,
            "trust_level": 1
          }
        },
        {
          "extras": null,
          "description": "Frequent Poster",
          "user": {
            "id": 16562,
            "username": "22f3000517",
            "name": "Radha Ruckmani",
            "avatar_template": "/user_avatar/discourse.onlinedegree.iitm.ac.in/22f3000517/{size}/68225_2.png",
            "primary_group_name": "ds-students",
            "flair_name": "ds-students",
            "flair_group_id": 294,
            "trust_level": 1
          }
        },
        {
          "extras": null,
          "description": "Frequent Poster",
          "user": {
            "id": 13012,
            "username": "singhyash3302",
            "name": "Yash Singh",
            "avatar_template": "/user_avatar/discourse.onlinedegree.iitm.ac.in/singhyash3302/{size}/32697_2.png",
            "primary_group_name": "ds-students",
            "flair_name": "ds-students",
            "flair_group_id": 294,
            "trust_level": 1
          }
        },
        {
          "extras": null,
          "description": "Frequent Poster",
          "user": {
            "id": 12397,
            "username": "22f1001426",
            "name": "Lakshya jain",
            "avatar_template": "https://avatars.discourse-cdn.com/v4/letter/2/7ea924/{size}.png",
            "primary_group_name": "ds-students",
            "flair_name": "ds-students",
            "flair_group_id": 294,
            "trust_level": 1
          }
        },
        {
          "extras": "latest",
          "description": "Most Recent Poster",
          "user": {
            "id": 12082,
            "username": "PremKumarGupta",
            "name": "Prem Kumar Gupta ",
            "avatar_template": "https://avatars.discourse-cdn.com/v4/letter/p/b5ac83/{size}.png",
            "primary_group_name": "ds-students",
            "flair_name": "ds-students",
            "flair_group_id": 294,
            "trust_level": 1
          }
        }
      ]
    },
    {
      "id": 151978,
      "title": "Recording links for TDS session",
      "fancy_title": "Recording links for TDS session",
      "slug": "recording-links-for-tds-session",
      "posts_count": 10,
      "reply_count": 8,
      "highest_post_number": 10,
      "image_url": null,
      "created_at": "2024-10-12T02:14:04.157Z",
      "last_posted_at": "2024-10-21T07:38:42.698Z",
      "bumped": true,
      "bumped_at": "2024-10-21T07:38:42.698Z",
      "archetype": "regular",
      "unseen": false,
      "pinned": false,
      "unpinned": null,
      "visible": true,
      "closed": false,
      "archived": false,
      "bookmarked": null,
      "liked": null,
      "tags": [
        "operational"
      ],
      "tags_descriptions": {},
      "like_count": 5,
      "views": 125,
      "category_id": 34,
      "featured_link": null,
      "has_accepted_answer": false,
      "posters": [
        {
          "extras": null,
          "description": "Original Poster",
          "user": {
            "id": 15556,
            "username": "kumarpa",
            "name": "Pradeep Kumar P",
            "avatar_template": "/user_avatar/discourse.onlinedegree.iitm.ac.in/kumarpa/{size}/68254_2.png",
            "primary_group_name": "ds-students",
            "flair_name": "ds-students",
            "flair_group_id": 294,
            "trust_level": 1
          }
        },
        {
          "extras": null,
          "description": "Frequent Poster",
          "user": {
            "id": 16094,
            "username": "carlton",
            "name": "Carlton D'Silva",
            "avatar_template": "/user_avatar/discourse.onlinedegree.iitm.ac.in/carlton/{size}/56317_2.png",
            "primary_group_name": "ds-students",
            "flair_name": "ds-students",
            "flair_group_id": 294,
            "trust_level": 3
          }
        },
        {
          "extras": "latest",
          "description": "Most Recent Poster",
          "user": {
            "id": 17331,
            "username": "23f1002330",
            "name": "Haifa",
            "avatar_template": "/user_avatar/discourse.onlinedegree.iitm.ac.in/23f1002330/{size}/67219_2.png",
            "primary_group_name": "ds-students",
            "flair_name": "ds-students",
            "flair_group_id": 294,
            "trust_level": 1
          }
        }
      ]
    }
  ],
  "summarizable": false,
  "valid_reactions": [
    "heart",
    "+1",
    "laughing",
    "open_mouth",
    "clap",
    "confetti_ball",
    "rocket",
    "-1"
  ],
  "accepted_answer": {
    "post_number": 2,
    "username": "Jivraj",
    "name": null,
    "excerpt": "Hi Koustubh, \nWe will upload session recordings by tomorrow. \nThanks and Kind regards",
    "accepter_name": null,
    "accepter_username": "carlton"
  },
  "can_vote": false,
  "vote_count": 0,
  "user_voted": false,
  "discourse_zendesk_plugin_zendesk_id": null,
  "discourse_zendesk_plugin_zendesk_url": "https://your-url.zendesk.com/agent/tickets/",
  "details": {
    "can_edit": false,
    "notification_level": 1,
    "can_create_post": true,
    "can_reply_as_new_topic": true,
    "can_flag_topic": true,
    "participants": [
      {
        "id": 15651,
        "username": "Jivraj",
        "name": "Jivraj Singh Shekhawat",
        "avatar_template": "https://avatars.discourse-cdn.com/v4/letter/j/b9bd4f/{size}.png",
        "post_count": 1,
        "primary_group_name": "ds-students",
        "flair_name": "ds-students",
        "flair_url": null,
        "flair_color": "",
        "flair_bg_color": "",
        "flair_group_id": 294,
        "trust_level": 2
      },
      {
        "id": 32940,
        "username": "koustubhr",
        "name": "Koustubh Ramakrishnan",
        "avatar_template": "/user_avatar/discourse.onlinedegree.iitm.ac.in/koustubhr/{size}/68167_2.png",
        "post_count": 1,
        "primary_group_name": "ds-students",
        "flair_name": "ds-students",
        "flair_url": null,
        "flair_color": "",
        "flair_bg_color": "",
        "flair_group_id": 294,
        "trust_level": 1
      }
    ],
    "created_by": {
      "id": 32940,
      "username": "koustubhr",
      "name": "Koustubh Ramakrishnan",
      "avatar_template": "/user_avatar/discourse.onlinedegree.iitm.ac.in/koustubhr/{size}/68167_2.png"
    },
    "last_poster": {
      "id": 15651,
      "username": "Jivraj",
      "name": "Jivraj Singh Shekhawat",
      "avatar_template": "https://avatars.discourse-cdn.com/v4/letter/j/b9bd4f/{size}.png"
    },
    "links": [
      {
        "url": "https://www.youtube.com/playlist?list=PL_h5u1jMeBCl1BquBhgunA4t08XAxsA-C",
        "title": null,
        "internal": false,
        "attachment": false,
        "reflection": false,
        "clicks": 12,
        "user_id": 32940,
        "domain": "www.youtube.com",
        "root_domain": "youtube.com"
      }
    ]
  },
  "pending_posts": [],
  "bookmarks": []
}