{
  "post_stream": {
    "posts": [
      {
        "id": 580140,
        "name": "Rishabh",
        "username": "RishabhSehgal",
        "avatar_template": "https://avatars.discourse-cdn.com/v4/letter/r/c6cbf5/{size}.png",
        "created_at": "2025-01-15T21:17:57.705Z",
        "cooked": "<p>I am an international student with none of my peers here in this course. It would be amazing to work with other people taking this course this term and doing the assignments together.</p>\n<p>a few brains are better than one brain</p>",
        "post_number": 1,
        "post_type": 1,
        "posts_count": 4,
        "updated_at": "2025-01-15T21:17:57.705Z",
        "reply_count": 0,
        "reply_to_post_number": null,
        "quote_count": 0,
        "incoming_link_count": 0,
        "reads": 92,
        "readers_count": 91,
        "score": 47.6,
        "yours": false,
        "topic_id": 163381,
        "topic_slug": "need-friends",
        "display_username": "Rishabh",
        "primary_group_name": "ds-students",
        "flair_name": "ds-students",
        "flair_url": null,
        "flair_bg_color": "",
        "flair_color": "",
        "flair_group_id": 294,
        "badges_granted": [],
        "version": 1,
        "can_edit": false,
        "can_delete": false,
        "can_recover": false,
        "can_see_hidden_post": false,
        "can_wiki": false,
        "read": false,
        "user_title": null,
        "bookmarked": false,
        "actions_summary": [
          {
            "id": 2,
            "count": 2,
            "can_act": true
          },
          {
            "id": 6,
            "can_act": true
          },
          {
            "id": 3,
            "can_act": true
          },
          {
            "id": 4,
            "can_act": true
          },
          {
            "id": 8,
            "can_act": true
          },
          {
            "id": 10,
            "can_act": true
          },
          {
            "id": 7,
            "can_act": true
          }
        ],
        "moderator": false,
        "admin": false,
        "staff": false,
        "user_id": 20099,
        "hidden": false,
        "trust_level": 0,
        "deleted_at": null,
        "user_deleted": false,
        "edit_reason": null,
        "can_view_edit_history": true,
        "wiki": false,
        "post_url": "/t/need-friends/163381/1",
        "user_cakedate": "2023-06-12",
        "reactions": [
          {
            "id": "heart",
            "type": "emoji",
            "count": 2
          }
        ],
        "current_user_reaction": null,
        "reaction_users_count": 2,
        "current_user_used_main_reaction": false,
        "can_accept_answer": false,
        "can_unaccept_answer": false,
        "accepted_answer": false,
        "topic_accepted_answer": null,
        "can_vote": false
      },
      {
        "id": 580349,
        "name": "Sakthivel S",
        "username": "23f2000237",
        "avatar_template": "/user_avatar/discourse.onlinedegree.iitm.ac.in/23f2000237/{size}/66999_2.png",
        "created_at": "2025-01-16T06:51:34.998Z",
        "cooked": "<p>Yes indeed. We must connect to solve these assignments and prepare for ROE from now</p>",
        "post_number": 2,
        "post_type": 1,
        "posts_count": 4,
        "updated_at": "2025-01-16T06:51:34.998Z",
        "reply_count": 0,
        "reply_to_post_number": null,
        "quote_count": 0,
        "incoming_link_count": 0,
        "reads": 80,
        "readers_count": 79,
        "score": 45.2,
        "yours": false,
        "topic_id": 163381,
        "topic_slug": "need-friends",
        "display_username": "Sakthivel S",
        "primary_group_name": "ds-students",
        "flair_name": "ds-students",
        "flair_url": null,
        "flair_bg_color": "",
        "flair_color": "",
        "flair_group_id": 294,
        "badges_granted": [],
        "version": 1,
        "can_edit": false,
        "can_delete": false,
        "can_recover": false,
        "can_see_hidden_post": false,
        "can_wiki": false,
        "read": false,
        "user_title": "",
        "bookmarked": false,
        "actions_summary": [
          {
            "id": 2,
            "count": 2,
            "can_act": true
          },
          {
            "id": 6,
            "can_act": true
          },
          {
            "id": 3,
            "can_act": true
          },
          {
            "id": 4,
            "can_act": true
          },
          {
            "id": 8,
            "can_act": true
          },
          {
            "id": 10,
            "can_act": true
          },
          {
            "id": 7,
            "can_act": true
          }
        ],
        "moderator": false,
        "admin": false,
        "staff": false,
        "user_id": 17862,
        "hidden": false,
        "trust_level": 1,
        "deleted_at": null,
        "user_deleted": false,
        "edit_reason": null,
        "can_view_edit_history": true,
        "wiki": false,
        "post_url": "/t/need-friends/163381/2",
        "user_cakedate": "2023-06-03",
        "user_birthdate": "1904-08-13",
        "reactions": [
          {
            "id": "heart",
            "type": "emoji",
            "count": 2
          }
        ],
        "current_user_reaction": null,
        "reaction_users_count": 2,
        "current_user_used_main_reaction": false,
        "can_accept_answer": false,
        "can_unaccept_answer": false,
        "accepted_answer": false,
        "topic_accepted_answer": null
      },
      {
        "id": 580362,
        "name": "ADITYA SIDDHARTH JYOTI",
        "username": "ADI_1792",
        "avatar_template": "/user_avatar/discourse.onlinedegree.iitm.ac.in/adi_1792/{size}/70618_2.png",
        "created_at": "2025-01-16T07:11:21.868Z",
        "cooked": "<p>you can use <a href=\"https://acegrade.in\" rel=\"noopener nofollow ugc\">https://acegrade.in</a> to find community of people with same subjects as you . Just use the ‘Groups’ tab of the website and you will prolly find lot’s of friends there .</p>",
        "post_number": 3,
        "post_type": 1,
        "posts_count": 4,
        "updated_at": "2025-01-16T07:11:21.868Z",
        "reply_count": 0,
        "reply_to_post_number": null,
        "quote_count": 0,
        "incoming_link_count": 0,
        "reads": 75,
        "readers_count": 74,
        "score": 29.2,
        "yours": false,
        "topic_id": 163381,
        "topic_slug": "need-friends",
        "display_username": "ADITYA SIDDHARTH JYOTI",
        "primary_group_name": "ds-students",
        "flair_name": "ds-students",
        "flair_url": null,
        "flair_bg_color": "",
        "flair_color": "",
        "flair_group_id": 294,
        "badges_granted": [],
        "version": 1,
        "can_edit": false,
        "can_delete": false,
        "can_recover": false,
        "can_see_hidden_post": false,
        "can_wiki": false,
        "link_counts": [
          {
            "url": "https://acegrade.in",
            "internal": false,
            "reflection": false,
            "clicks": 10
          }
        ],
        "read": false,
        "user_title": null,
        "bookmarked": false,
        "actions_summary": [
          {
            "id": 2,
            "count": 1,
            "can_act": true
          },
          {
            "id": 6,
            "can_act": true
          },
          {
            "id": 3,
            "can_act": true
          },
          {
            "id": 4,
            "can_act": true
          },
          {
            "id": 8,
            "can_act": true
          },
          {
            "id": 10,
            "can_act": true
          },
          {
            "id": 7,
            "can_act": true
          }
        ],
        "moderator": false,
        "admin": false,
        "staff": false,
        "user_id": 15828,
        "hidden": false,
        "trust_level": 1,
        "deleted_at": null,
        "user_deleted": false,
        "edit_reason": null,
        "can_view_edit_history": true,
        "wiki": false,
        "post_url": "/t/need-friends/163381/3",
        "user_cakedate": "2023-01-25",
        "user_birthdate": "1904-08-21",
        "reactions": [
          {
            "id": "heart",
            "type": "emoji",
            "count": 1
          }
        ],
        "current_user_reaction": null,
        "reaction_users_count": 1,
        "current_user_used_main_reaction": false,
        "can_accept_answer": false,
        "can_unaccept_answer": false,
        "accepted_answer": false,
        "topic_accepted_answer": null
      },
      {
        "id": 580535,
        "name": "Azhaan Pary",
        "username": "23f2005121",
        "avatar_template": "/user_avatar/discourse.onlinedegree.iitm.ac.in/23f2005121/{size}/67277_2.png",
        "created_at": "2025-01-16T11:54:45.763Z",
        "cooked": "<p>Hey, I am Azhaan, the regional coordinator of Bandipur International. DM me on WhatsApp and I will connect you with the International Community of IITM BS. I am sending you a chat.</p>",
        "post_number": 4,
        "post_type": 1,
        "posts_count": 4,
        "updated_at": "2025-01-16T11:54:45.763Z",
        "reply_count": 0,
        "reply_to_post_number": null,
        "quote_count": 0,
        "incoming_link_count": 0,
        "reads": 66,
        "readers_count": 65,
        "score": 27.4,
        "yours": false,
        "topic_id": 163381,
        "topic_slug": "need-friends",
        "display_username": "Azhaan Pary",
        "primary_group_name": "ds-students",
        "flair_name": "ds-students",
        "flair_url": null,
        "flair_bg_color": "",
        "flair_color": "",
        "flair_group_id": 294,
        "badges_granted": [],
        "version": 1,
        "can_edit": false,
        "can_delete": false,
        "can_recover": false,
        "can_see_hidden_post": false,
        "can_wiki": false,
        "read": false,
        "user_title": null,
        "bookmarked": false,
        "actions_summary": [
          {
            "id": 2,
            "count": 1,
            "can_act": true
          },
          {
            "id": 6,
            "can_act": true
          },
          {
            "id": 3,
            "can_act": true
          },
          {
            "id": 4,
            "can_act": true
          },
          {
            "id": 8,
            "can_act": true
          },
          {
            "id": 10,
            "can_act": true
          },
          {
            "id": 7,
            "can_act": true
          }
        ],
        "moderator": false,
        "admin": false,
        "staff": false,
        "user_id": 22540,
        "hidden": false,
        "trust_level": 1,
        "deleted_at": null,
        "user_deleted": false,
        "edit_reason": null,
        "can_view_edit_history": true,
        "wiki": false,
        "post_url": "/t/need-friends/163381/4",
        "user_cakedate": "2023-09-23",
        "user_birthdate": "1904-12-22",
        "reactions": [
          {
            "id": "heart",
            "type": "emoji",
            "count": 1
          }
        ],
        "current_user_reaction": null,
        "reaction_users_count": 1,
        "current_user_used_main_reaction": false,
        "can_accept_answer": false,
        "can_unaccept_answer": false,
        "accepted_answer": false,
        "topic_accepted_answer": null
      }
    ],
    "stream": [
      580140,
      580349,
      580362,
      580535
    ]
  },
  "timeline_lookup": [
    [
      1,
      136
    ],
    [
      2,
      135
    ]
  ],
  "suggested_topics": [
    {
      "id": 173524,
      "title": "GA1 - Development Tools - Discussion Thread [TDS May 2025]",
      "fancy_title": "GA1 - Development Tools - Discussion Thread [TDS May 2025]",
      "slug": "ga1-development-tools-discussion-thread-tds-may-2025",
      "posts_count": 80,
      "reply_count": 51,
      "highest_post_number": 85,
      "image_url": null,
      "created_at": "2025-05-01T11:39:00.734Z",
      "last_posted_at": "2025-05-31T15:34:18.368Z",
      "bumped": true,
      "bumped_at": "2025-05-31T15:34:18.368Z",
      "archetype": "regular",
      "unseen": false,
      "last_read_post_number": 82,
      "unread": 0,
      "new_posts": 3,
      "unread_posts": 3,
      "pinned": false,
      "unpinned": null,
      "visible": true,
      "closed": false,
      "archived": false,
      "notification_level": 2,
      "bookmarked": false,
      "liked": false,
      "tags": [
        "term2-2025",
        "graded-assignment"
      ],
      "tags_descriptions": {},
      "like_count": 25,
      "views": 1155,
      "category_id": 34,
      "featured_link": null,
      "has_accepted_answer": false,
      "posters": [
        {
          "extras": null,
          "description": "Original Poster",
          "user": {
            "id": 9419,
            "username": "s.anand",
            "name": "Anand S",
            "avatar_template": "/user_avatar/discourse.onlinedegree.iitm.ac.in/s.anand/{size}/15264_2.png",
            "primary_group_name": "faculty",
            "flair_name": "faculty",
            "flair_url": "chalkboard-user",
            "flair_bg_color": "f2c26e",
            "flair_color": "000",
            "flair_group_id": 54,
            "trust_level": 4
          }
        },
        {
          "extras": null,
          "description": "Frequent Poster",
          "user": {
            "id": 22472,
            "username": "Advaith52",
            "name": "Advaith Sanil Kumar",
            "avatar_template": "/user_avatar/discourse.onlinedegree.iitm.ac.in/advaith52/{size}/67172_2.png",
            "primary_group_name": "ds-students",
            "flair_name": "ds-students",
            "flair_group_id": 294,
            "trust_level": 1
          }
        },
        {
          "extras": null,
          "description": "Frequent Poster",
          "user": {
            "id": 16094,
            "username": "carlton",
            "name": "Carlton D'Silva",
            "avatar_template": "/user_avatar/discourse.onlinedegree.iitm.ac.in/carlton/{size}/56317_2.png",
            "primary_group_name": "ds-students",
            "flair_name": "ds-students",
            "flair_group_id": 294,
            "trust_level": 3
          }
        },
        {
          "extras": null,
          "description": "Frequent Poster",
          "user": {
            "id": 15658,
            "username": "HritikRoshan_HRM",
            "name": "HRITIK ROSHAN MAURYA",
            "avatar_template": "/user_avatar/discourse.onlinedegree.iitm.ac.in/hritikroshan_hrm/{size}/66975_2.png",
            "primary_group_name": "ds-students",
            "flair_name": "ds-students",
            "flair_group_id": 294,
            "trust_level": 1
          }
        },
        {
          "extras": "latest",
          "description": "Most Recent Poster",
          "user": {
            "id": 12914,
            "username": "iAnimeshS",
            "name": "Animesh",
            "avatar_template": "/user_avatar/discourse.onlinedegree.iitm.ac.in/ianimeshs/{size}/12415_2.png",
            "primary_group_name": "ds-students",
            "flair_name": "ds-students",
            "flair_group_id": 294,
            "trust_level": 1
          }
        }
      ]
    },
    {
      "id": 176789,
      "title": "Vercel deployement error",
      "fancy_title": "Vercel deployement error",
      "slug": "vercel-deployement-error",
      "posts_count": 1,
      "reply_count": 0,
      "highest_post_number": 1,
      "image_url": null,
      "created_at": "2025-05-31T11:55:22.507Z",
      "last_posted_at": "2025-05-31T11:55:22.708Z",
      "bumped": true,
      "bumped_at": "2025-05-31T11:55:22.708Z",
      "archetype": "regular",
      "unseen": true,
      "pinned": false,
      "unpinned": null,
      "visible": true,
      "closed": false,
      "archived": false,
      "bookmarked": null,
      "liked": null,
      "tags": [
        "diploma-level",
        "term2-2025"
      ],
      "tags_descriptions": {},
      "like_count": 0,
      "views": 9,
      "category_id": 34,
      "featured_link": null,
      "has_accepted_answer": false,
      "posters": [
        {
          "extras": "latest single",
          "description": "Original Poster, Most Recent Poster",
          "user": {
            "id": 25506,
            "username": "23f3003724",
            "name": "Vedika Gupta",
            "avatar_template": "/user_avatar/discourse.onlinedegree.iitm.ac.in/23f3003724/{size}/68806_2.png",
            "primary_group_name": "ds-students",
            "flair_name": "ds-students",
            "flair_group_id": 294,
            "trust_level": 1
          }
        }
      ]
    }
  ],
  "tags": [
    "miscellaneous"
  ],
  "tags_descriptions": {},
  "id": 163381,
  "title": "Need friends",
  "fancy_title": "Need friends",
  "posts_count": 4,
  "created_at": "2025-01-15T21:17:57.491Z",
  "views": 111,
  "reply_count": 0,
  "like_count": 6,
  "last_posted_at": "2025-01-16T11:54:45.763Z",
  "visible": true,
  "closed": false,
  "archived": false,
  "has_summary": false,
  "archetype": "regular",
  "slug": "need-friends",
  "category_id": 34,
  "word_count": 122,
  "deleted_at": null,
  "user_id": 20099,
  "featured_link": null,
  "pinned_globally": false,
  "pinned_at": null,
  "pinned_until": null,
  "image_url": null,
  "slow_mode_seconds": 0,
  "draft": null,
  "draft_key": "topic_163381",
  "draft_sequence": 0,
  "unpinned": null,
  "pinned": false,
  "current_post_number": 1,
  "highest_post_number": 4,
  "deleted_by": null,
  "actions_summary": [
    {
      "id": 4,
      "count": 0,
      "hidden": false,
      "can_act": true
    },
    {
      "id": 8,
      "count": 0,
      "hidden": false,
      "can_act": true
    },
    {
      "id": 10,
      "count": 0,
      "hidden": false,
      "can_act": true
    },
    {
      "id": 7,
      "count": 0,
      "hidden": false,
      "can_act": true
    }
  ],
  "chunk_size": 20,
  "bookmarked": false,
  "topic_timer": null,
  "message_bus_last_id": 0,
  "participant_count": 4,
  "show_read_indicator": false,
  "thumbnails": null,
  "slow_mode_enabled_until": null,
  "tags_disable_ads": false,
  "related_topics": [
    {
      "id": 86297,
      "title": "Joining the IITM - Data Science discord server?",
      "fancy_title": "Joining the IITM - Data Science discord server?",
      "slug": "joining-the-iitm-data-science-discord-server",
      "posts_count": 5,
      "reply_count": 1,
      "highest_post_number": 5,
      "image_url": null,
      "created_at": "2023-05-31T16:04:19.209Z",
      "last_posted_at": "2024-06-11T20:54:21.913Z",
      "bumped": true,
      "bumped_at": "2024-06-11T20:54:21.913Z",
      "archetype": "regular",
      "unseen": false,
      "pinned": false,
      "unpinned": null,
      "visible": true,
      "closed": false,
      "archived": false,
      "bookmarked": null,
      "liked": null,
      "tags": [
        "operational"
      ],
      "tags_descriptions": {},
      "like_count": 6,
      "views": 474,
      "category_id": 7,
      "featured_link": null,
      "has_accepted_answer": false,
      "posters": [
        {
          "extras": null,
          "description": "Original Poster",
          "user": {
            "id": 13807,
            "username": "MONIKA_BHALERAO",
            "name": "Monika Anand Bhalerao",
            "avatar_template": "/user_avatar/discourse.onlinedegree.iitm.ac.in/monika_bhalerao/{size}/14044_2.png",
            "primary_group_name": "ds-students",
            "flair_name": "ds-students",
            "flair_group_id": 294,
            "trust_level": 0
          }
        },
        {
          "extras": null,
          "description": "Frequent Poster",
          "user": {
            "id": 769,
            "username": "vikash",
            "name": "Vikash Ram Mahuri",
            "avatar_template": "/user_avatar/discourse.onlinedegree.iitm.ac.in/vikash/{size}/103483_2.png",
            "primary_group_name": "ds-students",
            "flair_name": "Community-TA",
            "flair_url": "handshake-angle",
            "flair_bg_color": "717BF7",
            "flair_color": "6BEE3D",
            "flair_group_id": 89,
            "trust_level": 2
          }
        },
        {
          "extras": null,
          "description": "Frequent Poster",
          "user": {
            "id": 2346,
            "username": "Kaustav",
            "name": "Kaustav Goswami",
            "avatar_template": "/user_avatar/discourse.onlinedegree.iitm.ac.in/kaustav/{size}/111649_2.png",
            "primary_group_name": "ds-students",
            "flair_name": "ds-students",
            "flair_group_id": 294,
            "trust_level": 1
          }
        },
        {
          "extras": "latest",
          "description": "Most Recent Poster",
          "user": {
            "id": 30543,
            "username": "24f2002937",
            "name": "Aditya Shantibhushan Gondal",
            "avatar_template": "/user_avatar/discourse.onlinedegree.iitm.ac.in/24f2002937/{size}/66780_2.png",
            "primary_group_name": "ds-students",
            "flair_name": "ds-students",
            "flair_group_id": 294,
            "trust_level": 0
          }
        }
      ]
    },
    {
      "id": 130540,
      "title": "Discord Community for May 2024 batch",
      "fancy_title": "Discord Community for May 2024 batch",
      "slug": "discord-community-for-may-2024-batch",
      "posts_count": 6,
      "reply_count": 2,
      "highest_post_number": 6,
      "image_url": null,
      "created_at": "2024-06-03T16:08:20.776Z",
      "last_posted_at": "2025-05-07T12:16:33.579Z",
      "bumped": true,
      "bumped_at": "2025-05-07T12:16:33.579Z",
      "archetype": "regular",
      "unseen": false,
      "pinned": false,
      "unpinned": null,
      "visible": true,
      "closed": false,
      "archived": false,
      "bookmarked": null,
      "liked": null,
      "tags": [
        "miscellaneous"
      ],
      "tags_descriptions": {},
      "like_count": 2,
      "views": 133,
      "category_id": 44,
      "featured_link": null,
      "has_accepted_answer": false,
      "posters": [
        {
          "extras": null,
          "description": "Original Poster",
          "user": {
            "id": 30842,
            "username": "24f2001388",
            "name": "Shivam Singh ",
            "avatar_template": "/user_avatar/discourse.onlinedegree.iitm.ac.in/24f2001388/{size}/66863_2.png",
            "primary_group_name": "ds-students",
            "flair_name": "ds-students",
            "flair_group_id": 294,
            "trust_level": 0
          }
        },
        {
          "extras": null,
          "description": "Frequent Poster",
          "user": {
            "id": 31063,
            "username": "Jayesh0013",
            "name": "Jayesh Gupta ",
            "avatar_template": "/user_avatar/discourse.onlinedegree.iitm.ac.in/jayesh0013/{size}/99287_2.png",
            "primary_group_name": "ds-students",
            "flair_name": "ds-students",
            "flair_group_id": 294,
            "trust_level": 1
          }
        },
        {
          "extras": null,
          "description": "Frequent Poster",
          "user": {
            "id": 3230,
            "username": "shriaviator",
            "name": "Srinivas Chilukuri",
            "avatar_template": "https://avatars.discourse-cdn.com/v4/letter/s/59ef9b/{size}.png",
            "primary_group_name": "ds-students",
            "flair_name": "Community-TA",
            "flair_url": "handshake-angle",
            "flair_bg_color": "717BF7",
            "flair_color": "6BEE3D",
            "flair_group_id": 89,
            "trust_level": 2
          }
        },
        {
          "extras": null,
          "description": "Frequent Poster",
          "user": {
            "id": 46222,
            "username": "25f2000191",
            "name": "Tandra",
            "avatar_template": "https://avatars.discourse-cdn.com/v4/letter/2/71c47a/{size}.png",
            "primary_group_name": "ds-students",
            "flair_name": "ds-students",
            "flair_group_id": 294,
            "trust_level": 0
          }
        },
        {
          "extras": "latest",
          "description": "Most Recent Poster",
          "user": {
            "id": 26461,
            "username": "OmR",
            "name": "Om Rahade",
            "avatar_template": "/user_avatar/discourse.onlinedegree.iitm.ac.in/omr/{size}/67205_2.png",
            "primary_group_name": "ds-students",
            "flair_name": "ds-students",
            "flair_group_id": 294,
            "trust_level": 0
          }
        }
      ]
    },
    {
      "id": 127367,
      "title": "How to interact with fellow peers",
      "fancy_title": "How to interact with fellow peers",
      "slug": "how-to-interact-with-fellow-peers",
      "posts_count": 5,
      "reply_count": 2,
      "highest_post_number": 5,
      "image_url": null,
      "created_at": "2024-04-24T14:40:39.285Z",
      "last_posted_at": "2024-04-26T05:45:13.752Z",
      "bumped": true,
      "bumped_at": "2024-04-26T05:45:13.752Z",
      "archetype": "regular",
      "unseen": false,
      "pinned": false,
      "unpinned": null,
      "visible": true,
      "closed": false,
      "archived": false,
      "bookmarked": null,
      "liked": null,
      "tags": [
        "clarification"
      ],
      "tags_descriptions": {},
      "like_count": 0,
      "views": 146,
      "category_id": 75,
      "featured_link": null,
      "has_accepted_answer": false,
      "posters": [
        {
          "extras": null,
          "description": "Original Poster",
          "user": {
            "id": 27722,
            "username": "Sparshdusad",
            "name": "Sparsh Dusad",
            "avatar_template": "/user_avatar/discourse.onlinedegree.iitm.ac.in/sparshdusad/{size}/66764_2.png",
            "primary_group_name": "ds-students",
            "flair_name": "ds-students",
            "flair_group_id": 294,
            "trust_level": 1
          }
        },
        {
          "extras": null,
          "description": "Frequent Poster",
          "user": {
            "id": 25125,
            "username": "krishiv1545",
            "name": "Krishiv K.",
            "avatar_template": "/user_avatar/discourse.onlinedegree.iitm.ac.in/krishiv1545/{size}/88229_2.png",
            "primary_group_name": "ds-students",
            "flair_name": "ds-students",
            "flair_group_id": 294,
            "trust_level": 1
          }
        },
        {
          "extras": null,
          "description": "Frequent Poster",
          "user": {
            "id": 24443,
            "username": "23f3000239",
            "name": "OMKAR",
            "avatar_template": "/user_avatar/discourse.onlinedegree.iitm.ac.in/23f3000239/{size}/83780_2.png",
            "primary_group_name": "ds-students",
            "flair_name": "ds-students",
            "flair_group_id": 294,
            "trust_level": 1
          }
        },
        {
          "extras": "latest",
          "description": "Most Recent Poster",
          "user": {
            "id": 12082,
            "username": "PremKumarGupta",
            "name": "Prem Kumar Gupta ",
            "avatar_template": "https://avatars.discourse-cdn.com/v4/letter/p/b5ac83/{size}.png",
            "primary_group_name": "ds-students",
            "flair_name": "ds-students",
            "flair_group_id": 294,
            "trust_level": 1
          }
        }
      ]
    },
    {
      "id": 41985,
      "title": "Whatsapp Groups for Data Science / Machine Learning Enthusiasts",
      "fancy_title": "Whatsapp Groups for Data Science / Machine Learning Enthusiasts",
      "slug": "whatsapp-groups-for-data-science-machine-learning-enthusiasts",
      "posts_count": 11,
      "reply_count": 6,
      "highest_post_number": 11,
      "image_url": null,
      "created_at": "2022-03-25T18:25:16.987Z",
      "last_posted_at": "2022-03-30T12:58:47.417Z",
      "bumped": true,
      "bumped_at": "2022-03-30T12:58:47.417Z",
      "archetype": "regular",
      "unseen": false,
      "pinned": false,
      "unpinned": null,
      "visible": true,
      "closed": false,
      "archived": false,
      "bookmarked": null,
      "liked": null,
      "tags": [],
      "tags_descriptions": {},
      "like_count": 4,
      "views": 218,
      "category_id": 44,
      "featured_link": null,
      "has_accepted_answer": false,
      "posters": [
        {
          "extras": "latest",
          "description": "Original Poster, Most Recent Poster",
          "user": {
            "id": 7428,
            "username": "21f3001022",
            "name": "Prathamesh Ghatole",
            "avatar_template": "/user_avatar/discourse.onlinedegree.iitm.ac.in/21f3001022/{size}/253_2.png",
            "primary_group_name": "ds-students",
            "flair_name": "ds-students",
            "flair_group_id": 294,
            "trust_level": 1
          }
        },
        {
          "extras": null,
          "description": "Frequent Poster",
          "user": {
            "id": 8407,
            "username": "21f3002290",
            "name": "Mayank Tripathi",
            "avatar_template": "/user_avatar/discourse.onlinedegree.iitm.ac.in/21f3002290/{size}/25197_2.png",
            "primary_group_name": "ds-students",
            "flair_name": "ds-students",
            "flair_group_id": 294,
            "trust_level": 1
          }
        },
        {
          "extras": null,
          "description": "Frequent Poster",
          "user": {
            "id": 11292,
            "username": "Rishi",
            "name": "RISHI SHARMA",
            "avatar_template": "/user_avatar/discourse.onlinedegree.iitm.ac.in/rishi/{size}/13959_2.png",
            "primary_group_name": "ds-students",
            "flair_name": "ds-students",
            "flair_group_id": 294,
            "trust_level": 0
          }
        },
        {
          "extras": null,
          "description": "Frequent Poster",
          "user": {
            "id": 1483,
            "username": "Jdangi",
            "name": "Jagdish Dangi",
            "avatar_template": "/user_avatar/discourse.onlinedegree.iitm.ac.in/jdangi/{size}/4810_2.png",
            "primary_group_name": "ds-students",
            "flair_name": "ds-students",
            "flair_group_id": 294,
            "trust_level": 1
          }
        },
        {
          "extras": null,
          "description": "Frequent Poster",
          "user": {
            "id": 11705,
            "username": "gokulkannant",
            "name": "GOKUL KANNAN T",
            "avatar_template": "/user_avatar/discourse.onlinedegree.iitm.ac.in/gokulkannant/{size}/12378_2.png",
            "primary_group_name": "ds-students",
            "flair_name": "ds-students",
            "flair_group_id": 294,
            "trust_level": 1
          }
        }
      ]
    },
    {
      "id": 133459,
      "title": "Anybody ( May 2024 batch) interested to join Discord?",
      "fancy_title": "Anybody ( May 2024 batch) interested to join Discord?",
      "slug": "anybody-may-2024-batch-interested-to-join-discord",
      "posts_count": 2,
      "reply_count": 0,
      "highest_post_number": 2,
      "image_url": null,
      "created_at": "2024-06-09T13:26:58.479Z",
      "last_posted_at": "2024-06-09T16:33:18.630Z",
      "bumped": true,
      "bumped_at": "2024-06-09T16:33:18.630Z",
      "archetype": "regular",
      "unseen": false,
      "pinned": false,
      "unpinned": null,
      "visible": true,
      "closed": false,
      "archived": false,
      "bookmarked": null,
      "liked": null,
      "tags": [
        "clarification",
        "miscellaneous"
      ],
      "tags_descriptions": {},
      "like_count": 1,
      "views": 70,
      "category_id": 75,
      "featured_link": null,
      "has_accepted_answer": false,
      "posters": [
        {
          "extras": null,
          "description": "Original Poster",
          "user": {
            "id": 30705,
            "username": "24f2000980",
            "name": "Aadhinaathan Narendran",
            "avatar_template": "/user_avatar/discourse.onlinedegree.iitm.ac.in/24f2000980/{size}/110594_2.png",
            "primary_group_name": "ds-students",
            "flair_name": "ds-students",
            "flair_group_id": 294,
            "trust_level": 1
          }
        },
        {
          "extras": "latest",
          "description": "Most Recent Poster",
          "user": {
            "id": 30056,
            "username": "24f2000882",
            "name": "Arindol Sarkar",
            "avatar_template": "/user_avatar/discourse.onlinedegree.iitm.ac.in/24f2000882/{size}/100251_2.png",
            "primary_group_name": "ds-students",
            "flair_name": "ds-students",
            "flair_group_id": 294,
            "trust_level": 1
          }
        }
      ]
    }
  ],
  "summarizable": false,
  "valid_reactions": [
    "heart",
    "+1",
    "laughing",
    "open_mouth",
    "clap",
    "confetti_ball",
    "rocket",
    "-1"
  ],
  "can_vote": false,
  "vote_count": 0,
  "user_voted": false,
  "discourse_zendesk_plugin_zendesk_id": null,
  "discourse_zendesk_plugin_zendesk_url": "https://your-url.zendesk.com/agent/tickets/",
  "details": {
    "can_edit": false,
    "notification_level": 1,
    "can_create_post": true,
    "can_reply_as_new_topic": true,
    "can_flag_topic": true,
    "participants": [
      {
        "id": 20099,
        "username": "RishabhSehgal",
        "name": "Rishabh",
        "avatar_template": "https://avatars.discourse-cdn.com/v4/letter/r/c6cbf5/{size}.png",
        "post_count": 1,
        "primary_group_name": "ds-students",
        "flair_name": "ds-students",
        "flair_url": null,
        "flair_color": "",
        "flair_bg_color": "",
        "flair_group_id": 294,
        "trust_level": 0
      },
      {
        "id": 15828,
        "username": "ADI_1792",
        "name": "ADITYA SIDDHARTH JYOTI",
        "avatar_template": "/user_avatar/discourse.onlinedegree.iitm.ac.in/adi_1792/{size}/70618_2.png",
        "post_count": 1,
        "primary_group_name": "ds-students",
        "flair_name": "ds-students",
        "flair_url": null,
        "flair_color": "",
        "flair_bg_color": "",
        "flair_group_id": 294,
        "trust_level": 1
      },
      {
        "id": 22540,
        "username": "23f2005121",
        "name": "Azhaan Pary",
        "avatar_template": "/user_avatar/discourse.onlinedegree.iitm.ac.in/23f2005121/{size}/67277_2.png",
        "post_count": 1,
        "primary_group_name": "ds-students",
        "flair_name": "ds-students",
        "flair_url": null,
        "flair_color": "",
        "flair_bg_color": "",
        "flair_group_id": 294,
        "trust_level": 1
      },
      {
        "id": 17862,
        "username": "23f2000237",
        "name": "Sakthivel S",
        "avatar_template": "/user_avatar/discourse.onlinedegree.iitm.ac.in/23f2000237/{size}/66999_2.png",
        "post_count": 1,
        "primary_group_name": "ds-students",
        "flair_name": "ds-students",
        "flair_url": null,
        "flair_color": "",
        "flair_bg_color": "",
        "flair_group_id": 294,
        "trust_level": 1
      }
    ],
    "created_by": {
      "id": 20099,
      "username": "RishabhSehgal",
      "name": "Rishabh",
      "avatar_template": "https://avatars.discourse-cdn.com/v4/letter/r/c6cbf5/{size}.png"
    },
    "last_poster": {
      "id": 22540,
      "username": "23f2005121",
      "name": "Azhaan Pary",
      "avatar_template": "/user_avatar/discourse.onlinedegree.iitm.ac.in/23f2005121/{size}/67277_2.png"
    },
    "links": [
      {
        "url": "https://acegrade.in",
        "title": null,
        "internal": false,
        "attachment": false,
        "reflection": false,
        "clicks": 10,
        "user_id": 15828,
        "domain": "acegrade.in",
        "root_domain": "acegrade.in"
      }
    ]
  },
  "pending_posts": [],
  "bookmarks": []
}