{
  "post_stream": {
    "posts": [
      {
        "id": 613779,
        "name": "Aryan Singh",
        "username": "Aryxn",
        "avatar_template": "https://avatars.discourse-cdn.com/v4/letter/a/9d8465/{size}.png",
        "created_at": "2025-03-31T07:27:12.763Z",
        "cooked": "<p>Hello everyone,</p>\n<p>I have completed a working project of P2, but I want to test it out with actual questions from the GA’s. Is there anyone that can provide with sample question structure, or 1 or 2 questions as a form of ‘test cases’ so that we can try and fix our project?</p>\n<p>Thank you very much in advance<br>\nAryan Singh</p>",
        "post_number": 1,
        "post_type": 1,
        "posts_count": 2,
        "updated_at": "2025-04-11T09:53:48.994Z",
        "reply_count": 0,
        "reply_to_post_number": null,
        "quote_count": 0,
        "incoming_link_count": 0,
        "reads": 61,
        "readers_count": 60,
        "score": 26.6,
        "yours": false,
        "topic_id": 171422,
        "topic_slug": "project-2-how-to-test-questions-from-the-gas",
        "display_username": "Aryan Singh",
        "primary_group_name": "ds-students",
        "flair_name": "ds-students",
        "flair_url": null,
        "flair_bg_color": "",
        "flair_color": "",
        "flair_group_id": 294,
        "badges_granted": [],
        "version": 2,
        "can_edit": false,
        "can_delete": false,
        "can_recover": false,
        "can_see_hidden_post": false,
        "can_wiki": false,
        "read": false,
        "user_title": null,
        "bookmarked": false,
        "actions_summary": [
          {
            "id": 2,
            "count": 1,
            "can_act": true
          },
          {
            "id": 6,
            "can_act": true
          },
          {
            "id": 3,
            "can_act": true
          },
          {
            "id": 4,
            "can_act": true
          },
          {
            "id": 8,
            "can_act": true
          },
          {
            "id": 10,
            "can_act": true
          },
          {
            "id": 7,
            "can_act": true
          }
        ],
        "moderator": false,
        "admin": false,
        "staff": false,
        "user_id": 3146,
        "hidden": false,
        "trust_level": 1,
        "deleted_at": null,
        "user_deleted": false,
        "edit_reason": null,
        "can_view_edit_history": true,
        "wiki": false,
        "post_url": "/t/project-2-how-to-test-questions-from-the-gas/171422/1",
        "user_cakedate": "2021-05-02",
        "reactions": [
          {
            "id": "heart",
            "type": "emoji",
            "count": 1
          }
        ],
        "current_user_reaction": null,
        "reaction_users_count": 1,
        "current_user_used_main_reaction": false,
        "can_accept_answer": false,
        "can_unaccept_answer": false,
        "accepted_answer": false,
        "topic_accepted_answer": null,
        "can_vote": false
      },
      {
        "id": 614152,
        "name": "Ritwik Trivedi",
        "username": "22f1000120",
        "avatar_template": "https://avatars.discourse-cdn.com/v4/letter/2/85f322/{size}.png",
        "created_at": "2025-04-01T08:53:28.252Z",
        "cooked": "<p>You can do a curl post request or use something like Thunderclient or Postman. If you used fastapi then in the /docs path of your link you will find the open API user interface which you can also use for testing.</p>",
        "post_number": 2,
        "post_type": 1,
        "posts_count": 2,
        "updated_at": "2025-04-01T08:53:28.252Z",
        "reply_count": 0,
        "reply_to_post_number": null,
        "quote_count": 0,
        "incoming_link_count": 0,
        "reads": 29,
        "readers_count": 28,
        "score": 5.2,
        "yours": false,
        "topic_id": 171422,
        "topic_slug": "project-2-how-to-test-questions-from-the-gas",
        "display_username": "Ritwik Trivedi",
        "primary_group_name": "ds-students",
        "flair_name": "ds-students",
        "flair_url": null,
        "flair_bg_color": "",
        "flair_color": "",
        "flair_group_id": 294,
        "badges_granted": [],
        "version": 1,
        "can_edit": false,
        "can_delete": false,
        "can_recover": false,
        "can_see_hidden_post": false,
        "can_wiki": false,
        "read": false,
        "user_title": null,
        "bookmarked": false,
        "actions_summary": [
          {
            "id": 2,
            "can_act": true
          },
          {
            "id": 6,
            "can_act": true
          },
          {
            "id": 3,
            "can_act": true
          },
          {
            "id": 4,
            "can_act": true
          },
          {
            "id": 8,
            "can_act": true
          },
          {
            "id": 10,
            "can_act": true
          },
          {
            "id": 7,
            "can_act": true
          }
        ],
        "moderator": false,
        "admin": false,
        "staff": false,
        "user_id": 8725,
        "hidden": false,
        "trust_level": 1,
        "deleted_at": null,
        "user_deleted": false,
        "edit_reason": null,
        "can_view_edit_history": true,
        "wiki": false,
        "post_url": "/t/project-2-how-to-test-questions-from-the-gas/171422/2",
        "user_cakedate": "2021-12-30",
        "reactions": [],
        "current_user_reaction": null,
        "reaction_users_count": 0,
        "current_user_used_main_reaction": false,
        "can_accept_answer": false,
        "can_unaccept_answer": false,
        "accepted_answer": false,
        "topic_accepted_answer": null
      }
    ],
    "stream": [
      613779,
      614152
    ]
  },
  "timeline_lookup": [
    [
      1,
      61
    ],
    [
      2,
      60
    ]
  ],
  "suggested_topics": [
    {
      "id": 173524,
      "title": "GA1 - Development Tools - Discussion Thread [TDS May 2025]",
      "fancy_title": "GA1 - Development Tools - Discussion Thread [TDS May 2025]",
      "slug": "ga1-development-tools-discussion-thread-tds-may-2025",
      "posts_count": 80,
      "reply_count": 51,
      "highest_post_number": 85,
      "image_url": null,
      "created_at": "2025-05-01T11:39:00.734Z",
      "last_posted_at": "2025-05-31T15:34:18.368Z",
      "bumped": true,
      "bumped_at": "2025-05-31T15:34:18.368Z",
      "archetype": "regular",
      "unseen": false,
      "last_read_post_number": 82,
      "unread": 0,
      "new_posts": 3,
      "unread_posts": 3,
      "pinned": false,
      "unpinned": null,
      "visible": true,
      "closed": false,
      "archived": false,
      "notification_level": 2,
      "bookmarked": false,
      "liked": false,
      "tags": [
        "term2-2025",
        "graded-assignment"
      ],
      "tags_descriptions": {},
      "like_count": 25,
      "views": 1155,
      "category_id": 34,
      "featured_link": null,
      "has_accepted_answer": false,
      "posters": [
        {
          "extras": null,
          "description": "Original Poster",
          "user": {
            "id": 9419,
            "username": "s.anand",
            "name": "Anand S",
            "avatar_template": "/user_avatar/discourse.onlinedegree.iitm.ac.in/s.anand/{size}/15264_2.png",
            "primary_group_name": "faculty",
            "flair_name": "faculty",
            "flair_url": "chalkboard-user",
            "flair_bg_color": "f2c26e",
            "flair_color": "000",
            "flair_group_id": 54,
            "trust_level": 4
          }
        },
        {
          "extras": null,
          "description": "Frequent Poster",
          "user": {
            "id": 22472,
            "username": "Advaith52",
            "name": "Advaith Sanil Kumar",
            "avatar_template": "/user_avatar/discourse.onlinedegree.iitm.ac.in/advaith52/{size}/67172_2.png",
            "primary_group_name": "ds-students",
            "flair_name": "ds-students",
            "flair_group_id": 294,
            "trust_level": 1
          }
        },
        {
          "extras": null,
          "description": "Frequent Poster",
          "user": {
            "id": 16094,
            "username": "carlton",
            "name": "Carlton D'Silva",
            "avatar_template": "/user_avatar/discourse.onlinedegree.iitm.ac.in/carlton/{size}/56317_2.png",
            "primary_group_name": "ds-students",
            "flair_name": "ds-students",
            "flair_group_id": 294,
            "trust_level": 3
          }
        },
        {
          "extras": null,
          "description": "Frequent Poster",
          "user": {
            "id": 15658,
            "username": "HritikRoshan_HRM",
            "name": "HRITIK ROSHAN MAURYA",
            "avatar_template": "/user_avatar/discourse.onlinedegree.iitm.ac.in/hritikroshan_hrm/{size}/66975_2.png",
            "primary_group_name": "ds-students",
            "flair_name": "ds-students",
            "flair_group_id": 294,
            "trust_level": 1
          }
        },
        {
          "extras": "latest",
          "description": "Most Recent Poster",
          "user": {
            "id": 12914,
            "username": "iAnimeshS",
            "name": "Animesh",
            "avatar_template": "/user_avatar/discourse.onlinedegree.iitm.ac.in/ianimeshs/{size}/12415_2.png",
            "primary_group_name": "ds-students",
            "flair_name": "ds-students",
            "flair_group_id": 294,
            "trust_level": 1
          }
        }
      ]
    },
    {
      "id": 176789,
      "title": "Vercel deployement error",
      "fancy_title": "Vercel deployement error",
      "slug": "vercel-deployement-error",
      "posts_count": 1,
      "reply_count": 0,
      "highest_post_number": 1,
      "image_url": null,
      "created_at": "2025-05-31T11:55:22.507Z",
      "last_posted_at": "2025-05-31T11:55:22.708Z",
      "bumped": true,
      "bumped_at": "2025-05-31T11:55:22.708Z",
      "archetype": "regular",
      "unseen": true,
      "pinned": false,
      "unpinned": null,
      "visible": true,
      "closed": false,
      "archived": false,
      "bookmarked": null,
      "liked": null,
      "tags": [
        "diploma-level",
        "term2-2025"
      ],
      "tags_descriptions": {},
      "like_count": 0,
      "views": 9,
      "category_id": 34,
      "featured_link": null,
      "has_accepted_answer": false,
      "posters": [
        {
          "extras": "latest single",
          "description": "Original Poster, Most Recent Poster",
          "user": {
            "id": 25506,
            "username": "23f3003724",
            "name": "Vedika Gupta",
            "avatar_template": "/user_avatar/discourse.onlinedegree.iitm.ac.in/23f3003724/{size}/68806_2.png",
            "primary_group_name": "ds-students",
            "flair_name": "ds-students",
            "flair_group_id": 294,
            "trust_level": 1
          }
        }
      ]
    }
  ],
  "tags": [
    "clarification",
    "term1-2025"
  ],
  "tags_descriptions": {},
  "id": 171422,
  "title": "Project 2: How to test questions from the GA's",
  "fancy_title": "Project 2: How to test questions from the GA&rsquo;s",
  "posts_count": 2,
  "created_at": "2025-03-31T07:27:12.502Z",
  "views": 75,
  "reply_count": 0,
  "like_count": 1,
  "last_posted_at": "2025-04-01T08:53:28.252Z",
  "visible": true,
  "closed": false,
  "archived": false,
  "has_summary": false,
  "archetype": "regular",
  "slug": "project-2-how-to-test-questions-from-the-gas",
  "category_id": 34,
  "word_count": 103,
  "deleted_at": null,
  "user_id": 3146,
  "featured_link": null,
  "pinned_globally": false,
  "pinned_at": null,
  "pinned_until": null,
  "image_url": null,
  "slow_mode_seconds": 0,
  "draft": null,
  "draft_key": "topic_171422",
  "draft_sequence": 0,
  "unpinned": null,
  "pinned": false,
  "current_post_number": 1,
  "highest_post_number": 2,
  "deleted_by": null,
  "actions_summary": [
    {
      "id": 4,
      "count": 0,
      "hidden": false,
      "can_act": true
    },
    {
      "id": 8,
      "count": 0,
      "hidden": false,
      "can_act": true
    },
    {
      "id": 10,
      "count": 0,
      "hidden": false,
      "can_act": true
    },
    {
      "id": 7,
      "count": 0,
      "hidden": false,
      "can_act": true
    }
  ],
  "chunk_size": 20,
  "bookmarked": false,
  "topic_timer": null,
  "message_bus_last_id": 0,
  "participant_count": 2,
  "show_read_indicator": false,
  "thumbnails": null,
  "slow_mode_enabled_until": null,
  "tags_disable_ads": false,
  "related_topics": [
    {
      "id": 134044,
      "title": "Week 2 lecture 2.1",
      "fancy_title": "Week 2 lecture 2.1",
      "slug": "week-2-lecture-2-1",
      "posts_count": 4,
      "reply_count": 1,
      "highest_post_number": 4,
      "image_url": "https://europe1.discourse-cdn.com/flex013/uploads/iitm/optimized/3X/4/5/4550f5a29b589767089a2bc574459fb5acaaab53_2_1024x491.jpeg",
      "created_at": "2024-06-12T02:45:15.216Z",
      "last_posted_at": "2024-06-12T21:42:32.403Z",
      "bumped": true,
      "bumped_at": "2024-06-12T21:42:32.403Z",
      "archetype": "regular",
      "unseen": false,
      "pinned": false,
      "unpinned": null,
      "visible": true,
      "closed": false,
      "archived": false,
      "bookmarked": null,
      "liked": null,
      "tags": [
        "clarification"
      ],
      "tags_descriptions": {},
      "like_count": 5,
      "views": 44,
      "category_id": 34,
      "featured_link": null,
      "has_accepted_answer": true,
      "posters": [
        {
          "extras": null,
          "description": "Original Poster, Accepted Answer",
          "user": {
            "id": 22974,
            "username": "23ds3000194",
            "name": "Priyanka ",
            "avatar_template": "/user_avatar/discourse.onlinedegree.iitm.ac.in/23ds3000194/{size}/94704_2.png",
            "primary_group_name": "ds-students",
            "flair_name": "ds-students",
            "flair_group_id": 294,
            "trust_level": 1
          }
        },
        {
          "extras": "latest",
          "description": "Most Recent Poster",
          "user": {
            "id": 9419,
            "username": "s.anand",
            "name": "Anand S",
            "avatar_template": "/user_avatar/discourse.onlinedegree.iitm.ac.in/s.anand/{size}/15264_2.png",
            "primary_group_name": "faculty",
            "flair_name": "faculty",
            "flair_url": "chalkboard-user",
            "flair_bg_color": "f2c26e",
            "flair_color": "000",
            "flair_group_id": 54,
            "trust_level": 4
          }
        }
      ]
    },
    {
      "id": 169029,
      "title": "Project 2 - TDS Solver - Discussion Thread",
      "fancy_title": "Project 2 - TDS Solver - Discussion Thread",
      "slug": "project-2-tds-solver-discussion-thread",
      "posts_count": 690,
      "reply_count": 415,
      "highest_post_number": 715,
      "image_url": null,
      "created_at": "2025-03-03T03:42:18.928Z",
      "last_posted_at": "2025-04-25T17:08:56.564Z",
      "bumped": true,
      "bumped_at": "2025-04-25T17:08:56.564Z",
      "archetype": "regular",
      "unseen": false,
      "last_read_post_number": 591,
      "unread": 0,
      "new_posts": 0,
      "unread_posts": 0,
      "pinned": false,
      "unpinned": null,
      "visible": true,
      "closed": false,
      "archived": false,
      "notification_level": 1,
      "bookmarked": false,
      "liked": false,
      "tags": [
        "announcement",
        "term1-2025",
        "tds-project-2"
      ],
      "tags_descriptions": {},
      "like_count": 478,
      "views": 4456,
      "category_id": 34,
      "featured_link": null,
      "has_accepted_answer": false,
      "posters": [
        {
          "extras": null,
          "description": "Original Poster",
          "user": {
            "id": 9419,
            "username": "s.anand",
            "name": "Anand S",
            "avatar_template": "/user_avatar/discourse.onlinedegree.iitm.ac.in/s.anand/{size}/15264_2.png",
            "primary_group_name": "faculty",
            "flair_name": "faculty",
            "flair_url": "chalkboard-user",
            "flair_bg_color": "f2c26e",
            "flair_color": "000",
            "flair_group_id": 54,
            "trust_level": 4
          }
        },
        {
          "extras": null,
          "description": "Frequent Poster",
          "user": {
            "id": 18297,
            "username": "23f1002382",
            "name": "Andrew David",
            "avatar_template": "/user_avatar/discourse.onlinedegree.iitm.ac.in/23f1002382/{size}/68945_2.png",
            "primary_group_name": "ds-students",
            "flair_name": "ds-students",
            "flair_group_id": 294,
            "trust_level": 1
          }
        },
        {
          "extras": null,
          "description": "Frequent Poster",
          "user": {
            "id": 13078,
            "username": "Saransh_Saini",
            "name": "Saransh Saini",
            "avatar_template": "/user_avatar/discourse.onlinedegree.iitm.ac.in/saransh_saini/{size}/123495_2.png",
            "primary_group_name": "ds-students",
            "flair_name": "ds-students",
            "flair_group_id": 294,
            "trust_level": 1
          }
        },
        {
          "extras": null,
          "description": "Frequent Poster",
          "user": {
            "id": 15651,
            "username": "Jivraj",
            "name": "Jivraj Singh Shekhawat",
            "avatar_template": "https://avatars.discourse-cdn.com/v4/letter/j/b9bd4f/{size}.png",
            "primary_group_name": "ds-students",
            "flair_name": "ds-students",
            "flair_group_id": 294,
            "trust_level": 2
          }
        },
        {
          "extras": "latest",
          "description": "Most Recent Poster",
          "user": {
            "id": 35950,
            "username": "Algsoch",
            "name": "Vicky Kumar",
            "avatar_template": "/user_avatar/discourse.onlinedegree.iitm.ac.in/algsoch/{size}/111675_2.png",
            "primary_group_name": "ds-students",
            "flair_name": "ds-students",
            "flair_group_id": 294,
            "trust_level": 1
          }
        }
      ]
    },
    {
      "id": 143524,
      "title": "Official Announcement: Answer Scripts for the GAs",
      "fancy_title": "Official Announcement: Answer Scripts for the GAs",
      "slug": "official-announcement-answer-scripts-for-the-gas",
      "posts_count": 8,
      "reply_count": 4,
      "highest_post_number": 8,
      "image_url": null,
      "created_at": "2024-08-21T06:46:32.015Z",
      "last_posted_at": "2024-09-04T12:43:09.218Z",
      "bumped": true,
      "bumped_at": "2024-09-04T12:43:09.218Z",
      "archetype": "regular",
      "unseen": false,
      "last_read_post_number": 8,
      "unread": 0,
      "new_posts": 0,
      "unread_posts": 0,
      "pinned": false,
      "unpinned": null,
      "visible": true,
      "closed": false,
      "archived": false,
      "notification_level": 1,
      "bookmarked": false,
      "liked": false,
      "tags": [
        "extra-resources",
        "diploma-level"
      ],
      "tags_descriptions": {},
      "like_count": 11,
      "views": 391,
      "category_id": 34,
      "featured_link": null,
      "has_accepted_answer": false,
      "posters": [
        {
          "extras": "latest",
          "description": "Original Poster, Most Recent Poster",
          "user": {
            "id": 16094,
            "username": "carlton",
            "name": "Carlton D'Silva",
            "avatar_template": "/user_avatar/discourse.onlinedegree.iitm.ac.in/carlton/{size}/56317_2.png",
            "primary_group_name": "ds-students",
            "flair_name": "ds-students",
            "flair_group_id": 294,
            "trust_level": 3
          }
        },
        {
          "extras": null,
          "description": "Frequent Poster",
          "user": {
            "id": 3009,
            "username": "Amit1",
            "name": "Amit Kumar Gupta",
            "avatar_template": "/user_avatar/discourse.onlinedegree.iitm.ac.in/amit1/{size}/30210_2.png",
            "primary_group_name": "ds-students",
            "flair_name": "ds-students",
            "flair_group_id": 294,
            "trust_level": 1
          }
        },
        {
          "extras": null,
          "description": "Frequent Poster",
          "user": {
            "id": 703,
            "username": "hari",
            "name": "Harish",
            "avatar_template": "https://avatars.discourse-cdn.com/v4/letter/h/cdc98d/{size}.png",
            "primary_group_name": "ds-students",
            "flair_name": "ds-students",
            "flair_group_id": 294,
            "trust_level": 1
          }
        },
        {
          "extras": null,
          "description": "Frequent Poster",
          "user": {
            "id": 15826,
            "username": "iitmanupam",
            "name": "Anupam Chandra",
            "avatar_template": "/user_avatar/discourse.onlinedegree.iitm.ac.in/iitmanupam/{size}/56694_2.png",
            "primary_group_name": "ds-students",
            "flair_name": "ds-students",
            "flair_group_id": 294,
            "trust_level": 2
          }
        },
        {
          "extras": null,
          "description": "Frequent Poster",
          "user": {
            "id": 5091,
            "username": "Vijayvm",
            "name": "Vijayanandam V M",
            "avatar_template": "/user_avatar/discourse.onlinedegree.iitm.ac.in/vijayvm/{size}/93_2.png",
            "primary_group_name": "ds-students",
            "flair_name": "ds-students",
            "flair_group_id": 294,
            "trust_level": 1
          }
        }
      ]
    },
    {
      "id": 173524,
      "title": "GA1 - Development Tools - Discussion Thread [TDS May 2025]",
      "fancy_title": "GA1 - Development Tools - Discussion Thread [TDS May 2025]",
      "slug": "ga1-development-tools-discussion-thread-tds-may-2025",
      "posts_count": 80,
      "reply_count": 51,
      "highest_post_number": 85,
      "image_url": null,
      "created_at": "2025-05-01T11:39:00.734Z",
      "last_posted_at": "2025-05-31T15:34:18.368Z",
      "bumped": true,
      "bumped_at": "2025-05-31T15:34:18.368Z",
      "archetype": "regular",
      "unseen": false,
      "last_read_post_number": 82,
      "unread": 0,
      "new_posts": 3,
      "unread_posts": 3,
      "pinned": false,
      "unpinned": null,
      "visible": true,
      "closed": false,
      "archived": false,
      "notification_level": 2,
      "bookmarked": false,
      "liked": false,
      "tags": [
        "term2-2025",
        "graded-assignment"
      ],
      "tags_descriptions": {},
      "like_count": 25,
      "views": 1155,
      "category_id": 34,
      "featured_link": null,
      "has_accepted_answer": false,
      "posters": [
        {
          "extras": null,
          "description": "Original Poster",
          "user": {
            "id": 9419,
            "username": "s.anand",
            "name": "Anand S",
            "avatar_template": "/user_avatar/discourse.onlinedegree.iitm.ac.in/s.anand/{size}/15264_2.png",
            "primary_group_name": "faculty",
            "flair_name": "faculty",
            "flair_url": "chalkboard-user",
            "flair_bg_color": "f2c26e",
            "flair_color": "000",
            "flair_group_id": 54,
            "trust_level": 4
          }
        },
        {
          "extras": null,
          "description": "Frequent Poster",
          "user": {
            "id": 22472,
            "username": "Advaith52",
            "name": "Advaith Sanil Kumar",
            "avatar_template": "/user_avatar/discourse.onlinedegree.iitm.ac.in/advaith52/{size}/67172_2.png",
            "primary_group_name": "ds-students",
            "flair_name": "ds-students",
            "flair_group_id": 294,
            "trust_level": 1
          }
        },
        {
          "extras": null,
          "description": "Frequent Poster",
          "user": {
            "id": 16094,
            "username": "carlton",
            "name": "Carlton D'Silva",
            "avatar_template": "/user_avatar/discourse.onlinedegree.iitm.ac.in/carlton/{size}/56317_2.png",
            "primary_group_name": "ds-students",
            "flair_name": "ds-students",
            "flair_group_id": 294,
            "trust_level": 3
          }
        },
        {
          "extras": null,
          "description": "Frequent Poster",
          "user": {
            "id": 15658,
            "username": "HritikRoshan_HRM",
            "name": "HRITIK ROSHAN MAURYA",
            "avatar_template": "/user_avatar/discourse.onlinedegree.iitm.ac.in/hritikroshan_hrm/{size}/66975_2.png",
            "primary_group_name": "ds-students",
            "flair_name": "ds-students",
            "flair_group_id": 294,
            "trust_level": 1
          }
        },
        {
          "extras": "latest",
          "description": "Most Recent Poster",
          "user": {
            "id": 12914,
            "username": "iAnimeshS",
            "name": "Animesh",
            "avatar_template": "/user_avatar/discourse.onlinedegree.iitm.ac.in/ianimeshs/{size}/12415_2.png",
            "primary_group_name": "ds-students",
            "flair_name": "ds-students",
            "flair_group_id": 294,
            "trust_level": 1
          }
        }
      ]
    },
    {
      "id": 157843,
      "title": "Project 2 Discussion Thread [Sep 2024 Term]",
      "fancy_title": "Project 2 Discussion Thread [Sep 2024 Term]",
      "slug": "project-2-discussion-thread-sep-2024-term",
      "posts_count": 449,
      "reply_count": 317,
      "highest_post_number": 480,
      "image_url": null,
      "created_at": "2024-12-02T09:46:58.902Z",
      "last_posted_at": "2024-12-27T06:01:48.107Z",
      "bumped": true,
      "bumped_at": "2024-12-27T06:01:48.107Z",
      "archetype": "regular",
      "unseen": false,
      "last_read_post_number": 1,
      "unread": 0,
      "new_posts": 0,
      "unread_posts": 0,
      "pinned": false,
      "unpinned": null,
      "visible": true,
      "closed": false,
      "archived": false,
      "notification_level": 1,
      "bookmarked": false,
      "liked": false,
      "tags": [
        "announcement"
      ],
      "tags_descriptions": {},
      "like_count": 152,
      "views": 4252,
      "category_id": 34,
      "featured_link": null,
      "has_accepted_answer": false,
      "posters": [
        {
          "extras": null,
          "description": "Original Poster",
          "user": {
            "id": 9419,
            "username": "s.anand",
            "name": "Anand S",
            "avatar_template": "/user_avatar/discourse.onlinedegree.iitm.ac.in/s.anand/{size}/15264_2.png",
            "primary_group_name": "faculty",
            "flair_name": "faculty",
            "flair_url": "chalkboard-user",
            "flair_bg_color": "f2c26e",
            "flair_color": "000",
            "flair_group_id": 54,
            "trust_level": 4
          }
        },
        {
          "extras": null,
          "description": "Frequent Poster",
          "user": {
            "id": 16094,
            "username": "carlton",
            "name": "Carlton D'Silva",
            "avatar_template": "/user_avatar/discourse.onlinedegree.iitm.ac.in/carlton/{size}/56317_2.png",
            "primary_group_name": "ds-students",
            "flair_name": "ds-students",
            "flair_group_id": 294,
            "trust_level": 3
          }
        },
        {
          "extras": null,
          "description": "Frequent Poster",
          "user": {
            "id": 16762,
            "username": "22f3003031",
            "name": "Sid",
            "avatar_template": "/user_avatar/discourse.onlinedegree.iitm.ac.in/22f3003031/{size}/94910_2.png",
            "primary_group_name": "ds-students",
            "flair_name": "ds-students",
            "flair_group_id": 294,
            "trust_level": 1
          }
        },
        {
          "extras": null,
          "description": "Frequent Poster",
          "user": {
            "id": 20690,
            "username": "23f2003124",
            "name": "Yash Maheshwari ",
            "avatar_template": "/user_avatar/discourse.onlinedegree.iitm.ac.in/23f2003124/{size}/66911_2.png",
            "primary_group_name": "ds-students",
            "flair_name": "ds-students",
            "flair_group_id": 294,
            "trust_level": 1
          }
        },
        {
          "extras": "latest",
          "description": "Most Recent Poster",
          "user": {
            "id": 3536,
            "username": "Che_ChinnarajC",
            "name": "Chinnaraja",
            "avatar_template": "/user_avatar/discourse.onlinedegree.iitm.ac.in/che_chinnarajc/{size}/322_2.png",
            "primary_group_name": "ds-students",
            "flair_name": "ds-students",
            "flair_group_id": 294,
            "trust_level": 1
          }
        }
      ]
    }
  ],
  "summarizable": false,
  "valid_reactions": [
    "heart",
    "+1",
    "laughing",
    "open_mouth",
    "clap",
    "confetti_ball",
    "rocket",
    "-1"
  ],
  "can_vote": false,
  "vote_count": 0,
  "user_voted": false,
  "discourse_zendesk_plugin_zendesk_id": null,
  "discourse_zendesk_plugin_zendesk_url": "https://your-url.zendesk.com/agent/tickets/",
  "details": {
    "can_edit": false,
    "notification_level": 1,
    "can_create_post": true,
    "can_reply_as_new_topic": true,
    "can_flag_topic": true,
    "participants": [
      {
        "id": 8725,
        "username": "22f1000120",
        "name": "Ritwik Trivedi",
        "avatar_template": "https://avatars.discourse-cdn.com/v4/letter/2/85f322/{size}.png",
        "post_count": 1,
        "primary_group_name": "ds-students",
        "flair_name": "ds-students",
        "flair_url": null,
        "flair_color": "",
        "flair_bg_color": "",
        "flair_group_id": 294,
        "trust_level": 1
      },
      {
        "id": 3146,
        "username": "Aryxn",
        "name": "Aryan Singh",
        "avatar_template": "https://avatars.discourse-cdn.com/v4/letter/a/9d8465/{size}.png",
        "post_count": 1,
        "primary_group_name": "ds-students",
        "flair_name": "ds-students",
        "flair_url": null,
        "flair_color": "",
        "flair_bg_color": "",
        "flair_group_id": 294,
        "trust_level": 1
      }
    ],
    "created_by": {
      "id": 3146,
      "username": "Aryxn",
      "name": "Aryan Singh",
      "avatar_template": "https://avatars.discourse-cdn.com/v4/letter/a/9d8465/{size}.png"
    },
    "last_poster": {
      "id": 8725,
      "username": "22f1000120",
      "name": "Ritwik Trivedi",
      "avatar_template": "https://avatars.discourse-cdn.com/v4/letter/2/85f322/{size}.png"
    }
  },
  "pending_posts": [],
  "bookmarks": []
}