{
  "post_stream": {
    "posts": [
      {
        "id": 586556,
        "name": "Chitrakshi Sawant",
        "username": "cshetty",
        "avatar_template": "/user_avatar/discourse.onlinedegree.iitm.ac.in/cshetty/{size}/33340_2.png",
        "created_at": "2025-01-27T05:03:26.651Z",
        "cooked": "<p>I cannot find the questions of GA1 since the submission date has passed, can you help me</p>",
        "post_number": 1,
        "post_type": 1,
        "posts_count": 2,
        "updated_at": "2025-02-07T12:26:59.093Z",
        "reply_count": 0,
        "reply_to_post_number": null,
        "quote_count": 0,
        "incoming_link_count": 0,
        "reads": 37,
        "readers_count": 36,
        "score": 6.6,
        "yours": false,
        "topic_id": 165416,
        "topic_slug": "where-can-i-find-the-tds-ga1-after-the-submission-date-has-passed",
        "display_username": "Chitrakshi Sawant",
        "primary_group_name": "ds-students",
        "flair_name": "ds-students",
        "flair_url": null,
        "flair_bg_color": "",
        "flair_color": "",
        "flair_group_id": 294,
        "badges_granted": [],
        "version": 2,
        "can_edit": false,
        "can_delete": false,
        "can_recover": false,
        "can_see_hidden_post": false,
        "can_wiki": false,
        "read": false,
        "user_title": null,
        "bookmarked": false,
        "actions_summary": [
          {
            "id": 2,
            "can_act": true
          },
          {
            "id": 6,
            "can_act": true
          },
          {
            "id": 3,
            "can_act": true
          },
          {
            "id": 4,
            "can_act": true
          },
          {
            "id": 8,
            "can_act": true
          },
          {
            "id": 10,
            "can_act": true
          },
          {
            "id": 7,
            "can_act": true
          }
        ],
        "moderator": false,
        "admin": false,
        "staff": false,
        "user_id": 13105,
        "hidden": false,
        "trust_level": 1,
        "deleted_at": null,
        "user_deleted": false,
        "edit_reason": null,
        "can_view_edit_history": true,
        "wiki": false,
        "post_url": "/t/where-can-i-find-the-tds-ga1-after-the-submission-date-has-passed/165416/1",
        "user_cakedate": "2022-05-03",
        "reactions": [],
        "current_user_reaction": null,
        "reaction_users_count": 0,
        "current_user_used_main_reaction": false,
        "can_accept_answer": false,
        "can_unaccept_answer": false,
        "accepted_answer": false,
        "topic_accepted_answer": null,
        "can_vote": false
      },
      {
        "id": 591724,
        "name": "Srinivas Chilukuri",
        "username": "shriaviator",
        "avatar_template": "https://avatars.discourse-cdn.com/v4/letter/s/59ef9b/{size}.png",
        "created_at": "2025-02-07T12:27:11.389Z",
        "cooked": "<p><a class=\"mention\" href=\"/u/cshetty\">@cshetty</a><br>\nTopic moved to the appropriate category in order to get faster responses.</p>\n<p><strong>Please make it easier for others to help you, by ensuring that topics are created in the correct categories.</strong></p>",
        "post_number": 3,
        "post_type": 1,
        "posts_count": 2,
        "updated_at": "2025-02-07T12:27:11.389Z",
        "reply_count": 0,
        "reply_to_post_number": null,
        "quote_count": 0,
        "incoming_link_count": 0,
        "reads": 10,
        "readers_count": 9,
        "score": 1.4,
        "yours": false,
        "topic_id": 165416,
        "topic_slug": "where-can-i-find-the-tds-ga1-after-the-submission-date-has-passed",
        "display_username": "Srinivas Chilukuri",
        "primary_group_name": "ds-students",
        "flair_name": "Community-TA",
        "flair_url": "handshake-angle",
        "flair_bg_color": "717BF7",
        "flair_color": "6BEE3D",
        "flair_group_id": 89,
        "badges_granted": [],
        "version": 1,
        "can_edit": false,
        "can_delete": false,
        "can_recover": false,
        "can_see_hidden_post": false,
        "can_wiki": false,
        "read": false,
        "user_title": "Community-TA",
        "title_is_group": false,
        "bookmarked": false,
        "actions_summary": [
          {
            "id": 2,
            "can_act": true
          },
          {
            "id": 6,
            "can_act": true
          },
          {
            "id": 3,
            "can_act": true
          },
          {
            "id": 4,
            "can_act": true
          },
          {
            "id": 8,
            "can_act": true
          },
          {
            "id": 10,
            "can_act": true
          },
          {
            "id": 7,
            "can_act": true
          }
        ],
        "moderator": false,
        "admin": false,
        "staff": false,
        "group_moderator": true,
        "user_id": 3230,
        "hidden": false,
        "trust_level": 2,
        "deleted_at": null,
        "user_deleted": false,
        "edit_reason": null,
        "can_view_edit_history": true,
        "wiki": false,
        "post_url": "/t/where-can-i-find-the-tds-ga1-after-the-submission-date-has-passed/165416/3",
        "user_cakedate": "2021-05-03",
        "user_birthdate": "1904-04-05",
        "reactions": [],
        "current_user_reaction": null,
        "reaction_users_count": 0,
        "current_user_used_main_reaction": false,
        "can_accept_answer": false,
        "can_unaccept_answer": false,
        "accepted_answer": false,
        "topic_accepted_answer": null
      }
    ],
    "stream": [
      586556,
      591724
    ]
  },
  "timeline_lookup": [
    [
      1,
      124
    ],
    [
      2,
      113
    ]
  ],
  "suggested_topics": [
    {
      "id": 173524,
      "title": "GA1 - Development Tools - Discussion Thread [TDS May 2025]",
      "fancy_title": "GA1 - Development Tools - Discussion Thread [TDS May 2025]",
      "slug": "ga1-development-tools-discussion-thread-tds-may-2025",
      "posts_count": 80,
      "reply_count": 51,
      "highest_post_number": 85,
      "image_url": null,
      "created_at": "2025-05-01T11:39:00.734Z",
      "last_posted_at": "2025-05-31T15:34:18.368Z",
      "bumped": true,
      "bumped_at": "2025-05-31T15:34:18.368Z",
      "archetype": "regular",
      "unseen": false,
      "last_read_post_number": 82,
      "unread": 0,
      "new_posts": 3,
      "unread_posts": 3,
      "pinned": false,
      "unpinned": null,
      "visible": true,
      "closed": false,
      "archived": false,
      "notification_level": 2,
      "bookmarked": false,
      "liked": false,
      "tags": [
        "term2-2025",
        "graded-assignment"
      ],
      "tags_descriptions": {},
      "like_count": 25,
      "views": 1155,
      "category_id": 34,
      "featured_link": null,
      "has_accepted_answer": false,
      "posters": [
        {
          "extras": null,
          "description": "Original Poster",
          "user": {
            "id": 9419,
            "username": "s.anand",
            "name": "Anand S",
            "avatar_template": "/user_avatar/discourse.onlinedegree.iitm.ac.in/s.anand/{size}/15264_2.png",
            "primary_group_name": "faculty",
            "flair_name": "faculty",
            "flair_url": "chalkboard-user",
            "flair_bg_color": "f2c26e",
            "flair_color": "000",
            "flair_group_id": 54,
            "trust_level": 4
          }
        },
        {
          "extras": null,
          "description": "Frequent Poster",
          "user": {
            "id": 22472,
            "username": "Advaith52",
            "name": "Advaith Sanil Kumar",
            "avatar_template": "/user_avatar/discourse.onlinedegree.iitm.ac.in/advaith52/{size}/67172_2.png",
            "primary_group_name": "ds-students",
            "flair_name": "ds-students",
            "flair_group_id": 294,
            "trust_level": 1
          }
        },
        {
          "extras": null,
          "description": "Frequent Poster",
          "user": {
            "id": 16094,
            "username": "carlton",
            "name": "Carlton D'Silva",
            "avatar_template": "/user_avatar/discourse.onlinedegree.iitm.ac.in/carlton/{size}/56317_2.png",
            "primary_group_name": "ds-students",
            "flair_name": "ds-students",
            "flair_group_id": 294,
            "trust_level": 3
          }
        },
        {
          "extras": null,
          "description": "Frequent Poster",
          "user": {
            "id": 15658,
            "username": "HritikRoshan_HRM",
            "name": "HRITIK ROSHAN MAURYA",
            "avatar_template": "/user_avatar/discourse.onlinedegree.iitm.ac.in/hritikroshan_hrm/{size}/66975_2.png",
            "primary_group_name": "ds-students",
            "flair_name": "ds-students",
            "flair_group_id": 294,
            "trust_level": 1
          }
        },
        {
          "extras": "latest",
          "description": "Most Recent Poster",
          "user": {
            "id": 12914,
            "username": "iAnimeshS",
            "name": "Animesh",
            "avatar_template": "/user_avatar/discourse.onlinedegree.iitm.ac.in/ianimeshs/{size}/12415_2.png",
            "primary_group_name": "ds-students",
            "flair_name": "ds-students",
            "flair_group_id": 294,
            "trust_level": 1
          }
        }
      ]
    },
    {
      "id": 176789,
      "title": "Vercel deployement error",
      "fancy_title": "Vercel deployement error",
      "slug": "vercel-deployement-error",
      "posts_count": 1,
      "reply_count": 0,
      "highest_post_number": 1,
      "image_url": null,
      "created_at": "2025-05-31T11:55:22.507Z",
      "last_posted_at": "2025-05-31T11:55:22.708Z",
      "bumped": true,
      "bumped_at": "2025-05-31T11:55:22.708Z",
      "archetype": "regular",
      "unseen": true,
      "pinned": false,
      "unpinned": null,
      "visible": true,
      "closed": false,
      "archived": false,
      "bookmarked": null,
      "liked": null,
      "tags": [
        "diploma-level",
        "term2-2025"
      ],
      "tags_descriptions": {},
      "like_count": 0,
      "views": 9,
      "category_id": 34,
      "featured_link": null,
      "has_accepted_answer": false,
      "posters": [
        {
          "extras": "latest single",
          "description": "Original Poster, Most Recent Poster",
          "user": {
            "id": 25506,
            "username": "23f3003724",
            "name": "Vedika Gupta",
            "avatar_template": "/user_avatar/discourse.onlinedegree.iitm.ac.in/23f3003724/{size}/68806_2.png",
            "primary_group_name": "ds-students",
            "flair_name": "ds-students",
            "flair_group_id": 294,
            "trust_level": 1
          }
        }
      ]
    }
  ],
  "tags": [
    "clarification",
    "diploma-level"
  ],
  "tags_descriptions": {},
  "id": 165416,
  "title": "Where can i find the TDS GA1 after the submission date has passed?",
  "fancy_title": "Where can i find the TDS GA1 after the submission date has passed?",
  "posts_count": 2,
  "created_at": "2025-01-27T05:03:26.563Z",
  "views": 39,
  "reply_count": 0,
  "like_count": 0,
  "last_posted_at": "2025-02-07T12:27:11.389Z",
  "visible": true,
  "closed": false,
  "archived": false,
  "has_summary": false,
  "archetype": "regular",
  "slug": "where-can-i-find-the-tds-ga1-after-the-submission-date-has-passed",
  "category_id": 34,
  "word_count": 49,
  "deleted_at": null,
  "user_id": 13105,
  "featured_link": null,
  "pinned_globally": false,
  "pinned_at": null,
  "pinned_until": null,
  "image_url": null,
  "slow_mode_seconds": 0,
  "draft": null,
  "draft_key": "topic_165416",
  "draft_sequence": 0,
  "unpinned": null,
  "pinned": false,
  "current_post_number": 1,
  "highest_post_number": 3,
  "deleted_by": null,
  "actions_summary": [
    {
      "id": 4,
      "count": 0,
      "hidden": false,
      "can_act": true
    },
    {
      "id": 8,
      "count": 0,
      "hidden": false,
      "can_act": true
    },
    {
      "id": 10,
      "count": 0,
      "hidden": false,
      "can_act": true
    },
    {
      "id": 7,
      "count": 0,
      "hidden": false,
      "can_act": true
    }
  ],
  "chunk_size": 20,
  "bookmarked": false,
  "topic_timer": null,
  "message_bus_last_id": 0,
  "participant_count": 2,
  "show_read_indicator": false,
  "thumbnails": null,
  "slow_mode_enabled_until": null,
  "tags_disable_ads": false,
  "related_topics": [
    {
      "id": 165433,
      "title": "Questions closed (GA)",
      "fancy_title": "Questions closed (GA)",
      "slug": "questions-closed-ga",
      "posts_count": 7,
      "reply_count": 2,
      "highest_post_number": 7,
      "image_url": null,
      "created_at": "2025-01-27T07:08:48.980Z",
      "last_posted_at": "2025-02-07T07:36:00.899Z",
      "bumped": true,
      "bumped_at": "2025-02-07T07:36:00.899Z",
      "archetype": "regular",
      "unseen": false,
      "pinned": false,
      "unpinned": null,
      "visible": true,
      "closed": false,
      "archived": false,
      "bookmarked": null,
      "liked": null,
      "tags": [
        "miscellaneous",
        "operational",
        "diploma-level",
        "tds"
      ],
      "tags_descriptions": {},
      "like_count": 10,
      "views": 79,
      "category_id": 34,
      "featured_link": null,
      "has_accepted_answer": true,
      "posters": [
        {
          "extras": "latest",
          "description": "Original Poster, Most Recent Poster",
          "user": {
            "id": 13976,
            "username": "22f2000559",
            "name": "Anushka Kumar",
            "avatar_template": "/user_avatar/discourse.onlinedegree.iitm.ac.in/22f2000559/{size}/13152_2.png",
            "primary_group_name": "ds-students",
            "flair_name": "ds-students",
            "flair_group_id": 294,
            "trust_level": 1
          }
        },
        {
          "extras": null,
          "description": "Frequent Poster, Accepted Answer",
          "user": {
            "id": 9419,
            "username": "s.anand",
            "name": "Anand S",
            "avatar_template": "/user_avatar/discourse.onlinedegree.iitm.ac.in/s.anand/{size}/15264_2.png",
            "primary_group_name": "faculty",
            "flair_name": "faculty",
            "flair_url": "chalkboard-user",
            "flair_bg_color": "f2c26e",
            "flair_color": "000",
            "flair_group_id": 54,
            "trust_level": 4
          }
        },
        {
          "extras": null,
          "description": "Frequent Poster",
          "user": {
            "id": 7795,
            "username": "Yogesh1",
            "name": "Yogesh",
            "avatar_template": "/user_avatar/discourse.onlinedegree.iitm.ac.in/yogesh1/{size}/32697_2.png",
            "primary_group_name": "ds-students",
            "flair_name": "ds-students",
            "flair_group_id": 294,
            "trust_level": 1
          }
        },
        {
          "extras": null,
          "description": "Frequent Poster",
          "user": {
            "id": 3672,
            "username": "parthpatel",
            "name": "Parth Patel",
            "avatar_template": "/user_avatar/discourse.onlinedegree.iitm.ac.in/parthpatel/{size}/253_2.png",
            "primary_group_name": "ds-students",
            "flair_name": "ds-students",
            "flair_group_id": 294,
            "trust_level": 1
          }
        }
      ]
    },
    {
      "id": 152610,
      "title": "TDS Project 1 -- unable to find",
      "fancy_title": "TDS Project 1 &ndash; unable to find",
      "slug": "tds-project-1-unable-to-find",
      "posts_count": 10,
      "reply_count": 0,
      "highest_post_number": 10,
      "image_url": null,
      "created_at": "2024-10-19T06:25:53.121Z",
      "last_posted_at": "2024-10-20T14:03:35.596Z",
      "bumped": true,
      "bumped_at": "2024-10-20T14:03:35.596Z",
      "archetype": "regular",
      "unseen": false,
      "pinned": false,
      "unpinned": null,
      "visible": true,
      "closed": false,
      "archived": false,
      "bookmarked": null,
      "liked": null,
      "tags": [
        "clarification",
        "diploma-level"
      ],
      "tags_descriptions": {},
      "like_count": 3,
      "views": 157,
      "category_id": 34,
      "featured_link": null,
      "has_accepted_answer": false,
      "posters": [
        {
          "extras": null,
          "description": "Original Poster",
          "user": {
            "id": 32471,
            "username": "SaarthakTuli",
            "name": "Saarthak tuli",
            "avatar_template": "/user_avatar/discourse.onlinedegree.iitm.ac.in/saarthaktuli/{size}/66937_2.png",
            "primary_group_name": "ds-students",
            "flair_name": "ds-students",
            "flair_group_id": 294,
            "trust_level": 1
          }
        },
        {
          "extras": null,
          "description": "Frequent Poster",
          "user": {
            "id": 15853,
            "username": "somsubhra",
            "name": "Somsubhra De",
            "avatar_template": "https://avatars.discourse-cdn.com/v4/letter/s/c2a13f/{size}.png",
            "primary_group_name": "ds-students",
            "trust_level": 2
          }
        },
        {
          "extras": null,
          "description": "Frequent Poster",
          "user": {
            "id": 3230,
            "username": "shriaviator",
            "name": "Srinivas Chilukuri",
            "avatar_template": "https://avatars.discourse-cdn.com/v4/letter/s/59ef9b/{size}.png",
            "primary_group_name": "ds-students",
            "flair_name": "Community-TA",
            "flair_url": "handshake-angle",
            "flair_bg_color": "717BF7",
            "flair_color": "6BEE3D",
            "flair_group_id": 89,
            "trust_level": 2
          }
        },
        {
          "extras": null,
          "description": "Frequent Poster",
          "user": {
            "id": 14287,
            "username": "Sa007tish",
            "name": "Satish Chandra Chitrapu",
            "avatar_template": "/user_avatar/discourse.onlinedegree.iitm.ac.in/sa007tish/{size}/67675_2.png",
            "primary_group_name": "ds-students",
            "flair_name": "ds-students",
            "flair_group_id": 294,
            "trust_level": 1
          }
        },
        {
          "extras": "latest",
          "description": "Most Recent Poster",
          "user": {
            "id": 26719,
            "username": "Lekhshree",
            "name": "Lekhshree",
            "avatar_template": "/user_avatar/discourse.onlinedegree.iitm.ac.in/lekhshree/{size}/114417_2.png",
            "primary_group_name": "ds-students",
            "flair_name": "ds-students",
            "flair_group_id": 294,
            "trust_level": 1
          }
        }
      ]
    },
    {
      "id": 152074,
      "title": "TDS Week 1 Assignment Not Visible",
      "fancy_title": "TDS Week 1 Assignment Not Visible",
      "slug": "tds-week-1-assignment-not-visible",
      "posts_count": 4,
      "reply_count": 0,
      "highest_post_number": 4,
      "image_url": "https://europe1.discourse-cdn.com/flex013/uploads/iitm/optimized/3X/9/4/94860001617a62687f447d11c347633f50b8d4e9_2_1023x441.png",
      "created_at": "2024-10-13T04:42:53.396Z",
      "last_posted_at": "2024-10-13T07:41:11.106Z",
      "bumped": true,
      "bumped_at": "2024-10-13T07:44:51.608Z",
      "archetype": "regular",
      "unseen": false,
      "pinned": false,
      "unpinned": null,
      "visible": true,
      "closed": false,
      "archived": false,
      "bookmarked": null,
      "liked": null,
      "tags": [
        "operational",
        "diploma-level",
        "graded-assignment"
      ],
      "tags_descriptions": {},
      "like_count": 0,
      "views": 36,
      "category_id": 34,
      "featured_link": null,
      "has_accepted_answer": false,
      "posters": [
        {
          "extras": null,
          "description": "Original Poster",
          "user": {
            "id": 9145,
            "username": "21f3002488",
            "name": "Dhruv Sharma",
            "avatar_template": "/user_avatar/discourse.onlinedegree.iitm.ac.in/21f3002488/{size}/113691_2.png",
            "primary_group_name": "ds-students",
            "flair_name": "ds-students",
            "flair_group_id": 294,
            "trust_level": 1
          }
        },
        {
          "extras": null,
          "description": "Frequent Poster",
          "user": {
            "id": 15853,
            "username": "somsubhra",
            "name": "Somsubhra De",
            "avatar_template": "https://avatars.discourse-cdn.com/v4/letter/s/c2a13f/{size}.png",
            "primary_group_name": "ds-students",
            "trust_level": 2
          }
        },
        {
          "extras": "latest",
          "description": "Most Recent Poster",
          "user": {
            "id": 16094,
            "username": "carlton",
            "name": "Carlton D'Silva",
            "avatar_template": "/user_avatar/discourse.onlinedegree.iitm.ac.in/carlton/{size}/56317_2.png",
            "primary_group_name": "ds-students",
            "flair_name": "ds-students",
            "flair_group_id": 294,
            "trust_level": 3
          }
        }
      ]
    },
    {
      "id": 163224,
      "title": "Answers are not getting saved",
      "fancy_title": "Answers are not getting saved",
      "slug": "answers-are-not-getting-saved",
      "posts_count": 2,
      "reply_count": 0,
      "highest_post_number": 2,
      "image_url": null,
      "created_at": "2025-01-14T09:28:37.719Z",
      "last_posted_at": "2025-01-14T11:33:32.930Z",
      "bumped": true,
      "bumped_at": "2025-01-14T11:33:32.930Z",
      "archetype": "regular",
      "unseen": false,
      "pinned": false,
      "unpinned": null,
      "visible": true,
      "closed": false,
      "archived": false,
      "bookmarked": null,
      "liked": null,
      "tags": [],
      "tags_descriptions": {},
      "like_count": 0,
      "views": 38,
      "category_id": 34,
      "featured_link": null,
      "has_accepted_answer": false,
      "posters": [
        {
          "extras": null,
          "description": "Original Poster",
          "user": {
            "id": 16397,
            "username": "22f3001315",
            "name": "Guddu Kumar Mishra ",
            "avatar_template": "/user_avatar/discourse.onlinedegree.iitm.ac.in/22f3001315/{size}/90556_2.png",
            "primary_group_name": "ds-students",
            "flair_name": "ds-students",
            "flair_group_id": 294,
            "trust_level": 1
          }
        },
        {
          "extras": "latest",
          "description": "Most Recent Poster",
          "user": {
            "id": 15651,
            "username": "Jivraj",
            "name": "Jivraj Singh Shekhawat",
            "avatar_template": "https://avatars.discourse-cdn.com/v4/letter/j/b9bd4f/{size}.png",
            "primary_group_name": "ds-students",
            "flair_name": "ds-students",
            "flair_group_id": 294,
            "trust_level": 2
          }
        }
      ]
    },
    {
      "id": 176230,
      "title": "Scores for week 1",
      "fancy_title": "Scores for week 1",
      "slug": "scores-for-week-1",
      "posts_count": 3,
      "reply_count": 0,
      "highest_post_number": 3,
      "image_url": "https://europe1.discourse-cdn.com/flex013/uploads/iitm/optimized/3X/c/d/cd00d094090dc4c050a9c4dbc6090fbcc0bde484_2_799x1024.jpeg",
      "created_at": "2025-05-24T11:25:34.301Z",
      "last_posted_at": "2025-05-24T14:25:10.562Z",
      "bumped": true,
      "bumped_at": "2025-05-24T14:25:10.562Z",
      "archetype": "regular",
      "unseen": false,
      "pinned": false,
      "unpinned": null,
      "visible": true,
      "closed": false,
      "archived": false,
      "bookmarked": null,
      "liked": null,
      "tags": [
        "clarification",
        "term2-2025"
      ],
      "tags_descriptions": {},
      "like_count": 1,
      "views": 41,
      "category_id": 34,
      "featured_link": null,
      "has_accepted_answer": false,
      "posters": [
        {
          "extras": null,
          "description": "Original Poster",
          "user": {
            "id": 2588,
            "username": "ashkhi",
            "name": "Ashutosh Khidrapurkar",
            "avatar_template": "/user_avatar/discourse.onlinedegree.iitm.ac.in/ashkhi/{size}/1316_2.png",
            "primary_group_name": "ds-students",
            "flair_name": "ds-students",
            "flair_group_id": 294,
            "trust_level": 1
          }
        },
        {
          "extras": null,
          "description": "Frequent Poster",
          "user": {
            "id": 16665,
            "username": "22f3003237",
            "name": "Harsh Bairagi",
            "avatar_template": "/user_avatar/discourse.onlinedegree.iitm.ac.in/22f3003237/{size}/103230_2.png",
            "primary_group_name": "ds-students",
            "flair_name": "ds-students",
            "flair_group_id": 294,
            "trust_level": 0
          }
        },
        {
          "extras": "latest",
          "description": "Most Recent Poster",
          "user": {
            "id": 15517,
            "username": "23f1000318",
            "name": "Asit Kumar Nayak ",
            "avatar_template": "/user_avatar/discourse.onlinedegree.iitm.ac.in/23f1000318/{size}/132746_2.png",
            "primary_group_name": "ds-students",
            "flair_name": "ds-students",
            "flair_group_id": 294,
            "trust_level": 2
          }
        }
      ]
    }
  ],
  "summarizable": false,
  "valid_reactions": [
    "heart",
    "+1",
    "laughing",
    "open_mouth",
    "clap",
    "confetti_ball",
    "rocket",
    "-1"
  ],
  "can_vote": false,
  "vote_count": 0,
  "user_voted": false,
  "discourse_zendesk_plugin_zendesk_id": null,
  "discourse_zendesk_plugin_zendesk_url": "https://your-url.zendesk.com/agent/tickets/",
  "details": {
    "can_edit": false,
    "notification_level": 1,
    "can_create_post": true,
    "can_reply_as_new_topic": true,
    "can_flag_topic": true,
    "participants": [
      {
        "id": 13105,
        "username": "cshetty",
        "name": "Chitrakshi Sawant",
        "avatar_template": "/user_avatar/discourse.onlinedegree.iitm.ac.in/cshetty/{size}/33340_2.png",
        "post_count": 1,
        "primary_group_name": "ds-students",
        "flair_name": "ds-students",
        "flair_url": null,
        "flair_color": "",
        "flair_bg_color": "",
        "flair_group_id": 294,
        "trust_level": 1
      },
      {
        "id": 3230,
        "username": "shriaviator",
        "name": "Srinivas Chilukuri",
        "avatar_template": "https://avatars.discourse-cdn.com/v4/letter/s/59ef9b/{size}.png",
        "post_count": 1,
        "primary_group_name": "ds-students",
        "flair_name": "Community-TA",
        "flair_url": "handshake-angle",
        "flair_color": "6BEE3D",
        "flair_bg_color": "717BF7",
        "flair_group_id": 89,
        "trust_level": 2
      }
    ],
    "created_by": {
      "id": 13105,
      "username": "cshetty",
      "name": "Chitrakshi Sawant",
      "avatar_template": "/user_avatar/discourse.onlinedegree.iitm.ac.in/cshetty/{size}/33340_2.png"
    },
    "last_poster": {
      "id": 3230,
      "username": "shriaviator",
      "name": "Srinivas Chilukuri",
      "avatar_template": "https://avatars.discourse-cdn.com/v4/letter/s/59ef9b/{size}.png"
    }
  },
  "pending_posts": [],
  "bookmarks": []
}