{
  "post_stream": {
    "posts": [
      {
        "id": 614050,
        "name": "Aryan Kohli",
        "username": "22f3001832",
        "avatar_template": "/user_avatar/discourse.onlinedegree.iitm.ac.in/22f3001832/{size}/97892_2.png",
        "created_at": "2025-04-01T03:38:04.390Z",
        "cooked": "<p>Mail I received Yesterday:<br>\n<div class=\"lightbox-wrapper\"><a class=\"lightbox\" href=\"https://europe1.discourse-cdn.com/flex013/uploads/iitm/original/3X/f/0/f001f7be7e533353ac4526f1cf9d82d4211ea6e1.png\" data-download-href=\"/uploads/short-url/yfcO90aYRWfjsejDEFqU65TEna9.png?dl=1\" title=\"Screenshot from 2025-04-01 09-01-07\" rel=\"noopener nofollow ugc\"><img src=\"https://europe1.discourse-cdn.com/flex013/uploads/iitm/optimized/3X/f/0/f001f7be7e533353ac4526f1cf9d82d4211ea6e1_2_690x265.png\" alt=\"Screenshot from 2025-04-01 09-01-07\" data-base62-sha1=\"yfcO90aYRWfjsejDEFqU65TEna9\" width=\"690\" height=\"265\" srcset=\"https://europe1.discourse-cdn.com/flex013/uploads/iitm/optimized/3X/f/0/f001f7be7e533353ac4526f1cf9d82d4211ea6e1_2_690x265.png, https://europe1.discourse-cdn.com/flex013/uploads/iitm/optimized/3X/f/0/f001f7be7e533353ac4526f1cf9d82d4211ea6e1_2_1035x397.png 1.5x, https://europe1.discourse-cdn.com/flex013/uploads/iitm/original/3X/f/0/f001f7be7e533353ac4526f1cf9d82d4211ea6e1.png 2x\" data-dominant-color=\"F5F5F5\"><div class=\"meta\"><svg class=\"fa d-icon d-icon-far-image svg-icon\" aria-hidden=\"true\"><use href=\"#far-image\"></use></svg><span class=\"filename\">Screenshot from 2025-04-01 09-01-07</span><span class=\"informations\">1174×451 54.2 KB</span><svg class=\"fa d-icon d-icon-discourse-expand svg-icon\" aria-hidden=\"true\"><use href=\"#discourse-expand\"></use></svg></div></a></div></p>\n<p>Previous Correct Evaluation Mail:<br>\n<div class=\"lightbox-wrapper\"><a class=\"lightbox\" href=\"https://europe1.discourse-cdn.com/flex013/uploads/iitm/original/3X/6/b/6bb4d7ba36bee2297d141e76bff49f40efe201ef.png\" data-download-href=\"/uploads/short-url/fmOxFj4s1mPkz7XLOvb2GXMu62H.png?dl=1\" title=\"Screenshot from 2025-04-01 09-02-35\" rel=\"noopener nofollow ugc\"><img src=\"https://europe1.discourse-cdn.com/flex013/uploads/iitm/optimized/3X/6/b/6bb4d7ba36bee2297d141e76bff49f40efe201ef_2_690x265.png\" alt=\"Screenshot from 2025-04-01 09-02-35\" data-base62-sha1=\"fmOxFj4s1mPkz7XLOvb2GXMu62H\" width=\"690\" height=\"265\" srcset=\"https://europe1.discourse-cdn.com/flex013/uploads/iitm/optimized/3X/6/b/6bb4d7ba36bee2297d141e76bff49f40efe201ef_2_690x265.png, https://europe1.discourse-cdn.com/flex013/uploads/iitm/optimized/3X/6/b/6bb4d7ba36bee2297d141e76bff49f40efe201ef_2_1035x397.png 1.5x, https://europe1.discourse-cdn.com/flex013/uploads/iitm/optimized/3X/6/b/6bb4d7ba36bee2297d141e76bff49f40efe201ef_2_1380x530.png 2x\" data-dominant-color=\"EFF0F0\"><div class=\"meta\"><svg class=\"fa d-icon d-icon-far-image svg-icon\" aria-hidden=\"true\"><use href=\"#far-image\"></use></svg><span class=\"filename\">Screenshot from 2025-04-01 09-02-35</span><span class=\"informations\">1687×650 144 KB</span><svg class=\"fa d-icon d-icon-discourse-expand svg-icon\" aria-hidden=\"true\"><use href=\"#discourse-expand\"></use></svg></div></a></div></p>\n<p>Good Morning Sir,</p>\n<p>This is my github repo: <a href=\"https://github.com/kohliaryan/TDS_Project_1\" class=\"inline-onebox\" rel=\"noopener nofollow ugc\">GitHub - kohliaryan/TDS_Project_1</a> ()You can verify that it is public, MIT License is present and Dockerfile is also present.)</p>\n<p>I also got a mail 2 days ago in which everything is mentioned correctly but the mail I got yesterday worry me.  Sir, I have worked really hard for project 1. Please look into this matter.<br>\n<a class=\"mention\" href=\"/u/carlton\">@carlton</a></p>",
        "post_number": 1,
        "post_type": 1,
        "posts_count": 12,
        "updated_at": "2025-04-07T15:14:43.033Z",
        "reply_count": 0,
        "reply_to_post_number": null,
        "quote_count": 0,
        "incoming_link_count": 0,
        "reads": 80,
        "readers_count": 79,
        "score": 30.2,
        "yours": false,
        "topic_id": 171477,
        "topic_slug": "project-1-evaluation-second-mail-is-not-correct-and-reports-files-missing-while-they-are-present",
        "display_username": "Aryan Kohli",
        "primary_group_name": "ds-students",
        "flair_name": "ds-students",
        "flair_url": null,
        "flair_bg_color": "",
        "flair_color": "",
        "flair_group_id": 294,
        "badges_granted": [],
        "version": 3,
        "can_edit": false,
        "can_delete": false,
        "can_recover": false,
        "can_see_hidden_post": false,
        "can_wiki": false,
        "link_counts": [
          {
            "url": "https://github.com/kohliaryan/TDS_Project_1",
            "internal": false,
            "reflection": false,
            "title": "GitHub - kohliaryan/TDS_Project_1",
            "clicks": 6
          }
        ],
        "read": true,
        "user_title": "",
        "bookmarked": false,
        "actions_summary": [
          {
            "id": 2,
            "count": 1,
            "can_act": true
          },
          {
            "id": 6,
            "can_act": true
          },
          {
            "id": 3,
            "can_act": true
          },
          {
            "id": 4,
            "can_act": true
          },
          {
            "id": 8,
            "can_act": true
          },
          {
            "id": 10,
            "can_act": true
          },
          {
            "id": 7,
            "can_act": true
          }
        ],
        "moderator": false,
        "admin": false,
        "staff": false,
        "user_id": 15817,
        "hidden": false,
        "trust_level": 1,
        "deleted_at": null,
        "user_deleted": false,
        "edit_reason": null,
        "can_view_edit_history": true,
        "wiki": false,
        "post_url": "/t/project-1-evaluation-second-mail-is-not-correct-and-reports-files-missing-while-they-are-present/171477/1",
        "user_cakedate": "2023-01-25",
        "reactions": [
          {
            "id": "heart",
            "type": "emoji",
            "count": 1
          }
        ],
        "current_user_reaction": null,
        "reaction_users_count": 1,
        "current_user_used_main_reaction": false,
        "can_accept_answer": false,
        "can_unaccept_answer": false,
        "accepted_answer": false,
        "topic_accepted_answer": true,
        "can_vote": false
      },
      {
        "id": 614959,
        "name": "Aryan Kohli",
        "username": "22f3001832",
        "avatar_template": "/user_avatar/discourse.onlinedegree.iitm.ac.in/22f3001832/{size}/97892_2.png",
        "created_at": "2025-04-03T12:03:07.447Z",
        "cooked": "<p><a class=\"mention\" href=\"/u/jivraj\">@Jivraj</a> Sir, Please look into in this matter, no reply from your side till now and 2 days have been passed.</p>",
        "post_number": 2,
        "post_type": 1,
        "posts_count": 12,
        "updated_at": "2025-04-03T12:03:07.447Z",
        "reply_count": 1,
        "reply_to_post_number": null,
        "quote_count": 0,
        "incoming_link_count": 0,
        "reads": 57,
        "readers_count": 56,
        "score": 16.2,
        "yours": false,
        "topic_id": 171477,
        "topic_slug": "project-1-evaluation-second-mail-is-not-correct-and-reports-files-missing-while-they-are-present",
        "display_username": "Aryan Kohli",
        "primary_group_name": "ds-students",
        "flair_name": "ds-students",
        "flair_url": null,
        "flair_bg_color": "",
        "flair_color": "",
        "flair_group_id": 294,
        "badges_granted": [],
        "version": 1,
        "can_edit": false,
        "can_delete": false,
        "can_recover": false,
        "can_see_hidden_post": false,
        "can_wiki": false,
        "read": true,
        "user_title": "",
        "bookmarked": false,
        "actions_summary": [
          {
            "id": 2,
            "can_act": true
          },
          {
            "id": 6,
            "can_act": true
          },
          {
            "id": 3,
            "can_act": true
          },
          {
            "id": 4,
            "can_act": true
          },
          {
            "id": 8,
            "can_act": true
          },
          {
            "id": 10,
            "can_act": true
          },
          {
            "id": 7,
            "can_act": true
          }
        ],
        "moderator": false,
        "admin": false,
        "staff": false,
        "user_id": 15817,
        "hidden": false,
        "trust_level": 1,
        "deleted_at": null,
        "user_deleted": false,
        "edit_reason": null,
        "can_view_edit_history": true,
        "wiki": false,
        "post_url": "/t/project-1-evaluation-second-mail-is-not-correct-and-reports-files-missing-while-they-are-present/171477/2",
        "user_cakedate": "2023-01-25",
        "reactions": [],
        "current_user_reaction": null,
        "reaction_users_count": 0,
        "current_user_used_main_reaction": false,
        "can_accept_answer": false,
        "can_unaccept_answer": false,
        "accepted_answer": false,
        "topic_accepted_answer": true
      },
      {
        "id": 615141,
        "name": "Carlton D'Silva",
        "username": "carlton",
        "avatar_template": "/user_avatar/discourse.onlinedegree.iitm.ac.in/carlton/{size}/56317_2.png",
        "created_at": "2025-04-04T06:10:31.239Z",
        "cooked": "<p>Apologies for that,</p>\n<p>The second email was an automated script that used a stricter criteria. You have passed evaluation and also have a score. So dont worry. We will push scores over this weekend. We are currently doing normalisation.</p>\n<p>Kind regards</p>",
        "post_number": 3,
        "post_type": 1,
        "posts_count": 12,
        "updated_at": "2025-04-04T06:10:31.239Z",
        "reply_count": 0,
        "reply_to_post_number": 2,
        "quote_count": 0,
        "incoming_link_count": 0,
        "reads": 53,
        "readers_count": 52,
        "score": 25.4,
        "yours": false,
        "topic_id": 171477,
        "topic_slug": "project-1-evaluation-second-mail-is-not-correct-and-reports-files-missing-while-they-are-present",
        "display_username": "Carlton D'Silva",
        "primary_group_name": "ds-students",
        "flair_name": "ds-students",
        "flair_url": null,
        "flair_bg_color": "",
        "flair_color": "",
        "flair_group_id": 294,
        "badges_granted": [],
        "version": 1,
        "can_edit": false,
        "can_delete": false,
        "can_recover": false,
        "can_see_hidden_post": false,
        "can_wiki": false,
        "read": true,
        "user_title": "Regular",
        "title_is_group": false,
        "reply_to_user": {
          "id": 15817,
          "username": "22f3001832",
          "name": "Aryan Kohli",
          "avatar_template": "/user_avatar/discourse.onlinedegree.iitm.ac.in/22f3001832/{size}/97892_2.png"
        },
        "bookmarked": false,
        "actions_summary": [
          {
            "id": 2,
            "count": 1,
            "can_act": true
          },
          {
            "id": 6,
            "can_act": true
          },
          {
            "id": 3,
            "can_act": true
          },
          {
            "id": 4,
            "can_act": true
          },
          {
            "id": 8,
            "can_act": true
          },
          {
            "id": 10,
            "can_act": true
          },
          {
            "id": 7,
            "can_act": true
          }
        ],
        "moderator": false,
        "admin": false,
        "staff": false,
        "group_moderator": true,
        "user_id": 16094,
        "hidden": false,
        "trust_level": 3,
        "deleted_at": null,
        "user_deleted": false,
        "edit_reason": null,
        "can_view_edit_history": true,
        "wiki": false,
        "post_url": "/t/project-1-evaluation-second-mail-is-not-correct-and-reports-files-missing-while-they-are-present/171477/3",
        "user_cakedate": "2023-01-25",
        "reactions": [
          {
            "id": "heart",
            "type": "emoji",
            "count": 1
          }
        ],
        "current_user_reaction": null,
        "reaction_users_count": 1,
        "current_user_used_main_reaction": false,
        "can_accept_answer": false,
        "can_unaccept_answer": false,
        "accepted_answer": true,
        "topic_accepted_answer": true
      },
      {
        "id": 615308,
        "name": "Kshitij Pandey",
        "username": "23f2000345",
        "avatar_template": "/user_avatar/discourse.onlinedegree.iitm.ac.in/23f2000345/{size}/84315_2.png",
        "created_at": "2025-04-04T14:22:43.915Z",
        "cooked": "<p>Hi <a class=\"mention\" href=\"/u/carlton\">@carlton</a>,</p>\n<p>I’m experiencing the same issue mentioned in this thread regarding Project 1 evaluation emails:</p>\n<ol>\n<li>The first email I received confirmed all requirements were met (public repo, MIT License, Dockerfile, etc.)</li>\n<li>The second email incorrectly flagged missing files despite their presence in my repository</li>\n</ol>\n<p>Here are screenshots of both emails showing the discrepancy:</p>\n<p><div class=\"lightbox-wrapper\"><a class=\"lightbox\" href=\"https://europe1.discourse-cdn.com/flex013/uploads/iitm/original/3X/a/b/ab6e90977d3a9f6e9a01fd75e236dcbef7834623.png\" data-download-href=\"/uploads/short-url/osywWWw7Rkajc8gKaJy0yQL5QTV.png?dl=1\" title=\"First Evaluation Email\" rel=\"noopener nofollow ugc\"><img src=\"https://europe1.discourse-cdn.com/flex013/uploads/iitm/optimized/3X/a/b/ab6e90977d3a9f6e9a01fd75e236dcbef7834623_2_690x330.png\" alt=\"First Evaluation Email\" data-base62-sha1=\"osywWWw7Rkajc8gKaJy0yQL5QTV\" width=\"690\" height=\"330\" srcset=\"https://europe1.discourse-cdn.com/flex013/uploads/iitm/optimized/3X/a/b/ab6e90977d3a9f6e9a01fd75e236dcbef7834623_2_690x330.png, https://europe1.discourse-cdn.com/flex013/uploads/iitm/optimized/3X/a/b/ab6e90977d3a9f6e9a01fd75e236dcbef7834623_2_1035x495.png 1.5x, https://europe1.discourse-cdn.com/flex013/uploads/iitm/optimized/3X/a/b/ab6e90977d3a9f6e9a01fd75e236dcbef7834623_2_1380x660.png 2x\" data-dominant-color=\"F1F1F2\"><div class=\"meta\"><svg class=\"fa d-icon d-icon-far-image svg-icon\" aria-hidden=\"true\"><use href=\"#far-image\"></use></svg><span class=\"filename\">First Evaluation Email</span><span class=\"informations\">1511×724 76.2 KB</span><svg class=\"fa d-icon d-icon-discourse-expand svg-icon\" aria-hidden=\"true\"><use href=\"#discourse-expand\"></use></svg></div></a></div><br>\n<div class=\"lightbox-wrapper\"><a class=\"lightbox\" href=\"https://europe1.discourse-cdn.com/flex013/uploads/iitm/original/3X/e/6/e658099edcddd2b1b01d88e400b0f0439aa2fd2e.png\" data-download-href=\"/uploads/short-url/wRIr95Iz3CVtTmvWFTHHfe44dyu.png?dl=1\" title=\"Second Evaluation Email\" rel=\"noopener nofollow ugc\"><img src=\"https://europe1.discourse-cdn.com/flex013/uploads/iitm/optimized/3X/e/6/e658099edcddd2b1b01d88e400b0f0439aa2fd2e_2_690x376.png\" alt=\"Second Evaluation Email\" data-base62-sha1=\"wRIr95Iz3CVtTmvWFTHHfe44dyu\" width=\"690\" height=\"376\" srcset=\"https://europe1.discourse-cdn.com/flex013/uploads/iitm/optimized/3X/e/6/e658099edcddd2b1b01d88e400b0f0439aa2fd2e_2_690x376.png, https://europe1.discourse-cdn.com/flex013/uploads/iitm/optimized/3X/e/6/e658099edcddd2b1b01d88e400b0f0439aa2fd2e_2_1035x564.png 1.5x, https://europe1.discourse-cdn.com/flex013/uploads/iitm/original/3X/e/6/e658099edcddd2b1b01d88e400b0f0439aa2fd2e.png 2x\" data-dominant-color=\"F8F8F8\"><div class=\"meta\"><svg class=\"fa d-icon d-icon-far-image svg-icon\" aria-hidden=\"true\"><use href=\"#far-image\"></use></svg><span class=\"filename\">Second Evaluation Email</span><span class=\"informations\">1247×681 37.5 KB</span><svg class=\"fa d-icon d-icon-discourse-expand svg-icon\" aria-hidden=\"true\"><use href=\"#discourse-expand\"></use></svg></div></a></div></p>\n<p>My GitHub repo remains publicly accessible with all required components:<br>\n<a href=\"https://github.com/23f2000345/TDS_final\" rel=\"noopener nofollow ugc\">GitHub repo</a></p>\n<p>Could you please confirm this was an automated error and that my submission will be evaluated based on the actual repository contents? Your clarification would be greatly appreciated.</p>\n<p>Thank you for your time and assistance!</p>",
        "post_number": 4,
        "post_type": 1,
        "posts_count": 12,
        "updated_at": "2025-04-04T14:22:43.915Z",
        "reply_count": 1,
        "reply_to_post_number": null,
        "quote_count": 0,
        "incoming_link_count": 0,
        "reads": 55,
        "readers_count": 54,
        "score": 15.8,
        "yours": false,
        "topic_id": 171477,
        "topic_slug": "project-1-evaluation-second-mail-is-not-correct-and-reports-files-missing-while-they-are-present",
        "display_username": "Kshitij Pandey",
        "primary_group_name": "ds-students",
        "flair_name": "ds-students",
        "flair_url": null,
        "flair_bg_color": "",
        "flair_color": "",
        "flair_group_id": 294,
        "badges_granted": [],
        "version": 1,
        "can_edit": false,
        "can_delete": false,
        "can_recover": false,
        "can_see_hidden_post": false,
        "can_wiki": false,
        "link_counts": [
          {
            "url": "https://github.com/23f2000345/TDS_final",
            "internal": false,
            "reflection": false,
            "title": "GitHub - 23f2000345/TDS_final",
            "clicks": 2
          }
        ],
        "read": true,
        "user_title": null,
        "bookmarked": false,
        "actions_summary": [
          {
            "id": 2,
            "can_act": true
          },
          {
            "id": 6,
            "can_act": true
          },
          {
            "id": 3,
            "can_act": true
          },
          {
            "id": 4,
            "can_act": true
          },
          {
            "id": 8,
            "can_act": true
          },
          {
            "id": 10,
            "can_act": true
          },
          {
            "id": 7,
            "can_act": true
          }
        ],
        "moderator": false,
        "admin": false,
        "staff": false,
        "user_id": 17654,
        "hidden": false,
        "trust_level": 1,
        "deleted_at": null,
        "user_deleted": false,
        "edit_reason": null,
        "can_view_edit_history": true,
        "wiki": false,
        "post_url": "/t/project-1-evaluation-second-mail-is-not-correct-and-reports-files-missing-while-they-are-present/171477/4",
        "user_cakedate": "2023-06-03",
        "reactions": [],
        "current_user_reaction": null,
        "reaction_users_count": 0,
        "current_user_used_main_reaction": false,
        "can_accept_answer": false,
        "can_unaccept_answer": false,
        "accepted_answer": false,
        "topic_accepted_answer": true
      },
      {
        "id": 615333,
        "name": "Carlton D'Silva",
        "username": "carlton",
        "avatar_template": "/user_avatar/discourse.onlinedegree.iitm.ac.in/carlton/{size}/56317_2.png",
        "created_at": "2025-04-04T16:03:11.417Z",
        "cooked": "<p>Hi,</p>\n<p>Prerequisite checks have passed. But your docker image was missing a dependency that you forgot to copy into the image. so it failed to evaluate because it failed to run.</p>",
        "post_number": 5,
        "post_type": 1,
        "posts_count": 12,
        "updated_at": "2025-04-04T16:03:11.417Z",
        "reply_count": 1,
        "reply_to_post_number": 4,
        "quote_count": 0,
        "incoming_link_count": 0,
        "reads": 45,
        "readers_count": 44,
        "score": 28.8,
        "yours": false,
        "topic_id": 171477,
        "topic_slug": "project-1-evaluation-second-mail-is-not-correct-and-reports-files-missing-while-they-are-present",
        "display_username": "Carlton D'Silva",
        "primary_group_name": "ds-students",
        "flair_name": "ds-students",
        "flair_url": null,
        "flair_bg_color": "",
        "flair_color": "",
        "flair_group_id": 294,
        "badges_granted": [],
        "version": 1,
        "can_edit": false,
        "can_delete": false,
        "can_recover": false,
        "can_see_hidden_post": false,
        "can_wiki": false,
        "read": false,
        "user_title": "Regular",
        "title_is_group": false,
        "reply_to_user": {
          "id": 17654,
          "username": "23f2000345",
          "name": "Kshitij Pandey",
          "avatar_template": "/user_avatar/discourse.onlinedegree.iitm.ac.in/23f2000345/{size}/84315_2.png"
        },
        "bookmarked": false,
        "actions_summary": [
          {
            "id": 2,
            "count": 1,
            "can_act": true
          },
          {
            "id": 6,
            "can_act": true
          },
          {
            "id": 3,
            "can_act": true
          },
          {
            "id": 4,
            "can_act": true
          },
          {
            "id": 8,
            "can_act": true
          },
          {
            "id": 10,
            "can_act": true
          },
          {
            "id": 7,
            "can_act": true
          }
        ],
        "moderator": false,
        "admin": false,
        "staff": false,
        "group_moderator": true,
        "user_id": 16094,
        "hidden": false,
        "trust_level": 3,
        "deleted_at": null,
        "user_deleted": false,
        "edit_reason": null,
        "can_view_edit_history": true,
        "wiki": false,
        "post_url": "/t/project-1-evaluation-second-mail-is-not-correct-and-reports-files-missing-while-they-are-present/171477/5",
        "user_cakedate": "2023-01-25",
        "reactions": [
          {
            "id": "+1",
            "type": "emoji",
            "count": 1
          }
        ],
        "current_user_reaction": null,
        "reaction_users_count": 1,
        "current_user_used_main_reaction": false,
        "can_accept_answer": false,
        "can_unaccept_answer": false,
        "accepted_answer": false,
        "topic_accepted_answer": true
      },
      {
        "id": 615350,
        "name": "Aryan Kohli",
        "username": "22f3001832",
        "avatar_template": "/user_avatar/discourse.onlinedegree.iitm.ac.in/22f3001832/{size}/97892_2.png",
        "created_at": "2025-04-04T17:00:40.743Z",
        "cooked": "<p>You talking about me or <a class=\"mention\" href=\"/u/23f2000345\">@23f2000345</a> ?</p>",
        "post_number": 6,
        "post_type": 1,
        "posts_count": 12,
        "updated_at": "2025-04-04T17:00:40.743Z",
        "reply_count": 0,
        "reply_to_post_number": 5,
        "quote_count": 0,
        "incoming_link_count": 0,
        "reads": 46,
        "readers_count": 45,
        "score": 9.0,
        "yours": false,
        "topic_id": 171477,
        "topic_slug": "project-1-evaluation-second-mail-is-not-correct-and-reports-files-missing-while-they-are-present",
        "display_username": "Aryan Kohli",
        "primary_group_name": "ds-students",
        "flair_name": "ds-students",
        "flair_url": null,
        "flair_bg_color": "",
        "flair_color": "",
        "flair_group_id": 294,
        "badges_granted": [],
        "version": 1,
        "can_edit": false,
        "can_delete": false,
        "can_recover": false,
        "can_see_hidden_post": false,
        "can_wiki": false,
        "read": false,
        "user_title": "",
        "reply_to_user": {
          "id": 16094,
          "username": "carlton",
          "name": "Carlton D'Silva",
          "avatar_template": "/user_avatar/discourse.onlinedegree.iitm.ac.in/carlton/{size}/56317_2.png"
        },
        "bookmarked": false,
        "actions_summary": [
          {
            "id": 2,
            "can_act": true
          },
          {
            "id": 6,
            "can_act": true
          },
          {
            "id": 3,
            "can_act": true
          },
          {
            "id": 4,
            "can_act": true
          },
          {
            "id": 8,
            "can_act": true
          },
          {
            "id": 10,
            "can_act": true
          },
          {
            "id": 7,
            "can_act": true
          }
        ],
        "moderator": false,
        "admin": false,
        "staff": false,
        "user_id": 15817,
        "hidden": false,
        "trust_level": 1,
        "deleted_at": null,
        "user_deleted": false,
        "edit_reason": null,
        "can_view_edit_history": true,
        "wiki": false,
        "post_url": "/t/project-1-evaluation-second-mail-is-not-correct-and-reports-files-missing-while-they-are-present/171477/6",
        "user_cakedate": "2023-01-25",
        "reactions": [],
        "current_user_reaction": null,
        "reaction_users_count": 0,
        "current_user_used_main_reaction": false,
        "can_accept_answer": false,
        "can_unaccept_answer": false,
        "accepted_answer": false,
        "topic_accepted_answer": true
      },
      {
        "id": 618452,
        "name": "Sudhish Narayan S",
        "username": "Sudhishnarayan",
        "avatar_template": "/user_avatar/discourse.onlinedegree.iitm.ac.in/sudhishnarayan/{size}/66833_2.png",
        "created_at": "2025-04-12T05:11:08.122Z",
        "cooked": "<p>Good Morning Sir, Actually even I got the mail regarding Project-1 Evaluation, where I got the message like the prerequisites were not met. But, sir actually I have uploaded my MIT License file, requirements.txt file, my Project.py file and the Dockerfile. Sir, and when I sent a request to my API from my device, it worked sir. I have got 0 in my project 1 sir, but I have met the pre-requisites Can you please check this once sir?</p>\n<p>My GitHub repository for Project-1: <a href=\"https://github.com/sudhishssn134/project_1_tds\" class=\"inline-onebox\" rel=\"noopener nofollow ugc\">GitHub - sudhishssn134/project_1_tds</a></p>\n<p>Thanking You</p>\n<p>Just attaching the mail I recieved.<br>\n<div class=\"lightbox-wrapper\"><a class=\"lightbox\" href=\"https://europe1.discourse-cdn.com/flex013/uploads/iitm/original/3X/a/7/a77330c5ca74ed0246bc22e4321710554cd27866.png\" data-download-href=\"/uploads/short-url/nTkwZr7ndRYAWgE2JB3jIqFz4rk.png?dl=1\" title=\"Screenshot 2025-04-12 104211\" rel=\"noopener nofollow ugc\"><img src=\"https://europe1.discourse-cdn.com/flex013/uploads/iitm/optimized/3X/a/7/a77330c5ca74ed0246bc22e4321710554cd27866_2_690x362.png\" alt=\"Screenshot 2025-04-12 104211\" data-base62-sha1=\"nTkwZr7ndRYAWgE2JB3jIqFz4rk\" width=\"690\" height=\"362\" srcset=\"https://europe1.discourse-cdn.com/flex013/uploads/iitm/optimized/3X/a/7/a77330c5ca74ed0246bc22e4321710554cd27866_2_690x362.png, https://europe1.discourse-cdn.com/flex013/uploads/iitm/optimized/3X/a/7/a77330c5ca74ed0246bc22e4321710554cd27866_2_1035x543.png 1.5x, https://europe1.discourse-cdn.com/flex013/uploads/iitm/optimized/3X/a/7/a77330c5ca74ed0246bc22e4321710554cd27866_2_1380x724.png 2x\" data-dominant-color=\"F1F2F2\"><div class=\"meta\"><svg class=\"fa d-icon d-icon-far-image svg-icon\" aria-hidden=\"true\"><use href=\"#far-image\"></use></svg><span class=\"filename\">Screenshot 2025-04-12 104211</span><span class=\"informations\">1429×750 71 KB</span><svg class=\"fa d-icon d-icon-discourse-expand svg-icon\" aria-hidden=\"true\"><use href=\"#discourse-expand\"></use></svg></div></a></div></p>",
        "post_number": 8,
        "post_type": 1,
        "posts_count": 12,
        "updated_at": "2025-04-12T05:12:56.241Z",
        "reply_count": 1,
        "reply_to_post_number": null,
        "quote_count": 0,
        "incoming_link_count": 0,
        "reads": 34,
        "readers_count": 33,
        "score": 11.4,
        "yours": false,
        "topic_id": 171477,
        "topic_slug": "project-1-evaluation-second-mail-is-not-correct-and-reports-files-missing-while-they-are-present",
        "display_username": "Sudhish Narayan S",
        "primary_group_name": "ds-students",
        "flair_name": "ds-students",
        "flair_url": null,
        "flair_bg_color": "",
        "flair_color": "",
        "flair_group_id": 294,
        "badges_granted": [],
        "version": 2,
        "can_edit": false,
        "can_delete": false,
        "can_recover": false,
        "can_see_hidden_post": false,
        "can_wiki": false,
        "link_counts": [
          {
            "url": "https://github.com/sudhishssn134/project_1_tds",
            "internal": false,
            "reflection": false,
            "title": "GitHub - sudhishssn134/project_1_tds",
            "clicks": 0
          }
        ],
        "read": false,
        "user_title": null,
        "bookmarked": false,
        "actions_summary": [
          {
            "id": 2,
            "can_act": true
          },
          {
            "id": 6,
            "can_act": true
          },
          {
            "id": 3,
            "can_act": true
          },
          {
            "id": 4,
            "can_act": true
          },
          {
            "id": 8,
            "can_act": true
          },
          {
            "id": 10,
            "can_act": true
          },
          {
            "id": 7,
            "can_act": true
          }
        ],
        "moderator": false,
        "admin": false,
        "staff": false,
        "user_id": 32407,
        "hidden": false,
        "trust_level": 1,
        "deleted_at": null,
        "user_deleted": false,
        "edit_reason": null,
        "can_view_edit_history": true,
        "wiki": false,
        "post_url": "/t/project-1-evaluation-second-mail-is-not-correct-and-reports-files-missing-while-they-are-present/171477/8",
        "user_cakedate": "2024-06-04",
        "reactions": [],
        "current_user_reaction": null,
        "reaction_users_count": 0,
        "current_user_used_main_reaction": false,
        "can_accept_answer": false,
        "can_unaccept_answer": false,
        "accepted_answer": false,
        "topic_accepted_answer": true
      },
      {
        "id": 618459,
        "name": "Carlton D'Silva",
        "username": "carlton",
        "avatar_template": "/user_avatar/discourse.onlinedegree.iitm.ac.in/carlton/{size}/56317_2.png",
        "created_at": "2025-04-12T05:19:47.384Z",
        "cooked": "<p>Your Dockerfile was misconfigured. When we try to build the docker image from your github repo, we get this error:</p>\n<p><code>tried copying parent folder(COPY failed: forbidden path outside the build context: .. ())</code></p>\n<p>You have to replicate the test environment. If it works when you follow this test setup then you should get in touch with us.</p><aside class=\"quote quote-modified\" data-post=\"316\" data-topic=\"171141\">\n  <div class=\"title\">\n    <div class=\"quote-controls\"></div>\n    <img alt=\"\" width=\"24\" height=\"24\" src=\"https://dub1.discourse-cdn.com/flex013/user_avatar/discourse.onlinedegree.iitm.ac.in/carlton/48/56317_2.png\" class=\"avatar\">\n    <a href=\"https://discourse.onlinedegree.iitm.ac.in/t/tds-official-project1-discrepencies/171141/316\">Tds-official-Project1-discrepencies</a> <a class=\"badge-category__wrapper \" href=\"/c/courses/tds-kb/34\"><span data-category-id=\"34\" style=\"--category-badge-color: #0088CC; --category-badge-text-color: #FFFFFF; --parent-category-badge-color: #3AB54A;\" data-parent-category-id=\"9\" data-drop-close=\"true\" class=\"badge-category --has-parent\" title=\"This category is created to address subject-specific queries related to Tools in Data Science\"><span class=\"badge-category__name\">Tools in Data Science</span></span></a>\n  </div>\n  <blockquote>\n    To replicate the test environment: \nFetch the github repo’s latest commit before 18th feb use below code for that. You need to have github cli installed on your system and need authentication for certain github api enpoint access. Once authenticated and providing the appropriate repo details you can  run this code using uv. \n# /// script\n# dependencies = [\n#   \"requests\",\n# ]\n# ///\n\nimport requests\nimport datetime as dt\nimport zoneinfo\nimport argparse\nimport os\nimport zipfile\n\nparser = argparse.…\n  </blockquote>\n</aside>\n",
        "post_number": 9,
        "post_type": 1,
        "posts_count": 12,
        "updated_at": "2025-04-12T05:20:05.010Z",
        "reply_count": 1,
        "reply_to_post_number": 8,
        "quote_count": 0,
        "incoming_link_count": 0,
        "reads": 31,
        "readers_count": 30,
        "score": 10.8,
        "yours": false,
        "topic_id": 171477,
        "topic_slug": "project-1-evaluation-second-mail-is-not-correct-and-reports-files-missing-while-they-are-present",
        "display_username": "Carlton D'Silva",
        "primary_group_name": "ds-students",
        "flair_name": "ds-students",
        "flair_url": null,
        "flair_bg_color": "",
        "flair_color": "",
        "flair_group_id": 294,
        "badges_granted": [],
        "version": 1,
        "can_edit": false,
        "can_delete": false,
        "can_recover": false,
        "can_see_hidden_post": false,
        "can_wiki": false,
        "link_counts": [
          {
            "url": "https://discourse.onlinedegree.iitm.ac.in/t/tds-official-project1-discrepencies/171141/316",
            "internal": true,
            "reflection": false,
            "title": "Tds-official-Project1-discrepencies",
            "clicks": 0
          }
        ],
        "read": false,
        "user_title": "Regular",
        "title_is_group": false,
        "reply_to_user": {
          "id": 32407,
          "username": "Sudhishnarayan",
          "name": "Sudhish Narayan S",
          "avatar_template": "/user_avatar/discourse.onlinedegree.iitm.ac.in/sudhishnarayan/{size}/66833_2.png"
        },
        "bookmarked": false,
        "actions_summary": [
          {
            "id": 2,
            "can_act": true
          },
          {
            "id": 6,
            "can_act": true
          },
          {
            "id": 3,
            "can_act": true
          },
          {
            "id": 4,
            "can_act": true
          },
          {
            "id": 8,
            "can_act": true
          },
          {
            "id": 10,
            "can_act": true
          },
          {
            "id": 7,
            "can_act": true
          }
        ],
        "moderator": false,
        "admin": false,
        "staff": false,
        "group_moderator": true,
        "user_id": 16094,
        "hidden": false,
        "trust_level": 3,
        "deleted_at": null,
        "user_deleted": false,
        "edit_reason": null,
        "can_view_edit_history": true,
        "wiki": false,
        "post_url": "/t/project-1-evaluation-second-mail-is-not-correct-and-reports-files-missing-while-they-are-present/171477/9",
        "user_cakedate": "2023-01-25",
        "reactions": [],
        "current_user_reaction": null,
        "reaction_users_count": 0,
        "current_user_used_main_reaction": false,
        "can_accept_answer": false,
        "can_unaccept_answer": false,
        "accepted_answer": false,
        "topic_accepted_answer": true
      },
      {
        "id": 618461,
        "name": "Sudhish Narayan S",
        "username": "Sudhishnarayan",
        "avatar_template": "/user_avatar/discourse.onlinedegree.iitm.ac.in/sudhishnarayan/{size}/66833_2.png",
        "created_at": "2025-04-12T05:22:31.404Z",
        "cooked": "<p>Oh OK Sir. I will try it out. Thank You so much sir</p>",
        "post_number": 10,
        "post_type": 1,
        "posts_count": 12,
        "updated_at": "2025-04-12T05:22:31.404Z",
        "reply_count": 1,
        "reply_to_post_number": 9,
        "quote_count": 0,
        "incoming_link_count": 0,
        "reads": 29,
        "readers_count": 28,
        "score": 10.4,
        "yours": false,
        "topic_id": 171477,
        "topic_slug": "project-1-evaluation-second-mail-is-not-correct-and-reports-files-missing-while-they-are-present",
        "display_username": "Sudhish Narayan S",
        "primary_group_name": "ds-students",
        "flair_name": "ds-students",
        "flair_url": null,
        "flair_bg_color": "",
        "flair_color": "",
        "flair_group_id": 294,
        "badges_granted": [],
        "version": 1,
        "can_edit": false,
        "can_delete": false,
        "can_recover": false,
        "can_see_hidden_post": false,
        "can_wiki": false,
        "read": false,
        "user_title": null,
        "reply_to_user": {
          "id": 16094,
          "username": "carlton",
          "name": "Carlton D'Silva",
          "avatar_template": "/user_avatar/discourse.onlinedegree.iitm.ac.in/carlton/{size}/56317_2.png"
        },
        "bookmarked": false,
        "actions_summary": [
          {
            "id": 2,
            "can_act": true
          },
          {
            "id": 6,
            "can_act": true
          },
          {
            "id": 3,
            "can_act": true
          },
          {
            "id": 4,
            "can_act": true
          },
          {
            "id": 8,
            "can_act": true
          },
          {
            "id": 10,
            "can_act": true
          },
          {
            "id": 7,
            "can_act": true
          }
        ],
        "moderator": false,
        "admin": false,
        "staff": false,
        "user_id": 32407,
        "hidden": false,
        "trust_level": 1,
        "deleted_at": null,
        "user_deleted": false,
        "edit_reason": null,
        "can_view_edit_history": true,
        "wiki": false,
        "post_url": "/t/project-1-evaluation-second-mail-is-not-correct-and-reports-files-missing-while-they-are-present/171477/10",
        "user_cakedate": "2024-06-04",
        "reactions": [],
        "current_user_reaction": null,
        "reaction_users_count": 0,
        "current_user_used_main_reaction": false,
        "can_accept_answer": false,
        "can_unaccept_answer": false,
        "accepted_answer": false,
        "topic_accepted_answer": true
      },
      {
        "id": 618500,
        "name": "Sudhish Narayan S",
        "username": "Sudhishnarayan",
        "avatar_template": "/user_avatar/discourse.onlinedegree.iitm.ac.in/sudhishnarayan/{size}/66833_2.png",
        "created_at": "2025-04-12T06:28:33.110Z",
        "cooked": "<p>Sir, I have extracted the files from the GitHub Repository, built my DockerFile withe the DockerImage I have posted. The build is successful and the dockerimage is also running sir. I have attached the screen shot below<br>\n<div class=\"lightbox-wrapper\"><a class=\"lightbox\" href=\"https://europe1.discourse-cdn.com/flex013/uploads/iitm/original/3X/5/f/5f58734cfd90a7011b3effca56b9023d51b773c0.png\" data-download-href=\"/uploads/short-url/dBsRyoAfPZZ0uPWv6BaWMFfsBWM.png?dl=1\" title=\"Screenshot 2025-04-12 115342\" rel=\"noopener nofollow ugc\"><img src=\"https://europe1.discourse-cdn.com/flex013/uploads/iitm/original/3X/5/f/5f58734cfd90a7011b3effca56b9023d51b773c0.png\" alt=\"Screenshot 2025-04-12 115342\" data-base62-sha1=\"dBsRyoAfPZZ0uPWv6BaWMFfsBWM\" width=\"690\" height=\"330\" data-dominant-color=\"141C22\"><div class=\"meta\"><svg class=\"fa d-icon d-icon-far-image svg-icon\" aria-hidden=\"true\"><use href=\"#far-image\"></use></svg><span class=\"filename\">Screenshot 2025-04-12 115342</span><span class=\"informations\">1466×702 50.4 KB</span><svg class=\"fa d-icon d-icon-discourse-expand svg-icon\" aria-hidden=\"true\"><use href=\"#discourse-expand\"></use></svg></div></a></div></p>\n<p>Sir, But I couldn’t run the last command you gave,</p>\n<pre><code class=\"lang-auto\">uv run evaluate.py --email &lt;any email&gt; --token_counter 1 --external_port 8000\n</code></pre>\n<p>As I dont have evaluate.py</p>\n<p>But, the DockerImage is built and is running without error sir.<br>\nPlease guide me after this sir<br>\nThank You So much sir</p>",
        "post_number": 11,
        "post_type": 1,
        "posts_count": 12,
        "updated_at": "2025-04-12T06:30:15.384Z",
        "reply_count": 1,
        "reply_to_post_number": 10,
        "quote_count": 0,
        "incoming_link_count": 0,
        "reads": 31,
        "readers_count": 30,
        "score": 11.0,
        "yours": false,
        "topic_id": 171477,
        "topic_slug": "project-1-evaluation-second-mail-is-not-correct-and-reports-files-missing-while-they-are-present",
        "display_username": "Sudhish Narayan S",
        "primary_group_name": "ds-students",
        "flair_name": "ds-students",
        "flair_url": null,
        "flair_bg_color": "",
        "flair_color": "",
        "flair_group_id": 294,
        "badges_granted": [],
        "version": 1,
        "can_edit": false,
        "can_delete": false,
        "can_recover": false,
        "can_see_hidden_post": false,
        "can_wiki": false,
        "read": false,
        "user_title": null,
        "reply_to_user": {
          "id": 32407,
          "username": "Sudhishnarayan",
          "name": "Sudhish Narayan S",
          "avatar_template": "/user_avatar/discourse.onlinedegree.iitm.ac.in/sudhishnarayan/{size}/66833_2.png"
        },
        "bookmarked": false,
        "actions_summary": [
          {
            "id": 2,
            "can_act": true
          },
          {
            "id": 6,
            "can_act": true
          },
          {
            "id": 3,
            "can_act": true
          },
          {
            "id": 4,
            "can_act": true
          },
          {
            "id": 8,
            "can_act": true
          },
          {
            "id": 10,
            "can_act": true
          },
          {
            "id": 7,
            "can_act": true
          }
        ],
        "moderator": false,
        "admin": false,
        "staff": false,
        "user_id": 32407,
        "hidden": false,
        "trust_level": 1,
        "deleted_at": null,
        "user_deleted": false,
        "edit_reason": null,
        "can_view_edit_history": true,
        "wiki": false,
        "post_url": "/t/project-1-evaluation-second-mail-is-not-correct-and-reports-files-missing-while-they-are-present/171477/11",
        "user_cakedate": "2024-06-04",
        "reactions": [],
        "current_user_reaction": null,
        "reaction_users_count": 0,
        "current_user_used_main_reaction": false,
        "can_accept_answer": false,
        "can_unaccept_answer": false,
        "accepted_answer": false,
        "topic_accepted_answer": true
      },
      {
        "id": 623514,
        "name": "Sudhish Narayan S",
        "username": "Sudhishnarayan",
        "avatar_template": "/user_avatar/discourse.onlinedegree.iitm.ac.in/sudhishnarayan/{size}/66833_2.png",
        "created_at": "2025-04-29T14:34:47.914Z",
        "cooked": "<p>Sir, I have extracted the files from the GitHub Repository, built my DockerFile withe the DockerImage I have posted. The build is successful and the dockerimage is also running sir. I have attached the screen shot below</p>\n<p><div class=\"lightbox-wrapper\"><a class=\"lightbox\" href=\"https://europe1.discourse-cdn.com/flex013/uploads/iitm/original/3X/5/f/5f58734cfd90a7011b3effca56b9023d51b773c0.png\" data-download-href=\"/uploads/short-url/dBsRyoAfPZZ0uPWv6BaWMFfsBWM.png?dl=1\" title=\"Screenshot 2025-04-12 115342\" rel=\"noopener nofollow ugc\"><img src=\"https://europe1.discourse-cdn.com/flex013/uploads/iitm/original/3X/5/f/5f58734cfd90a7011b3effca56b9023d51b773c0.png\" alt=\"Screenshot 2025-04-12 115342\" data-base62-sha1=\"dBsRyoAfPZZ0uPWv6BaWMFfsBWM\" width=\"690\" height=\"330\" data-dominant-color=\"141C22\"><div class=\"meta\"><svg class=\"fa d-icon d-icon-far-image svg-icon\" aria-hidden=\"true\"><use href=\"#far-image\"></use></svg><span class=\"filename\">Screenshot 2025-04-12 115342</span><span class=\"informations\">1466×702 50.4 KB</span><svg class=\"fa d-icon d-icon-discourse-expand svg-icon\" aria-hidden=\"true\"><use href=\"#discourse-expand\"></use></svg></div></a></div></p>\n<p>Sir, But I couldn’t run the last command you gave,</p>\n<pre><code class=\"lang-auto\">uv run evaluate.py --email &lt;any email&gt; --token_counter 1 --external_port 8000\n</code></pre>\n<p>As I dont have evaluate.py</p>\n<p>But, the DockerImage is built and is running without error sir.<br>\nPlease guide me after this sir<br>\nThank You So much sir</p>",
        "post_number": 12,
        "post_type": 1,
        "posts_count": 12,
        "updated_at": "2025-04-29T14:34:47.914Z",
        "reply_count": 1,
        "reply_to_post_number": 11,
        "quote_count": 0,
        "incoming_link_count": 0,
        "reads": 24,
        "readers_count": 23,
        "score": 9.0,
        "yours": false,
        "topic_id": 171477,
        "topic_slug": "project-1-evaluation-second-mail-is-not-correct-and-reports-files-missing-while-they-are-present",
        "display_username": "Sudhish Narayan S",
        "primary_group_name": "ds-students",
        "flair_name": "ds-students",
        "flair_url": null,
        "flair_bg_color": "",
        "flair_color": "",
        "flair_group_id": 294,
        "badges_granted": [],
        "version": 1,
        "can_edit": false,
        "can_delete": false,
        "can_recover": false,
        "can_see_hidden_post": false,
        "can_wiki": false,
        "read": false,
        "user_title": null,
        "reply_to_user": {
          "id": 32407,
          "username": "Sudhishnarayan",
          "name": "Sudhish Narayan S",
          "avatar_template": "/user_avatar/discourse.onlinedegree.iitm.ac.in/sudhishnarayan/{size}/66833_2.png"
        },
        "bookmarked": false,
        "actions_summary": [
          {
            "id": 2,
            "can_act": true
          },
          {
            "id": 6,
            "can_act": true
          },
          {
            "id": 3,
            "can_act": true
          },
          {
            "id": 4,
            "can_act": true
          },
          {
            "id": 8,
            "can_act": true
          },
          {
            "id": 10,
            "can_act": true
          },
          {
            "id": 7,
            "can_act": true
          }
        ],
        "moderator": false,
        "admin": false,
        "staff": false,
        "user_id": 32407,
        "hidden": false,
        "trust_level": 1,
        "deleted_at": null,
        "user_deleted": false,
        "edit_reason": null,
        "can_view_edit_history": true,
        "wiki": false,
        "post_url": "/t/project-1-evaluation-second-mail-is-not-correct-and-reports-files-missing-while-they-are-present/171477/12",
        "user_cakedate": "2024-06-04",
        "reactions": [],
        "current_user_reaction": null,
        "reaction_users_count": 0,
        "current_user_used_main_reaction": false,
        "can_accept_answer": false,
        "can_unaccept_answer": false,
        "accepted_answer": false,
        "topic_accepted_answer": true
      },
      {
        "id": 623522,
        "name": "Jivraj Singh Shekhawat",
        "username": "Jivraj",
        "avatar_template": "https://avatars.discourse-cdn.com/v4/letter/j/b9bd4f/{size}.png",
        "created_at": "2025-04-29T15:19:06.622Z",
        "cooked": "<aside class=\"quote\" data-post=\"32\" data-topic=\"173172\">\n  <div class=\"title\">\n    <div class=\"quote-controls\"></div>\n    <img alt=\"\" width=\"24\" height=\"24\" src=\"https://avatars.discourse-cdn.com/v4/letter/j/b9bd4f/48.png\" class=\"avatar\">\n    <a href=\"https://discourse.onlinedegree.iitm.ac.in/t/urgent-attn-req-technical-discrepancy-and-inconsistency-in-the-evaluation-scripts-of-graded-assignment-and-project-2/173172/32\">URGENT ATTN REQ: technical discrepancy and inconsistency in the evaluation scripts of graded assignment and project 2</a> <a class=\"badge-category__wrapper \" href=\"/c/courses/tds-kb/34\"><span data-category-id=\"34\" style=\"--category-badge-color: #0088CC; --category-badge-text-color: #FFFFFF; --parent-category-badge-color: #3AB54A;\" data-parent-category-id=\"9\" data-drop-close=\"true\" class=\"badge-category --has-parent\" title=\"This category is created to address subject-specific queries related to Tools in Data Science\"><span class=\"badge-category__name\">Tools in Data Science</span></span></a>\n  </div>\n  <blockquote>\n    Project 1 : You tried to copy parent folder(Ref:line number 8 in your <a href=\"https://github.com/sudhishssn134/project_1_tds/blob/main/Dockerfile\" rel=\"noopener nofollow ugc\">Dockerfile</a>) but there is no parent folder with respect to github repo’s root folder, so it fails evaluation. \nProject 2 : Response we received through google form was <a href=\"http://127.0.0.1:8000/api\" rel=\"noopener nofollow ugc\">http://127.0.0.1:8000/api</a> which is local host url not a vercel endpoint.\n  </blockquote>\n</aside>\n",
        "post_number": 13,
        "post_type": 1,
        "posts_count": 12,
        "updated_at": "2025-04-29T15:19:06.622Z",
        "reply_count": 0,
        "reply_to_post_number": 12,
        "quote_count": 0,
        "incoming_link_count": 1,
        "reads": 24,
        "readers_count": 23,
        "score": 9.0,
        "yours": false,
        "topic_id": 171477,
        "topic_slug": "project-1-evaluation-second-mail-is-not-correct-and-reports-files-missing-while-they-are-present",
        "display_username": "Jivraj Singh Shekhawat",
        "primary_group_name": "ds-students",
        "flair_name": "ds-students",
        "flair_url": null,
        "flair_bg_color": "",
        "flair_color": "",
        "flair_group_id": 294,
        "badges_granted": [],
        "version": 1,
        "can_edit": false,
        "can_delete": false,
        "can_recover": false,
        "can_see_hidden_post": false,
        "can_wiki": false,
        "link_counts": [
          {
            "url": "https://discourse.onlinedegree.iitm.ac.in/t/urgent-attn-req-technical-discrepancy-and-inconsistency-in-the-evaluation-scripts-of-graded-assignment-and-project-2/173172/32",
            "internal": true,
            "reflection": false,
            "title": "URGENT ATTN REQ: technical discrepancy and inconsistency in the evaluation scripts of graded assignment and project 2",
            "clicks": 0
          }
        ],
        "read": false,
        "user_title": "Course TA",
        "title_is_group": false,
        "reply_to_user": {
          "id": 32407,
          "username": "Sudhishnarayan",
          "name": "Sudhish Narayan S",
          "avatar_template": "/user_avatar/discourse.onlinedegree.iitm.ac.in/sudhishnarayan/{size}/66833_2.png"
        },
        "bookmarked": false,
        "actions_summary": [
          {
            "id": 2,
            "can_act": true
          },
          {
            "id": 6,
            "can_act": true
          },
          {
            "id": 3,
            "can_act": true
          },
          {
            "id": 4,
            "can_act": true
          },
          {
            "id": 8,
            "can_act": true
          },
          {
            "id": 10,
            "can_act": true
          },
          {
            "id": 7,
            "can_act": true
          }
        ],
        "moderator": false,
        "admin": false,
        "staff": false,
        "group_moderator": true,
        "user_id": 15651,
        "hidden": false,
        "trust_level": 2,
        "deleted_at": null,
        "user_deleted": false,
        "edit_reason": null,
        "can_view_edit_history": true,
        "wiki": false,
        "post_url": "/t/project-1-evaluation-second-mail-is-not-correct-and-reports-files-missing-while-they-are-present/171477/13",
        "user_cakedate": "2023-01-25",
        "reactions": [],
        "current_user_reaction": null,
        "reaction_users_count": 0,
        "current_user_used_main_reaction": false,
        "can_accept_answer": false,
        "can_unaccept_answer": false,
        "accepted_answer": false,
        "topic_accepted_answer": true
      }
    ],
    "stream": [
      614050,
      614959,
      615141,
      615308,
      615333,
      615350,
      618452,
      618459,
      618461,
      618500,
      623514,
      623522
    ]
  },
  "timeline_lookup": [
    [
      1,
      61
    ],
    [
      2,
      58
    ],
    [
      3,
      57
    ],
    [
      7,
      49
    ],
    [
      11,
      32
    ]
  ],
  "suggested_topics": [
    {
      "id": 173524,
      "title": "GA1 - Development Tools - Discussion Thread [TDS May 2025]",
      "fancy_title": "GA1 - Development Tools - Discussion Thread [TDS May 2025]",
      "slug": "ga1-development-tools-discussion-thread-tds-may-2025",
      "posts_count": 80,
      "reply_count": 51,
      "highest_post_number": 85,
      "image_url": null,
      "created_at": "2025-05-01T11:39:00.734Z",
      "last_posted_at": "2025-05-31T15:34:18.368Z",
      "bumped": true,
      "bumped_at": "2025-05-31T15:34:18.368Z",
      "archetype": "regular",
      "unseen": false,
      "last_read_post_number": 82,
      "unread": 0,
      "new_posts": 3,
      "unread_posts": 3,
      "pinned": false,
      "unpinned": null,
      "visible": true,
      "closed": false,
      "archived": false,
      "notification_level": 2,
      "bookmarked": false,
      "liked": false,
      "tags": [
        "term2-2025",
        "graded-assignment"
      ],
      "tags_descriptions": {},
      "like_count": 25,
      "views": 1155,
      "category_id": 34,
      "featured_link": null,
      "has_accepted_answer": false,
      "posters": [
        {
          "extras": null,
          "description": "Original Poster",
          "user": {
            "id": 9419,
            "username": "s.anand",
            "name": "Anand S",
            "avatar_template": "/user_avatar/discourse.onlinedegree.iitm.ac.in/s.anand/{size}/15264_2.png",
            "primary_group_name": "faculty",
            "flair_name": "faculty",
            "flair_url": "chalkboard-user",
            "flair_bg_color": "f2c26e",
            "flair_color": "000",
            "flair_group_id": 54,
            "trust_level": 4
          }
        },
        {
          "extras": null,
          "description": "Frequent Poster",
          "user": {
            "id": 22472,
            "username": "Advaith52",
            "name": "Advaith Sanil Kumar",
            "avatar_template": "/user_avatar/discourse.onlinedegree.iitm.ac.in/advaith52/{size}/67172_2.png",
            "primary_group_name": "ds-students",
            "flair_name": "ds-students",
            "flair_group_id": 294,
            "trust_level": 1
          }
        },
        {
          "extras": null,
          "description": "Frequent Poster",
          "user": {
            "id": 16094,
            "username": "carlton",
            "name": "Carlton D'Silva",
            "avatar_template": "/user_avatar/discourse.onlinedegree.iitm.ac.in/carlton/{size}/56317_2.png",
            "primary_group_name": "ds-students",
            "flair_name": "ds-students",
            "flair_group_id": 294,
            "trust_level": 3
          }
        },
        {
          "extras": null,
          "description": "Frequent Poster",
          "user": {
            "id": 15658,
            "username": "HritikRoshan_HRM",
            "name": "HRITIK ROSHAN MAURYA",
            "avatar_template": "/user_avatar/discourse.onlinedegree.iitm.ac.in/hritikroshan_hrm/{size}/66975_2.png",
            "primary_group_name": "ds-students",
            "flair_name": "ds-students",
            "flair_group_id": 294,
            "trust_level": 1
          }
        },
        {
          "extras": "latest",
          "description": "Most Recent Poster",
          "user": {
            "id": 12914,
            "username": "iAnimeshS",
            "name": "Animesh",
            "avatar_template": "/user_avatar/discourse.onlinedegree.iitm.ac.in/ianimeshs/{size}/12415_2.png",
            "primary_group_name": "ds-students",
            "flair_name": "ds-students",
            "flair_group_id": 294,
            "trust_level": 1
          }
        }
      ]
    },
    {
      "id": 176789,
      "title": "Vercel deployement error",
      "fancy_title": "Vercel deployement error",
      "slug": "vercel-deployement-error",
      "posts_count": 1,
      "reply_count": 0,
      "highest_post_number": 1,
      "image_url": null,
      "created_at": "2025-05-31T11:55:22.507Z",
      "last_posted_at": "2025-05-31T11:55:22.708Z",
      "bumped": true,
      "bumped_at": "2025-05-31T11:55:22.708Z",
      "archetype": "regular",
      "unseen": true,
      "pinned": false,
      "unpinned": null,
      "visible": true,
      "closed": false,
      "archived": false,
      "bookmarked": null,
      "liked": null,
      "tags": [
        "diploma-level",
        "term2-2025"
      ],
      "tags_descriptions": {},
      "like_count": 0,
      "views": 9,
      "category_id": 34,
      "featured_link": null,
      "has_accepted_answer": false,
      "posters": [
        {
          "extras": "latest single",
          "description": "Original Poster, Most Recent Poster",
          "user": {
            "id": 25506,
            "username": "23f3003724",
            "name": "Vedika Gupta",
            "avatar_template": "/user_avatar/discourse.onlinedegree.iitm.ac.in/23f3003724/{size}/68806_2.png",
            "primary_group_name": "ds-students",
            "flair_name": "ds-students",
            "flair_group_id": 294,
            "trust_level": 1
          }
        }
      ]
    }
  ],
  "tags": [
    "term1-2025",
    "tds-project-one"
  ],
  "tags_descriptions": {},
  "id": 171477,
  "title": "Project 1 Evaluation second mail is not correct and reports files missing while they are present",
  "fancy_title": "Project 1 Evaluation second mail is not correct and reports files missing while they are present",
  "posts_count": 12,
  "created_at": "2025-04-01T03:38:04.214Z",
  "views": 153,
  "reply_count": 8,
  "like_count": 3,
  "last_posted_at": "2025-04-29T15:19:06.622Z",
  "visible": true,
  "closed": false,
  "archived": false,
  "has_summary": false,
  "archetype": "regular",
  "slug": "project-1-evaluation-second-mail-is-not-correct-and-reports-files-missing-while-they-are-present",
  "category_id": 34,
  "word_count": 731,
  "deleted_at": null,
  "user_id": 15817,
  "featured_link": null,
  "pinned_globally": false,
  "pinned_at": null,
  "pinned_until": null,
  "image_url": "https://europe1.discourse-cdn.com/flex013/uploads/iitm/optimized/3X/f/0/f001f7be7e533353ac4526f1cf9d82d4211ea6e1_2_1024x393.png",
  "slow_mode_seconds": 0,
  "draft": null,
  "draft_key": "topic_171477",
  "draft_sequence": 0,
  "posted": false,
  "unpinned": null,
  "pinned": false,
  "current_post_number": 1,
  "highest_post_number": 13,
  "last_read_post_number": 4,
  "last_read_post_id": 615308,
  "deleted_by": null,
  "actions_summary": [
    {
      "id": 4,
      "count": 0,
      "hidden": false,
      "can_act": true
    },
    {
      "id": 8,
      "count": 0,
      "hidden": false,
      "can_act": true
    },
    {
      "id": 10,
      "count": 0,
      "hidden": false,
      "can_act": true
    },
    {
      "id": 7,
      "count": 0,
      "hidden": false,
      "can_act": true
    }
  ],
  "chunk_size": 20,
  "bookmarked": false,
  "topic_timer": null,
  "message_bus_last_id": 0,
  "participant_count": 5,
  "show_read_indicator": false,
  "thumbnails": [
    {
      "max_width": null,
      "max_height": null,
      "width": 1174,
      "height": 451,
      "url": "https://europe1.discourse-cdn.com/flex013/uploads/iitm/original/3X/f/0/f001f7be7e533353ac4526f1cf9d82d4211ea6e1.png"
    },
    {
      "max_width": 1024,
      "max_height": 1024,
      "width": 1024,
      "height": 393,
      "url": "https://europe1.discourse-cdn.com/flex013/uploads/iitm/optimized/3X/f/0/f001f7be7e533353ac4526f1cf9d82d4211ea6e1_2_1024x393.png"
    }
  ],
  "slow_mode_enabled_until": null,
  "tags_disable_ads": false,
  "related_topics": [
    {
      "id": 171141,
      "title": "Tds-official-Project1-discrepencies",
      "fancy_title": "Tds-official-Project1-discrepencies",
      "slug": "tds-official-project1-discrepencies",
      "posts_count": 467,
      "reply_count": 321,
      "highest_post_number": 489,
      "image_url": null,
      "created_at": "2025-03-28T18:34:40.927Z",
      "last_posted_at": "2025-04-20T09:05:20.485Z",
      "bumped": true,
      "bumped_at": "2025-04-20T09:05:20.485Z",
      "archetype": "regular",
      "unseen": false,
      "last_read_post_number": 18,
      "unread": 0,
      "new_posts": 0,
      "unread_posts": 0,
      "pinned": false,
      "unpinned": null,
      "visible": true,
      "closed": false,
      "archived": false,
      "notification_level": 1,
      "bookmarked": false,
      "liked": false,
      "tags": [
        "term1-2025",
        "tds-project-1"
      ],
      "tags_descriptions": {},
      "like_count": 150,
      "views": 1864,
      "category_id": 34,
      "featured_link": null,
      "indirectly_assigned_to": {
        "612343": {
          "assigned_to": {
            "username": "carlton",
            "name": "Carlton D'Silva",
            "avatar_template": "/user_avatar/discourse.onlinedegree.iitm.ac.in/carlton/{size}/56317_2.png"
          },
          "post_number": 15,
          "assignment_note": null,
          "assignment_status": null
        }
      },
      "has_accepted_answer": false,
      "posters": [
        {
          "extras": null,
          "description": "Original Poster",
          "user": {
            "id": 15651,
            "username": "Jivraj",
            "name": "Jivraj Singh Shekhawat",
            "avatar_template": "https://avatars.discourse-cdn.com/v4/letter/j/b9bd4f/{size}.png",
            "primary_group_name": "ds-students",
            "flair_name": "ds-students",
            "flair_group_id": 294,
            "trust_level": 2
          }
        },
        {
          "extras": null,
          "description": "Frequent Poster",
          "user": {
            "id": 14107,
            "username": "22f2001389",
            "name": "Ritwika Dutta ",
            "avatar_template": "/user_avatar/discourse.onlinedegree.iitm.ac.in/22f2001389/{size}/12849_2.png",
            "primary_group_name": "ds-students",
            "flair_name": "ds-students",
            "flair_group_id": 294,
            "trust_level": 0
          }
        },
        {
          "extras": null,
          "description": "Frequent Poster",
          "user": {
            "id": 17698,
            "username": "23f2000599",
            "name": "S Smriti",
            "avatar_template": "/user_avatar/discourse.onlinedegree.iitm.ac.in/23f2000599/{size}/66764_2.png",
            "primary_group_name": "ds-students",
            "flair_name": "ds-students",
            "flair_group_id": 294,
            "trust_level": 1
          }
        },
        {
          "extras": null,
          "description": "Frequent Poster",
          "user": {
            "id": 17038,
            "username": "22f3002723",
            "name": "Jayaram",
            "avatar_template": "/user_avatar/discourse.onlinedegree.iitm.ac.in/22f3002723/{size}/110636_2.png",
            "primary_group_name": "ds-students",
            "flair_name": "ds-students",
            "flair_group_id": 294,
            "trust_level": 1
          }
        },
        {
          "extras": "latest",
          "description": "Most Recent Poster",
          "user": {
            "id": 27708,
            "username": "23f1001822",
            "name": "Saksham",
            "avatar_template": "/user_avatar/discourse.onlinedegree.iitm.ac.in/23f1001822/{size}/66833_2.png",
            "primary_group_name": "ds-students",
            "flair_name": "ds-students",
            "flair_group_id": 294,
            "trust_level": 1
          }
        }
      ]
    },
    {
      "id": 167471,
      "title": "Project 1 Submission Marked as FAIL Despite Having Dockerfile & Image",
      "fancy_title": "Project 1 Submission Marked as FAIL Despite Having Dockerfile &amp; Image",
      "slug": "project-1-submission-marked-as-fail-despite-having-dockerfile-image",
      "posts_count": 7,
      "reply_count": 6,
      "highest_post_number": 11,
      "image_url": "https://europe1.discourse-cdn.com/flex013/uploads/iitm/original/3X/6/a/6a4a28aa638840e8d2e4dbf246ca235fd41e5ccb.png",
      "created_at": "2025-02-17T10:07:56.585Z",
      "last_posted_at": "2025-02-18T08:28:16.577Z",
      "bumped": true,
      "bumped_at": "2025-02-18T08:28:16.577Z",
      "archetype": "regular",
      "unseen": false,
      "pinned": false,
      "unpinned": null,
      "visible": true,
      "closed": false,
      "archived": false,
      "bookmarked": null,
      "liked": null,
      "tags": [
        "operational",
        "term1-2025",
        "tds-project-1"
      ],
      "tags_descriptions": {},
      "like_count": 0,
      "views": 85,
      "category_id": 34,
      "featured_link": null,
      "has_accepted_answer": true,
      "posters": [
        {
          "extras": null,
          "description": "Original Poster",
          "user": {
            "id": 14383,
            "username": "21f3002647",
            "name": "Arnav Mehta ",
            "avatar_template": "/user_avatar/discourse.onlinedegree.iitm.ac.in/21f3002647/{size}/12643_2.png",
            "primary_group_name": "ds-students",
            "flair_name": "ds-students",
            "flair_group_id": 294,
            "trust_level": 1
          }
        },
        {
          "extras": null,
          "description": "Frequent Poster, Accepted Answer",
          "user": {
            "id": 16094,
            "username": "carlton",
            "name": "Carlton D'Silva",
            "avatar_template": "/user_avatar/discourse.onlinedegree.iitm.ac.in/carlton/{size}/56317_2.png",
            "primary_group_name": "ds-students",
            "flair_name": "ds-students",
            "flair_group_id": 294,
            "trust_level": 3
          }
        },
        {
          "extras": null,
          "description": "Frequent Poster",
          "user": {
            "id": 13078,
            "username": "Saransh_Saini",
            "name": "Saransh Saini",
            "avatar_template": "/user_avatar/discourse.onlinedegree.iitm.ac.in/saransh_saini/{size}/123495_2.png",
            "primary_group_name": "ds-students",
            "flair_name": "ds-students",
            "flair_group_id": 294,
            "trust_level": 1
          }
        },
        {
          "extras": "latest",
          "description": "Most Recent Poster",
          "user": {
            "id": 22259,
            "username": "satviksawhney",
            "name": "Satvik  Sawhney",
            "avatar_template": "/user_avatar/discourse.onlinedegree.iitm.ac.in/satviksawhney/{size}/66863_2.png",
            "primary_group_name": "ds-students",
            "flair_name": "ds-students",
            "flair_group_id": 294,
            "trust_level": 0
          }
        }
      ]
    },
    {
      "id": 171485,
      "title": "Project 1 discrepancy regarding mit license",
      "fancy_title": "Project 1 discrepancy regarding mit license",
      "slug": "project-1-discrepancy-regarding-mit-license",
      "posts_count": 9,
      "reply_count": 7,
      "highest_post_number": 10,
      "image_url": "https://europe1.discourse-cdn.com/flex013/uploads/iitm/optimized/3X/a/6/a63b3e5cf7847aad19780199e18d9767880f3de8_2_1024x601.png",
      "created_at": "2025-04-01T05:16:56.405Z",
      "last_posted_at": "2025-04-06T13:59:53.894Z",
      "bumped": true,
      "bumped_at": "2025-04-06T14:22:37.817Z",
      "archetype": "regular",
      "unseen": false,
      "pinned": false,
      "unpinned": null,
      "visible": true,
      "closed": false,
      "archived": false,
      "bookmarked": null,
      "liked": null,
      "tags": [
        "clarification",
        "diploma-level",
        "tds-project-1"
      ],
      "tags_descriptions": {},
      "like_count": 1,
      "views": 91,
      "category_id": 34,
      "featured_link": null,
      "has_accepted_answer": false,
      "posters": [
        {
          "extras": "latest",
          "description": "Original Poster, Most Recent Poster",
          "user": {
            "id": 16552,
            "username": "22f3000585",
            "name": "Reva Lakshmy Paul",
            "avatar_template": "/user_avatar/discourse.onlinedegree.iitm.ac.in/22f3000585/{size}/111045_2.png",
            "primary_group_name": "ds-students",
            "flair_name": "ds-students",
            "flair_group_id": 294,
            "trust_level": 1
          }
        },
        {
          "extras": null,
          "description": "Frequent Poster",
          "user": {
            "id": 15651,
            "username": "Jivraj",
            "name": "Jivraj Singh Shekhawat",
            "avatar_template": "https://avatars.discourse-cdn.com/v4/letter/j/b9bd4f/{size}.png",
            "primary_group_name": "ds-students",
            "flair_name": "ds-students",
            "flair_group_id": 294,
            "trust_level": 2
          }
        },
        {
          "extras": null,
          "description": "Frequent Poster",
          "user": {
            "id": 31042,
            "username": "24ds2000125",
            "name": "PalakAnand",
            "avatar_template": "/user_avatar/discourse.onlinedegree.iitm.ac.in/24ds2000125/{size}/68316_2.png",
            "primary_group_name": "ds-students",
            "flair_name": "ds-students",
            "flair_group_id": 294,
            "trust_level": 1
          }
        },
        {
          "extras": null,
          "description": "Frequent Poster",
          "user": {
            "id": 16094,
            "username": "carlton",
            "name": "Carlton D'Silva",
            "avatar_template": "/user_avatar/discourse.onlinedegree.iitm.ac.in/carlton/{size}/56317_2.png",
            "primary_group_name": "ds-students",
            "flair_name": "ds-students",
            "flair_group_id": 294,
            "trust_level": 3
          }
        }
      ]
    },
    {
      "id": 155218,
      "title": "Official Announcement - Project 1 - Peer Evaluation",
      "fancy_title": "Official Announcement - Project 1 - Peer Evaluation",
      "slug": "official-announcement-project-1-peer-evaluation",
      "posts_count": 21,
      "reply_count": 12,
      "highest_post_number": 21,
      "image_url": null,
      "created_at": "2024-11-02T03:01:34.427Z",
      "last_posted_at": "2024-12-12T15:48:47.982Z",
      "bumped": true,
      "bumped_at": "2024-12-12T15:48:47.982Z",
      "archetype": "regular",
      "unseen": false,
      "pinned": false,
      "unpinned": null,
      "visible": true,
      "closed": false,
      "archived": false,
      "bookmarked": null,
      "liked": null,
      "tags": [
        "clarification",
        "term3-2024"
      ],
      "tags_descriptions": {},
      "like_count": 41,
      "views": 922,
      "category_id": 34,
      "featured_link": null,
      "has_accepted_answer": false,
      "posters": [
        {
          "extras": null,
          "description": "Original Poster",
          "user": {
            "id": 9419,
            "username": "s.anand",
            "name": "Anand S",
            "avatar_template": "/user_avatar/discourse.onlinedegree.iitm.ac.in/s.anand/{size}/15264_2.png",
            "primary_group_name": "faculty",
            "flair_name": "faculty",
            "flair_url": "chalkboard-user",
            "flair_bg_color": "f2c26e",
            "flair_color": "000",
            "flair_group_id": 54,
            "trust_level": 4
          }
        },
        {
          "extras": null,
          "description": "Frequent Poster",
          "user": {
            "id": 15480,
            "username": "23f1000205",
            "name": "Sk Noor Alam",
            "avatar_template": "/user_avatar/discourse.onlinedegree.iitm.ac.in/23f1000205/{size}/88466_2.png",
            "primary_group_name": "ds-students",
            "flair_name": "ds-students",
            "flair_group_id": 294,
            "trust_level": 1
          }
        },
        {
          "extras": null,
          "description": "Frequent Poster",
          "user": {
            "id": 15703,
            "username": "22f3003121",
            "name": "Vijeethkumar Chathu",
            "avatar_template": "https://avatars.discourse-cdn.com/v4/letter/2/b38774/{size}.png",
            "primary_group_name": "ds-students",
            "flair_name": "ds-students",
            "flair_group_id": 294,
            "trust_level": 1
          }
        },
        {
          "extras": null,
          "description": "Frequent Poster",
          "user": {
            "id": 15309,
            "username": "22f2001255",
            "name": "Hitesh Binjrawat",
            "avatar_template": "/user_avatar/discourse.onlinedegree.iitm.ac.in/22f2001255/{size}/121479_2.png",
            "primary_group_name": "ds-students",
            "flair_name": "ds-students",
            "flair_group_id": 294,
            "trust_level": 1
          }
        },
        {
          "extras": "latest",
          "description": "Most Recent Poster",
          "user": {
            "id": 16094,
            "username": "carlton",
            "name": "Carlton D'Silva",
            "avatar_template": "/user_avatar/discourse.onlinedegree.iitm.ac.in/carlton/{size}/56317_2.png",
            "primary_group_name": "ds-students",
            "flair_name": "ds-students",
            "flair_group_id": 294,
            "trust_level": 3
          }
        }
      ]
    },
    {
      "id": 160427,
      "title": "Subject: Project Submission Issue – Request for Resolution",
      "fancy_title": "Subject: Project Submission Issue – Request for Resolution",
      "slug": "subject-project-submission-issue-request-for-resolution",
      "posts_count": 3,
      "reply_count": 1,
      "highest_post_number": 4,
      "image_url": "https://europe1.discourse-cdn.com/flex013/uploads/iitm/optimized/3X/6/6/662aa8141ac5efa6a1eb76d9ceb8b5957d3ebd56_2_460x1024.jpeg",
      "created_at": "2024-12-25T13:21:57.882Z",
      "last_posted_at": "2024-12-29T14:05:00.633Z",
      "bumped": true,
      "bumped_at": "2024-12-29T14:05:00.633Z",
      "archetype": "regular",
      "unseen": false,
      "pinned": false,
      "unpinned": null,
      "visible": true,
      "closed": false,
      "archived": false,
      "bookmarked": null,
      "liked": null,
      "tags": [
        "clarification",
        "tds-project-2"
      ],
      "tags_descriptions": {},
      "like_count": 0,
      "views": 101,
      "category_id": 34,
      "featured_link": null,
      "has_accepted_answer": false,
      "posters": [
        {
          "extras": null,
          "description": "Original Poster",
          "user": {
            "id": 11849,
            "username": "21f1001805",
            "name": "Rajat",
            "avatar_template": "/user_avatar/discourse.onlinedegree.iitm.ac.in/21f1001805/{size}/99861_2.png",
            "primary_group_name": "ds-students",
            "flair_name": "ds-students",
            "flair_group_id": 294,
            "trust_level": 1
          }
        },
        {
          "extras": null,
          "description": "Frequent Poster",
          "user": {
            "id": 29456,
            "username": "acc",
            "name": "Navya",
            "avatar_template": "/user_avatar/discourse.onlinedegree.iitm.ac.in/acc/{size}/112033_2.png",
            "primary_group_name": "ds-students",
            "flair_name": "ds-students",
            "flair_group_id": 294,
            "trust_level": 1
          }
        },
        {
          "extras": "latest",
          "description": "Most Recent Poster",
          "user": {
            "id": 15651,
            "username": "Jivraj",
            "name": "Jivraj Singh Shekhawat",
            "avatar_template": "https://avatars.discourse-cdn.com/v4/letter/j/b9bd4f/{size}.png",
            "primary_group_name": "ds-students",
            "flair_name": "ds-students",
            "flair_group_id": 294,
            "trust_level": 2
          }
        }
      ]
    }
  ],
  "summarizable": false,
  "valid_reactions": [
    "heart",
    "+1",
    "laughing",
    "open_mouth",
    "clap",
    "confetti_ball",
    "rocket",
    "-1"
  ],
  "accepted_answer": {
    "post_number": 3,
    "username": "carlton",
    "name": null,
    "excerpt": "Apologies for that, \nThe second email was an automated script that used a stricter criteria. You have passed evaluation and also have a score. So dont worry. We will push scores over this weekend. We are currently doing normalisation. \nKind regards",
    "accepter_name": null,
    "accepter_username": "22f3001832"
  },
  "can_vote": false,
  "vote_count": 0,
  "user_voted": false,
  "discourse_zendesk_plugin_zendesk_id": null,
  "discourse_zendesk_plugin_zendesk_url": "https://your-url.zendesk.com/agent/tickets/",
  "details": {
    "can_edit": false,
    "notification_level": 1,
    "notifications_reason_id": null,
    "can_create_post": true,
    "can_reply_as_new_topic": true,
    "can_flag_topic": true,
    "participants": [
      {
        "id": 32407,
        "username": "Sudhishnarayan",
        "name": "Sudhish Narayan S",
        "avatar_template": "/user_avatar/discourse.onlinedegree.iitm.ac.in/sudhishnarayan/{size}/66833_2.png",
        "post_count": 4,
        "primary_group_name": "ds-students",
        "flair_name": "ds-students",
        "flair_url": null,
        "flair_color": "",
        "flair_bg_color": "",
        "flair_group_id": 294,
        "trust_level": 1
      },
      {
        "id": 16094,
        "username": "carlton",
        "name": "Carlton D'Silva",
        "avatar_template": "/user_avatar/discourse.onlinedegree.iitm.ac.in/carlton/{size}/56317_2.png",
        "post_count": 3,
        "primary_group_name": "ds-students",
        "flair_name": "ds-students",
        "flair_url": null,
        "flair_color": "",
        "flair_bg_color": "",
        "flair_group_id": 294,
        "trust_level": 3
      },
      {
        "id": 15817,
        "username": "22f3001832",
        "name": "Aryan Kohli",
        "avatar_template": "/user_avatar/discourse.onlinedegree.iitm.ac.in/22f3001832/{size}/97892_2.png",
        "post_count": 3,
        "primary_group_name": "ds-students",
        "flair_name": "ds-students",
        "flair_url": null,
        "flair_color": "",
        "flair_bg_color": "",
        "flair_group_id": 294,
        "trust_level": 1
      },
      {
        "id": 15651,
        "username": "Jivraj",
        "name": "Jivraj Singh Shekhawat",
        "avatar_template": "https://avatars.discourse-cdn.com/v4/letter/j/b9bd4f/{size}.png",
        "post_count": 1,
        "primary_group_name": "ds-students",
        "flair_name": "ds-students",
        "flair_url": null,
        "flair_color": "",
        "flair_bg_color": "",
        "flair_group_id": 294,
        "trust_level": 2
      },
      {
        "id": 17654,
        "username": "23f2000345",
        "name": "Kshitij Pandey",
        "avatar_template": "/user_avatar/discourse.onlinedegree.iitm.ac.in/23f2000345/{size}/84315_2.png",
        "post_count": 1,
        "primary_group_name": "ds-students",
        "flair_name": "ds-students",
        "flair_url": null,
        "flair_color": "",
        "flair_bg_color": "",
        "flair_group_id": 294,
        "trust_level": 1
      }
    ],
    "created_by": {
      "id": 15817,
      "username": "22f3001832",
      "name": "Aryan Kohli",
      "avatar_template": "/user_avatar/discourse.onlinedegree.iitm.ac.in/22f3001832/{size}/97892_2.png"
    },
    "last_poster": {
      "id": 15651,
      "username": "Jivraj",
      "name": "Jivraj Singh Shekhawat",
      "avatar_template": "https://avatars.discourse-cdn.com/v4/letter/j/b9bd4f/{size}.png"
    },
    "links": [
      {
        "url": "https://github.com/kohliaryan/TDS_Project_1",
        "title": "GitHub - kohliaryan/TDS_Project_1",
        "internal": false,
        "attachment": false,
        "reflection": false,
        "clicks": 6,
        "user_id": 15817,
        "domain": "github.com",
        "root_domain": "github.com"
      },
      {
        "url": "https://github.com/23f2000345/TDS_final",
        "title": "GitHub - 23f2000345/TDS_final",
        "internal": false,
        "attachment": false,
        "reflection": false,
        "clicks": 2,
        "user_id": 17654,
        "domain": "github.com",
        "root_domain": "github.com"
      }
    ]
  },
  "pending_posts": [],
  "bookmarks": []
}