{
  "post_stream": {
    "posts": [
      {
        "id": 582608,
        "name": "K Hari Prasath",
        "username": "23f2003853",
        "avatar_template": "/user_avatar/discourse.onlinedegree.iitm.ac.in/23f2003853/{size}/67184_2.png",
        "created_at": "2025-01-21T07:37:57.965Z",
        "cooked": "<p>Can anyone clarify why the following error is coming in respect of answer to question 10 Graded Assignment 2                                                                                                                                                                                         Session Status                online                                                                                    Account                       23f2003853@ds.study.iitm.ac.in (Plan: Free)                                               Version                       3.19.0                                                                                    Region                        India (in)                                                                                Latency                       38ms                                                                                      Web Interface                 <a href=\"http://127.0.0.1:4040\" rel=\"noopener nofollow ugc\">http://127.0.0.1:4040</a>                                                                     Forwarding                    <a href=\"https://ed9f-14-99-254-158.ngrok-free.app\" rel=\"noopener nofollow ugc\">https://ed9f-14-99-254-158.ngrok-free.app</a> → <a href=\"http://localhost:8080\" rel=\"noopener nofollow ugc\">http://localhost:8080</a>                                                                                                                                                Connections                   ttl     opn     rt1     rt5     p50     p90                                                                             1       0       0.01    0.00    0.01    0.01                                                                                                                                                                      HTTP Requests                                                                                                           -------------                                                                                                                                                                                                                                   13:03:06.158 IST POST /v1/chat/completions      502 Bad Gateway</p>",
        "post_number": 1,
        "post_type": 1,
        "posts_count": 1,
        "updated_at": "2025-02-08T02:01:56.240Z",
        "reply_count": 0,
        "reply_to_post_number": null,
        "quote_count": 0,
        "incoming_link_count": 0,
        "reads": 48,
        "readers_count": 47,
        "score": 8.8,
        "yours": false,
        "topic_id": 164462,
        "topic_slug": "tds-assignment-week-2",
        "display_username": "K Hari Prasath",
        "primary_group_name": "ds-students",
        "flair_name": "ds-students",
        "flair_url": null,
        "flair_bg_color": "",
        "flair_color": "",
        "flair_group_id": 294,
        "badges_granted": [],
        "version": 2,
        "can_edit": false,
        "can_delete": false,
        "can_recover": false,
        "can_see_hidden_post": false,
        "can_wiki": false,
        "link_counts": [
          {
            "url": "http://127.0.0.1:4040",
            "internal": false,
            "reflection": false,
            "clicks": 0
          },
          {
            "url": "https://ed9f-14-99-254-158.ngrok-free.app",
            "internal": false,
            "reflection": false,
            "clicks": 0
          },
          {
            "url": "http://localhost:8080",
            "internal": false,
            "reflection": false,
            "clicks": 0
          }
        ],
        "read": false,
        "user_title": null,
        "bookmarked": false,
        "actions_summary": [
          {
            "id": 2,
            "can_act": true
          },
          {
            "id": 6,
            "can_act": true
          },
          {
            "id": 3,
            "can_act": true
          },
          {
            "id": 4,
            "can_act": true
          },
          {
            "id": 8,
            "can_act": true
          },
          {
            "id": 10,
            "can_act": true
          },
          {
            "id": 7,
            "can_act": true
          }
        ],
        "moderator": false,
        "admin": false,
        "staff": false,
        "user_id": 21529,
        "hidden": false,
        "trust_level": 1,
        "deleted_at": null,
        "user_deleted": false,
        "edit_reason": null,
        "can_view_edit_history": true,
        "wiki": false,
        "post_url": "/t/tds-assignment-week-2/164462/1",
        "user_cakedate": "2023-09-18",
        "reactions": [],
        "current_user_reaction": null,
        "reaction_users_count": 0,
        "current_user_used_main_reaction": false,
        "can_accept_answer": false,
        "can_unaccept_answer": false,
        "accepted_answer": false,
        "topic_accepted_answer": null,
        "can_vote": false
      }
    ],
    "stream": [
      582608
    ]
  },
  "timeline_lookup": [
    [
      1,
      130
    ]
  ],
  "suggested_topics": [
    {
      "id": 173524,
      "title": "GA1 - Development Tools - Discussion Thread [TDS May 2025]",
      "fancy_title": "GA1 - Development Tools - Discussion Thread [TDS May 2025]",
      "slug": "ga1-development-tools-discussion-thread-tds-may-2025",
      "posts_count": 80,
      "reply_count": 51,
      "highest_post_number": 85,
      "image_url": null,
      "created_at": "2025-05-01T11:39:00.734Z",
      "last_posted_at": "2025-05-31T15:34:18.368Z",
      "bumped": true,
      "bumped_at": "2025-05-31T15:34:18.368Z",
      "archetype": "regular",
      "unseen": false,
      "last_read_post_number": 82,
      "unread": 0,
      "new_posts": 3,
      "unread_posts": 3,
      "pinned": false,
      "unpinned": null,
      "visible": true,
      "closed": false,
      "archived": false,
      "notification_level": 2,
      "bookmarked": false,
      "liked": false,
      "tags": [
        "term2-2025",
        "graded-assignment"
      ],
      "tags_descriptions": {},
      "like_count": 25,
      "views": 1155,
      "category_id": 34,
      "featured_link": null,
      "has_accepted_answer": false,
      "posters": [
        {
          "extras": null,
          "description": "Original Poster",
          "user": {
            "id": 9419,
            "username": "s.anand",
            "name": "Anand S",
            "avatar_template": "/user_avatar/discourse.onlinedegree.iitm.ac.in/s.anand/{size}/15264_2.png",
            "primary_group_name": "faculty",
            "flair_name": "faculty",
            "flair_url": "chalkboard-user",
            "flair_bg_color": "f2c26e",
            "flair_color": "000",
            "flair_group_id": 54,
            "trust_level": 4
          }
        },
        {
          "extras": null,
          "description": "Frequent Poster",
          "user": {
            "id": 22472,
            "username": "Advaith52",
            "name": "Advaith Sanil Kumar",
            "avatar_template": "/user_avatar/discourse.onlinedegree.iitm.ac.in/advaith52/{size}/67172_2.png",
            "primary_group_name": "ds-students",
            "flair_name": "ds-students",
            "flair_group_id": 294,
            "trust_level": 1
          }
        },
        {
          "extras": null,
          "description": "Frequent Poster",
          "user": {
            "id": 16094,
            "username": "carlton",
            "name": "Carlton D'Silva",
            "avatar_template": "/user_avatar/discourse.onlinedegree.iitm.ac.in/carlton/{size}/56317_2.png",
            "primary_group_name": "ds-students",
            "flair_name": "ds-students",
            "flair_group_id": 294,
            "trust_level": 3
          }
        },
        {
          "extras": null,
          "description": "Frequent Poster",
          "user": {
            "id": 15658,
            "username": "HritikRoshan_HRM",
            "name": "HRITIK ROSHAN MAURYA",
            "avatar_template": "/user_avatar/discourse.onlinedegree.iitm.ac.in/hritikroshan_hrm/{size}/66975_2.png",
            "primary_group_name": "ds-students",
            "flair_name": "ds-students",
            "flair_group_id": 294,
            "trust_level": 1
          }
        },
        {
          "extras": "latest",
          "description": "Most Recent Poster",
          "user": {
            "id": 12914,
            "username": "iAnimeshS",
            "name": "Animesh",
            "avatar_template": "/user_avatar/discourse.onlinedegree.iitm.ac.in/ianimeshs/{size}/12415_2.png",
            "primary_group_name": "ds-students",
            "flair_name": "ds-students",
            "flair_group_id": 294,
            "trust_level": 1
          }
        }
      ]
    },
    {
      "id": 176789,
      "title": "Vercel deployement error",
      "fancy_title": "Vercel deployement error",
      "slug": "vercel-deployement-error",
      "posts_count": 1,
      "reply_count": 0,
      "highest_post_number": 1,
      "image_url": null,
      "created_at": "2025-05-31T11:55:22.507Z",
      "last_posted_at": "2025-05-31T11:55:22.708Z",
      "bumped": true,
      "bumped_at": "2025-05-31T11:55:22.708Z",
      "archetype": "regular",
      "unseen": true,
      "pinned": false,
      "unpinned": null,
      "visible": true,
      "closed": false,
      "archived": false,
      "bookmarked": null,
      "liked": null,
      "tags": [
        "diploma-level",
        "term2-2025"
      ],
      "tags_descriptions": {},
      "like_count": 0,
      "views": 9,
      "category_id": 34,
      "featured_link": null,
      "has_accepted_answer": false,
      "posters": [
        {
          "extras": "latest single",
          "description": "Original Poster, Most Recent Poster",
          "user": {
            "id": 25506,
            "username": "23f3003724",
            "name": "Vedika Gupta",
            "avatar_template": "/user_avatar/discourse.onlinedegree.iitm.ac.in/23f3003724/{size}/68806_2.png",
            "primary_group_name": "ds-students",
            "flair_name": "ds-students",
            "flair_group_id": 294,
            "trust_level": 1
          }
        }
      ]
    }
  ],
  "tags": [
    "clarification"
  ],
  "tags_descriptions": {},
  "id": 164462,
  "title": "TDS - Assignment week 2",
  "fancy_title": "TDS - Assignment week 2",
  "posts_count": 1,
  "created_at": "2025-01-21T07:37:57.900Z",
  "views": 52,
  "reply_count": 0,
  "like_count": 0,
  "last_posted_at": "2025-01-21T07:37:57.965Z",
  "visible": true,
  "closed": false,
  "archived": false,
  "has_summary": false,
  "archetype": "regular",
  "slug": "tds-assignment-week-2",
  "category_id": 34,
  "word_count": 92,
  "deleted_at": null,
  "user_id": 21529,
  "featured_link": null,
  "pinned_globally": false,
  "pinned_at": null,
  "pinned_until": null,
  "image_url": null,
  "slow_mode_seconds": 0,
  "draft": null,
  "draft_key": "topic_164462",
  "draft_sequence": 0,
  "unpinned": null,
  "pinned": false,
  "current_post_number": 1,
  "highest_post_number": 1,
  "deleted_by": null,
  "actions_summary": [
    {
      "id": 4,
      "count": 0,
      "hidden": false,
      "can_act": true
    },
    {
      "id": 8,
      "count": 0,
      "hidden": false,
      "can_act": true
    },
    {
      "id": 10,
      "count": 0,
      "hidden": false,
      "can_act": true
    },
    {
      "id": 7,
      "count": 0,
      "hidden": false,
      "can_act": true
    }
  ],
  "chunk_size": 20,
  "bookmarked": false,
  "topic_timer": null,
  "message_bus_last_id": 0,
  "participant_count": 1,
  "show_read_indicator": false,
  "thumbnails": null,
  "slow_mode_enabled_until": null,
  "tags_disable_ads": false,
  "related_topics": [
    {
      "id": 84991,
      "title": "Regarding take home project 2 of TDS",
      "fancy_title": "Regarding take home project 2 of TDS",
      "slug": "regarding-take-home-project-2-of-tds",
      "posts_count": 5,
      "reply_count": 0,
      "highest_post_number": 5,
      "image_url": null,
      "created_at": "2023-04-26T13:20:28.871Z",
      "last_posted_at": "2023-04-27T20:47:41.207Z",
      "bumped": true,
      "bumped_at": "2023-04-27T20:47:41.207Z",
      "archetype": "regular",
      "unseen": false,
      "pinned": false,
      "unpinned": null,
      "visible": true,
      "closed": false,
      "archived": false,
      "bookmarked": null,
      "liked": null,
      "tags": [
        "error",
        "tds-project-2"
      ],
      "tags_descriptions": {},
      "like_count": 1,
      "views": 71,
      "category_id": 34,
      "featured_link": null,
      "has_accepted_answer": false,
      "posters": [
        {
          "extras": null,
          "description": "Original Poster",
          "user": {
            "id": 2713,
            "username": "Vishu",
            "name": "Vaishnavi Shreya ",
            "avatar_template": "/user_avatar/discourse.onlinedegree.iitm.ac.in/vishu/{size}/1264_2.png",
            "primary_group_name": "ds-students",
            "flair_name": "ds-students",
            "flair_group_id": 294,
            "trust_level": 1
          }
        },
        {
          "extras": null,
          "description": "Frequent Poster",
          "user": {
            "id": 769,
            "username": "vikash",
            "name": "Vikash Ram Mahuri",
            "avatar_template": "/user_avatar/discourse.onlinedegree.iitm.ac.in/vikash/{size}/103483_2.png",
            "primary_group_name": "ds-students",
            "flair_name": "Community-TA",
            "flair_url": "handshake-angle",
            "flair_bg_color": "717BF7",
            "flair_color": "6BEE3D",
            "flair_group_id": 89,
            "trust_level": 2
          }
        },
        {
          "extras": null,
          "description": "Frequent Poster",
          "user": {
            "id": 6142,
            "username": "Dixon",
            "name": "Dixon",
            "avatar_template": "/user_avatar/discourse.onlinedegree.iitm.ac.in/dixon/{size}/1027_2.png",
            "trust_level": 1
          }
        },
        {
          "extras": "latest",
          "description": "Most Recent Poster",
          "user": {
            "id": 9398,
            "username": "iamprasna",
            "name": "Prasanna",
            "avatar_template": "/user_avatar/discourse.onlinedegree.iitm.ac.in/iamprasna/{size}/13977_2.png",
            "primary_group_name": "course_support",
            "flair_name": "course_support",
            "flair_url": "scale-balanced",
            "flair_bg_color": "0040ff",
            "flair_color": "1affc6",
            "flair_group_id": 41,
            "trust_level": 4
          }
        }
      ]
    },
    {
      "id": 79688,
      "title": "The Portal error",
      "fancy_title": "The Portal error",
      "slug": "the-portal-error",
      "posts_count": 7,
      "reply_count": 1,
      "highest_post_number": 7,
      "image_url": null,
      "created_at": "2023-03-02T02:31:06.591Z",
      "last_posted_at": "2023-03-02T07:10:59.095Z",
      "bumped": true,
      "bumped_at": "2023-03-02T07:10:59.095Z",
      "archetype": "regular",
      "unseen": false,
      "pinned": false,
      "unpinned": null,
      "visible": true,
      "closed": false,
      "archived": false,
      "bookmarked": null,
      "liked": null,
      "tags": [
        "operational"
      ],
      "tags_descriptions": {},
      "like_count": 3,
      "views": 64,
      "category_id": 23,
      "featured_link": null,
      "has_accepted_answer": true,
      "posters": [
        {
          "extras": null,
          "description": "Original Poster",
          "user": {
            "id": 15938,
            "username": "22f3003030",
            "name": "Sankalpa Sarkar",
            "avatar_template": "/user_avatar/discourse.onlinedegree.iitm.ac.in/22f3003030/{size}/119245_2.png",
            "primary_group_name": "ds-students",
            "flair_name": "ds-students",
            "flair_group_id": 294,
            "trust_level": 1
          }
        },
        {
          "extras": "latest",
          "description": "Most Recent Poster, Accepted Answer",
          "user": {
            "id": 15853,
            "username": "somsubhra",
            "name": "Somsubhra De",
            "avatar_template": "https://avatars.discourse-cdn.com/v4/letter/s/c2a13f/{size}.png",
            "primary_group_name": "ds-students",
            "trust_level": 2
          }
        },
        {
          "extras": null,
          "description": "Frequent Poster",
          "user": {
            "id": 14989,
            "username": "22ds3000083",
            "name": "Madhusudhanan N",
            "avatar_template": "/user_avatar/discourse.onlinedegree.iitm.ac.in/22ds3000083/{size}/13582_2.png",
            "primary_group_name": "ds-students",
            "flair_name": "ds-students",
            "flair_group_id": 294,
            "trust_level": 1
          }
        },
        {
          "extras": null,
          "description": "Frequent Poster",
          "user": {
            "id": 16603,
            "username": "23ds1000045",
            "name": "SUKANYA S",
            "avatar_template": "/user_avatar/discourse.onlinedegree.iitm.ac.in/23ds1000045/{size}/59444_2.png",
            "primary_group_name": "ds-students",
            "flair_name": "ds-students",
            "flair_group_id": 294,
            "trust_level": 1
          }
        },
        {
          "extras": null,
          "description": "Frequent Poster",
          "user": {
            "id": 15780,
            "username": "22f3001307",
            "name": "Durga Prasad",
            "avatar_template": "/user_avatar/discourse.onlinedegree.iitm.ac.in/22f3001307/{size}/70467_2.png",
            "primary_group_name": "ds-students",
            "flair_name": "ds-students",
            "flair_group_id": 294,
            "trust_level": 1
          }
        }
      ]
    },
    {
      "id": 99232,
      "title": "Urgent: Issue with TDS Project 2 Scores",
      "fancy_title": "Urgent: Issue with TDS Project 2 Scores",
      "slug": "urgent-issue-with-tds-project-2-scores",
      "posts_count": 3,
      "reply_count": 1,
      "highest_post_number": 3,
      "image_url": "https://europe1.discourse-cdn.com/flex013/uploads/iitm/original/3X/8/a/8a1e7625b5eb05c2a3df9081848e690c99f4c659.png",
      "created_at": "2023-08-18T18:25:41.806Z",
      "last_posted_at": "2023-08-19T05:59:32.529Z",
      "bumped": true,
      "bumped_at": "2023-08-19T05:59:32.529Z",
      "archetype": "regular",
      "unseen": false,
      "pinned": false,
      "unpinned": null,
      "visible": true,
      "closed": false,
      "archived": false,
      "bookmarked": null,
      "liked": null,
      "tags": [
        "operational"
      ],
      "tags_descriptions": {},
      "like_count": 0,
      "views": 88,
      "category_id": 7,
      "featured_link": null,
      "has_accepted_answer": false,
      "posters": [
        {
          "extras": "latest",
          "description": "Original Poster, Most Recent Poster",
          "user": {
            "id": 8229,
            "username": "ShubhamG",
            "name": "Shubham Gattani",
            "avatar_template": "/user_avatar/discourse.onlinedegree.iitm.ac.in/shubhamg/{size}/12401_2.png",
            "primary_group_name": "ds-students",
            "flair_name": "ds-students",
            "flair_group_id": 294,
            "trust_level": 1
          }
        },
        {
          "extras": null,
          "description": "Frequent Poster",
          "user": {
            "id": 23,
            "username": "Narayanan.POD",
            "name": "Narayanan R",
            "avatar_template": "/user_avatar/discourse.onlinedegree.iitm.ac.in/narayanan.pod/{size}/297_2.png",
            "primary_group_name": "pod-ops",
            "flair_name": "pod-ops",
            "flair_url": "sun",
            "flair_bg_color": "0E7B55",
            "flair_color": "24633F",
            "flair_group_id": 43,
            "admin": true,
            "trust_level": 4
          }
        }
      ]
    },
    {
      "id": 138486,
      "title": "URGENT - Issues in GA 1, GA 3, GA 4",
      "fancy_title": "URGENT - Issues in GA 1, GA 3, GA 4",
      "slug": "urgent-issues-in-ga-1-ga-3-ga-4",
      "posts_count": 10,
      "reply_count": 5,
      "highest_post_number": 11,
      "image_url": "https://europe1.discourse-cdn.com/flex013/uploads/iitm/original/3X/9/b/9b89c48b56165ffcb50d9f2ccd59fcea9cfb8862.png",
      "created_at": "2024-07-05T06:34:30.506Z",
      "last_posted_at": "2024-07-06T07:30:03.919Z",
      "bumped": true,
      "bumped_at": "2024-07-06T07:30:03.919Z",
      "archetype": "regular",
      "unseen": false,
      "pinned": false,
      "unpinned": null,
      "visible": true,
      "closed": false,
      "archived": false,
      "bookmarked": null,
      "liked": null,
      "tags": [
        "clarification",
        "operational",
        "diploma-level",
        "guidelines",
        "course-portal"
      ],
      "tags_descriptions": {},
      "like_count": 4,
      "views": 93,
      "category_id": 30,
      "featured_link": null,
      "has_accepted_answer": true,
      "posters": [
        {
          "extras": null,
          "description": "Original Poster",
          "user": {
            "id": 13266,
            "username": "TheEternalGod03",
            "name": "Ojas Mehrotra ",
            "avatar_template": "/user_avatar/discourse.onlinedegree.iitm.ac.in/theeternalgod03/{size}/32248_2.png",
            "primary_group_name": "ds-students",
            "flair_name": "ds-students",
            "flair_group_id": 294,
            "trust_level": 1
          }
        },
        {
          "extras": null,
          "description": "Frequent Poster, Accepted Answer",
          "user": {
            "id": 1,
            "username": "jkmadathil",
            "name": "Jayakrishnan",
            "avatar_template": "/user_avatar/discourse.onlinedegree.iitm.ac.in/jkmadathil/{size}/100121_2.png",
            "primary_group_name": "ds-students",
            "flair_name": "course_support",
            "flair_url": "scale-balanced",
            "flair_bg_color": "0040ff",
            "flair_color": "1affc6",
            "flair_group_id": 41,
            "admin": true,
            "trust_level": 4
          }
        },
        {
          "extras": null,
          "description": "Frequent Poster",
          "user": {
            "id": 11530,
            "username": "21f3001724",
            "name": "Yazad Pardiwala",
            "avatar_template": "/user_avatar/discourse.onlinedegree.iitm.ac.in/21f3001724/{size}/132427_2.png",
            "primary_group_name": "ds-students",
            "flair_name": "ds-students",
            "flair_group_id": 294,
            "trust_level": 1
          }
        },
        {
          "extras": null,
          "description": "Frequent Poster",
          "user": {
            "id": 17599,
            "username": "23f1000694",
            "name": "SADHU SAI KAMALESH",
            "avatar_template": "/user_avatar/discourse.onlinedegree.iitm.ac.in/23f1000694/{size}/66836_2.png",
            "primary_group_name": "ds-students",
            "flair_name": "ds-students",
            "flair_group_id": 294,
            "trust_level": 0
          }
        },
        {
          "extras": "latest",
          "description": "Most Recent Poster",
          "user": {
            "id": 22968,
            "username": "rajan.iitm",
            "name": "Rajan Ranjith Kumar",
            "avatar_template": "/user_avatar/discourse.onlinedegree.iitm.ac.in/rajan.iitm/{size}/115224_2.png",
            "primary_group_name": "course_support",
            "flair_name": "course_support",
            "flair_url": "scale-balanced",
            "flair_bg_color": "0040ff",
            "flair_color": "1affc6",
            "flair_group_id": 41,
            "trust_level": 4
          }
        }
      ]
    },
    {
      "id": 135140,
      "title": "Graded Assignment 2",
      "fancy_title": "Graded Assignment 2",
      "slug": "graded-assignment-2",
      "posts_count": 3,
      "reply_count": 1,
      "highest_post_number": 3,
      "image_url": null,
      "created_at": "2024-06-17T04:44:14.947Z",
      "last_posted_at": "2024-06-17T04:53:49.546Z",
      "bumped": true,
      "bumped_at": "2024-06-17T04:53:49.546Z",
      "archetype": "regular",
      "unseen": false,
      "pinned": false,
      "unpinned": null,
      "visible": true,
      "closed": false,
      "archived": false,
      "bookmarked": null,
      "liked": null,
      "tags": [
        "clarification"
      ],
      "tags_descriptions": {},
      "like_count": 0,
      "views": 36,
      "category_id": 34,
      "featured_link": null,
      "has_accepted_answer": true,
      "posters": [
        {
          "extras": "latest",
          "description": "Original Poster, Most Recent Poster",
          "user": {
            "id": 19251,
            "username": "23f1001749",
            "name": "Smita Dhadhal",
            "avatar_template": "/user_avatar/discourse.onlinedegree.iitm.ac.in/23f1001749/{size}/107968_2.png",
            "primary_group_name": "ds-students",
            "flair_name": "ds-students",
            "flair_group_id": 294,
            "trust_level": 1
          }
        },
        {
          "extras": null,
          "description": "Frequent Poster, Accepted Answer",
          "user": {
            "id": 16094,
            "username": "carlton",
            "name": "Carlton D'Silva",
            "avatar_template": "/user_avatar/discourse.onlinedegree.iitm.ac.in/carlton/{size}/56317_2.png",
            "primary_group_name": "ds-students",
            "flair_name": "ds-students",
            "flair_group_id": 294,
            "trust_level": 3
          }
        }
      ]
    }
  ],
  "summarizable": false,
  "valid_reactions": [
    "heart",
    "+1",
    "laughing",
    "open_mouth",
    "clap",
    "confetti_ball",
    "rocket",
    "-1"
  ],
  "can_vote": false,
  "vote_count": 0,
  "user_voted": false,
  "discourse_zendesk_plugin_zendesk_id": null,
  "discourse_zendesk_plugin_zendesk_url": "https://your-url.zendesk.com/agent/tickets/",
  "details": {
    "can_edit": false,
    "notification_level": 1,
    "can_create_post": true,
    "can_reply_as_new_topic": true,
    "can_flag_topic": true,
    "participants": [
      {
        "id": 21529,
        "username": "23f2003853",
        "name": "K Hari Prasath",
        "avatar_template": "/user_avatar/discourse.onlinedegree.iitm.ac.in/23f2003853/{size}/67184_2.png",
        "post_count": 1,
        "primary_group_name": "ds-students",
        "flair_name": "ds-students",
        "flair_url": null,
        "flair_color": "",
        "flair_bg_color": "",
        "flair_group_id": 294,
        "trust_level": 1
      }
    ],
    "created_by": {
      "id": 21529,
      "username": "23f2003853",
      "name": "K Hari Prasath",
      "avatar_template": "/user_avatar/discourse.onlinedegree.iitm.ac.in/23f2003853/{size}/67184_2.png"
    },
    "last_poster": {
      "id": 21529,
      "username": "23f2003853",
      "name": "K Hari Prasath",
      "avatar_template": "/user_avatar/discourse.onlinedegree.iitm.ac.in/23f2003853/{size}/67184_2.png"
    }
  },
  "pending_posts": [],
  "bookmarks": []
}