{
  "post_stream": {
    "posts": [
      {
        "id": 608305,
        "name": "Carlton D'Silva",
        "username": "carlton",
        "avatar_template": "/user_avatar/discourse.onlinedegree.iitm.ac.in/carlton/{size}/56317_2.png",
        "created_at": "2025-03-19T05:09:39.178Z",
        "cooked": "<h1><a name=\"p-608305-dear-learners-1\" class=\"anchor\" href=\"#p-608305-dear-learners-1\"></a><img src=\"https://emoji.discourse-cdn.com/google/loudspeaker.png?v=14\" title=\":loudspeaker:\" class=\"emoji\" alt=\":loudspeaker:\" loading=\"lazy\" width=\"20\" height=\"20\"> Dear Learners,</h1>\n<h2><a name=\"p-608305-prof-anand-live-session-alert-2\" class=\"anchor\" href=\"#p-608305-prof-anand-live-session-alert-2\"></a>Prof. Anand Live Session Alert!</h2>\n<ul>\n<li><strong><img src=\"https://emoji.discourse-cdn.com/google/nine_o_clock.png?v=14\" title=\":nine_o_clock:\" class=\"emoji\" alt=\":nine_o_clock:\" loading=\"lazy\" width=\"20\" height=\"20\"> Date &amp; Time:</strong> Wednesday, March 19, 2025 · 9:00 – 10:00 PM (IST)  <span class=\"discourse-local-date\" data-date=\"2025-03-19\" data-email-preview=\"2025-03-19T15:30:00Z UTC\" data-time=\"21:00:00\" data-timezone=\"Asia/Calcutta\">2025-03-19T15:30:00Z</span></li>\n<li><strong><img src=\"https://emoji.discourse-cdn.com/google/microphone.png?v=14\" title=\":microphone:\" class=\"emoji\" alt=\":microphone:\" loading=\"lazy\" width=\"20\" height=\"20\"> Speaker:</strong> <strong>Professor Anand</strong> (<a class=\"mention\" href=\"/u/s.anand\">@s.anand</a>)</li>\n<li><strong><img src=\"https://emoji.discourse-cdn.com/google/pushpin.png?v=14\" title=\":pushpin:\" class=\"emoji\" alt=\":pushpin:\" loading=\"lazy\" width=\"20\" height=\"20\"> Topic:</strong> Project 2 Q&amp;A + General Course Queries</li>\n<li><strong><img src=\"https://emoji.discourse-cdn.com/google/link.png?v=14\" title=\":link:\" class=\"emoji\" alt=\":link:\" loading=\"lazy\" width=\"20\" height=\"20\"> Google Meet Link:</strong> <a href=\"https://meet.google.com/jdr-pquo-vza\">Join Here</a></li>\n</ul>\n<hr>\n<h2><a name=\"p-608305-how-to-prepare-for-the-live-session-3\" class=\"anchor\" href=\"#p-608305-how-to-prepare-for-the-live-session-3\"></a><img src=\"https://emoji.discourse-cdn.com/google/memo.png?v=14\" title=\":memo:\" class=\"emoji\" alt=\":memo:\" loading=\"lazy\" width=\"20\" height=\"20\"> How to Prepare for the Live Session</h2>\n<h3><a name=\"p-608305-h-1-ask-questions-in-advance-on-this-thread-4\" class=\"anchor\" href=\"#p-608305-h-1-ask-questions-in-advance-on-this-thread-4\"></a><img src=\"https://emoji.discourse-cdn.com/google/one.png?v=14\" title=\":one:\" class=\"emoji\" alt=\":one:\" loading=\"lazy\" width=\"20\" height=\"20\"> Ask Questions in Advance  on THIS thread</h3>\n<ul>\n<li>If you have doubts about <strong>Project 2</strong>, post your specific questions in this thread.</li>\n<li>Struggling to phrase your question clearly? Use the <strong>TDS GPT Assistant</strong> to refine your question before posting.</li>\n<li><img src=\"https://emoji.discourse-cdn.com/google/link.png?v=14\" title=\":link:\" class=\"emoji\" alt=\":link:\" loading=\"lazy\" width=\"20\" height=\"20\"> <a href=\"https://chatgpt.com/g/g-mZqKVxKDx-iitm-tds-teaching-assistant\">TDS GPT Assistant</a></li>\n<li>Please keep this thread clean and do not use it for banter or solutions. Its only for questions.</li>\n<li>Check if someone else has already asked the question before posting. Instead just use a thumbs up.</li>\n<li>If you still feel the question has not been asked exactly the way you would frame it, then go ahead and ask it.</li>\n</ul>\n<h3><a name=\"p-608305-h-2-continue-using-the-original-project-2-discussion-threadhttpsdiscourseonlinedegreeiitmacintproject-2-tds-solver-discussion-thread16902962-for-solutions-5\" class=\"anchor\" href=\"#p-608305-h-2-continue-using-the-original-project-2-discussion-threadhttpsdiscourseonlinedegreeiitmacintproject-2-tds-solver-discussion-thread16902962-for-solutions-5\"></a><img src=\"https://emoji.discourse-cdn.com/google/two.png?v=14\" title=\":two:\" class=\"emoji\" alt=\":two:\" loading=\"lazy\" width=\"20\" height=\"20\"> Continue Using the <a href=\"https://discourse.onlinedegree.iitm.ac.in/t/project-2-tds-solver-discussion-thread/169029/62\">original Project 2 Discussion Thread</a> for solutions</h3>\n<ul>\n<li>The <strong>Project 2 Discussion Thread</strong> is still available for peer and faculty support.</li>\n<li><img src=\"https://emoji.discourse-cdn.com/google/pushpin.png?v=14\" title=\":pushpin:\" class=\"emoji\" alt=\":pushpin:\" loading=\"lazy\" width=\"20\" height=\"20\"> <a href=\"https://discourse.onlinedegree.iitm.ac.in/t/project-2-tds-solver-discussion-thread/169029/62\">Discussion Thread Link</a></li>\n</ul>\n<h3><a name=\"p-608305-h-3-purpose-of-this-thread-6\" class=\"anchor\" href=\"#p-608305-h-3-purpose-of-this-thread-6\"></a><img src=\"https://emoji.discourse-cdn.com/google/three.png?v=14\" title=\":three:\" class=\"emoji\" alt=\":three:\" loading=\"lazy\" width=\"20\" height=\"20\"> Purpose of This Thread</h3>\n<ul>\n<li>Prof. Anand will <strong>review questions in advance</strong> to ensure an effective live session.</li>\n<li>Please post <strong>only relevant, well-structured questions</strong> here.</li>\n</ul>\n<hr>\n<p><strong>Don’t miss this opportunity! Get your questions ready and join the session.</strong><br>\n<img src=\"https://europe1.discourse-cdn.com/flex013/uploads/iitm/original/3X/1/9/19c5c248dceb99f92fc6975ca016a3c828bc6318.gif\" alt=\"\" data-base62-sha1=\"3FZDgpI8anDXK0XMJHgPrWYdfLy\" role=\"presentation\" width=\"480\" height=\"269\" class=\"animated\"><br>\nKind regards,<br>\n<em>TDS Team</em></p>",
        "post_number": 1,
        "post_type": 1,
        "posts_count": 6,
        "updated_at": "2025-03-19T12:37:09.286Z",
        "reply_count": 0,
        "reply_to_post_number": null,
        "quote_count": 0,
        "incoming_link_count": 16,
        "reads": 141,
        "readers_count": 140,
        "score": 137.4,
        "yours": false,
        "topic_id": 170413,
        "topic_slug": "tds-jan-25-imp-announcement-for-project-2",
        "display_username": "Carlton D'Silva",
        "primary_group_name": "ds-students",
        "flair_name": "ds-students",
        "flair_url": null,
        "flair_bg_color": "",
        "flair_color": "",
        "flair_group_id": 294,
        "badges_granted": [],
        "version": 4,
        "can_edit": false,
        "can_delete": false,
        "can_recover": false,
        "can_see_hidden_post": false,
        "can_wiki": false,
        "link_counts": [
          {
            "url": "https://chatgpt.com/g/g-mZqKVxKDx-iitm-tds-teaching-assistant",
            "internal": false,
            "reflection": false,
            "title": "ChatGPT - IITM TDS Teaching Assistant",
            "clicks": 16
          },
          {
            "url": "https://discourse.onlinedegree.iitm.ac.in/t/project-2-tds-solver-discussion-thread/169029/62",
            "internal": true,
            "reflection": false,
            "title": "Project 2 - TDS Solver - Discussion Thread",
            "clicks": 15
          },
          {
            "url": "https://meet.google.com/jdr-pquo-vza",
            "internal": false,
            "reflection": false,
            "clicks": 6
          }
        ],
        "read": false,
        "user_title": "Regular",
        "title_is_group": false,
        "bookmarked": false,
        "actions_summary": [
          {
            "id": 2,
            "count": 2,
            "can_act": true
          },
          {
            "id": 6,
            "can_act": true
          },
          {
            "id": 3,
            "can_act": true
          },
          {
            "id": 4,
            "can_act": true
          },
          {
            "id": 8,
            "can_act": true
          },
          {
            "id": 10,
            "can_act": true
          },
          {
            "id": 7,
            "can_act": true
          }
        ],
        "moderator": false,
        "admin": false,
        "staff": false,
        "group_moderator": true,
        "user_id": 16094,
        "hidden": false,
        "trust_level": 3,
        "deleted_at": null,
        "user_deleted": false,
        "edit_reason": null,
        "can_view_edit_history": true,
        "wiki": false,
        "post_url": "/t/tds-jan-25-imp-announcement-for-project-2/170413/1",
        "user_cakedate": "2023-01-25",
        "reactions": [
          {
            "id": "heart",
            "type": "emoji",
            "count": 2
          }
        ],
        "current_user_reaction": null,
        "reaction_users_count": 2,
        "current_user_used_main_reaction": false,
        "can_accept_answer": false,
        "can_unaccept_answer": false,
        "accepted_answer": false,
        "topic_accepted_answer": null,
        "can_vote": false
      },
      {
        "id": 608306,
        "name": "Carlton D'Silva",
        "username": "carlton",
        "avatar_template": "/user_avatar/discourse.onlinedegree.iitm.ac.in/carlton/{size}/56317_2.png",
        "created_at": "2025-03-19T05:09:50.078Z",
        "cooked": "",
        "post_number": 2,
        "post_type": 3,
        "posts_count": 6,
        "updated_at": "2025-03-19T05:09:50.078Z",
        "reply_count": 0,
        "reply_to_post_number": null,
        "quote_count": 0,
        "incoming_link_count": 0,
        "reads": 121,
        "readers_count": 120,
        "score": 23.8,
        "yours": false,
        "topic_id": 170413,
        "topic_slug": "tds-jan-25-imp-announcement-for-project-2",
        "display_username": "Carlton D'Silva",
        "primary_group_name": "ds-students",
        "flair_name": "ds-students",
        "flair_url": null,
        "flair_bg_color": "",
        "flair_color": "",
        "flair_group_id": 294,
        "badges_granted": [],
        "version": 1,
        "can_edit": false,
        "can_delete": false,
        "can_recover": false,
        "can_see_hidden_post": false,
        "can_wiki": false,
        "read": false,
        "user_title": "Regular",
        "title_is_group": false,
        "bookmarked": false,
        "actions_summary": [
          {
            "id": 2,
            "can_act": true
          },
          {
            "id": 6,
            "can_act": true
          },
          {
            "id": 3,
            "can_act": true
          },
          {
            "id": 4,
            "can_act": true
          },
          {
            "id": 8,
            "can_act": true
          },
          {
            "id": 10,
            "can_act": true
          },
          {
            "id": 7,
            "can_act": true
          }
        ],
        "moderator": false,
        "admin": false,
        "staff": false,
        "group_moderator": true,
        "user_id": 16094,
        "hidden": false,
        "trust_level": 3,
        "deleted_at": null,
        "user_deleted": false,
        "edit_reason": null,
        "can_view_edit_history": true,
        "wiki": false,
        "action_code": "pinned.enabled",
        "post_url": "/t/tds-jan-25-imp-announcement-for-project-2/170413/2",
        "user_cakedate": "2023-01-25",
        "reactions": [],
        "current_user_reaction": null,
        "reaction_users_count": 0,
        "current_user_used_main_reaction": false,
        "can_accept_answer": false,
        "can_unaccept_answer": false,
        "accepted_answer": false,
        "topic_accepted_answer": null
      },
      {
        "id": 608526,
        "name": "Kushagra Barodekar",
        "username": "kushabarodekar",
        "avatar_template": "/user_avatar/discourse.onlinedegree.iitm.ac.in/kushabarodekar/{size}/721_2.png",
        "created_at": "2025-03-19T15:24:25.468Z",
        "cooked": "<p>Hi <a class=\"mention\" href=\"/u/carlton\">@carlton</a> ,</p>\n<p>Will this session be recorded and shared later?<br>\nIt conflicts with live session of BA and that session is specially told that It will not be recorded.</p>",
        "post_number": 3,
        "post_type": 1,
        "posts_count": 6,
        "updated_at": "2025-03-19T15:24:25.468Z",
        "reply_count": 1,
        "reply_to_post_number": null,
        "quote_count": 0,
        "incoming_link_count": 0,
        "reads": 100,
        "readers_count": 99,
        "score": 24.6,
        "yours": false,
        "topic_id": 170413,
        "topic_slug": "tds-jan-25-imp-announcement-for-project-2",
        "display_username": "Kushagra Barodekar",
        "primary_group_name": "ds-students",
        "flair_name": "ds-students",
        "flair_url": null,
        "flair_bg_color": "",
        "flair_color": "",
        "flair_group_id": 294,
        "badges_granted": [],
        "version": 1,
        "can_edit": false,
        "can_delete": false,
        "can_recover": false,
        "can_see_hidden_post": false,
        "can_wiki": false,
        "read": false,
        "user_title": null,
        "bookmarked": false,
        "actions_summary": [
          {
            "id": 2,
            "can_act": true
          },
          {
            "id": 6,
            "can_act": true
          },
          {
            "id": 3,
            "can_act": true
          },
          {
            "id": 4,
            "can_act": true
          },
          {
            "id": 8,
            "can_act": true
          },
          {
            "id": 10,
            "can_act": true
          },
          {
            "id": 7,
            "can_act": true
          }
        ],
        "moderator": false,
        "admin": false,
        "staff": false,
        "user_id": 2900,
        "hidden": false,
        "trust_level": 1,
        "deleted_at": null,
        "user_deleted": false,
        "edit_reason": null,
        "can_view_edit_history": true,
        "wiki": false,
        "post_url": "/t/tds-jan-25-imp-announcement-for-project-2/170413/3",
        "user_cakedate": "2021-04-30",
        "reactions": [],
        "current_user_reaction": null,
        "reaction_users_count": 0,
        "current_user_used_main_reaction": false,
        "can_accept_answer": false,
        "can_unaccept_answer": false,
        "accepted_answer": false,
        "topic_accepted_answer": null
      },
      {
        "id": 608604,
        "name": "Muthupalaniappan",
        "username": "Muthupalaniappan",
        "avatar_template": "/user_avatar/discourse.onlinedegree.iitm.ac.in/muthupalaniappan/{size}/18686_2.png",
        "created_at": "2025-03-19T19:54:21.055Z",
        "cooked": "<p><a class=\"mention\" href=\"/u/carlton\">@carlton</a> sir, I too prefer a recording. I did not even attend the session due to personal work which I couldn\"t avoid. Pls support</p>",
        "post_number": 4,
        "post_type": 1,
        "posts_count": 6,
        "updated_at": "2025-03-19T19:54:21.055Z",
        "reply_count": 0,
        "reply_to_post_number": 3,
        "quote_count": 0,
        "incoming_link_count": 1,
        "reads": 93,
        "readers_count": 92,
        "score": 23.2,
        "yours": false,
        "topic_id": 170413,
        "topic_slug": "tds-jan-25-imp-announcement-for-project-2",
        "display_username": "Muthupalaniappan",
        "primary_group_name": "ds-students",
        "flair_name": "ds-students",
        "flair_url": null,
        "flair_bg_color": "",
        "flair_color": "",
        "flair_group_id": 294,
        "badges_granted": [],
        "version": 1,
        "can_edit": false,
        "can_delete": false,
        "can_recover": false,
        "can_see_hidden_post": false,
        "can_wiki": false,
        "read": false,
        "user_title": null,
        "reply_to_user": {
          "id": 2900,
          "username": "kushabarodekar",
          "name": "Kushagra Barodekar",
          "avatar_template": "/user_avatar/discourse.onlinedegree.iitm.ac.in/kushabarodekar/{size}/721_2.png"
        },
        "bookmarked": false,
        "actions_summary": [
          {
            "id": 2,
            "can_act": true
          },
          {
            "id": 6,
            "can_act": true
          },
          {
            "id": 3,
            "can_act": true
          },
          {
            "id": 4,
            "can_act": true
          },
          {
            "id": 8,
            "can_act": true
          },
          {
            "id": 10,
            "can_act": true
          },
          {
            "id": 7,
            "can_act": true
          }
        ],
        "moderator": false,
        "admin": false,
        "staff": false,
        "user_id": 11218,
        "hidden": false,
        "trust_level": 1,
        "deleted_at": null,
        "user_deleted": false,
        "edit_reason": null,
        "can_view_edit_history": true,
        "wiki": false,
        "post_url": "/t/tds-jan-25-imp-announcement-for-project-2/170413/4",
        "user_cakedate": "2022-01-07",
        "reactions": [],
        "current_user_reaction": null,
        "reaction_users_count": 0,
        "current_user_used_main_reaction": false,
        "can_accept_answer": false,
        "can_unaccept_answer": false,
        "accepted_answer": false,
        "topic_accepted_answer": null
      },
      {
        "id": 608612,
        "name": "Jivraj Singh Shekhawat",
        "username": "Jivraj",
        "avatar_template": "https://avatars.discourse-cdn.com/v4/letter/j/b9bd4f/{size}.png",
        "created_at": "2025-03-19T23:07:07.389Z",
        "cooked": "<p><a class=\"mention\" href=\"/u/kushabarodekar\">@kushabarodekar</a> <a class=\"mention\" href=\"/u/muthupalaniappan\">@Muthupalaniappan</a></p>\n<p>As usual recording will be uploaded to youtube.</p>",
        "post_number": 5,
        "post_type": 1,
        "posts_count": 6,
        "updated_at": "2025-03-19T23:07:07.389Z",
        "reply_count": 1,
        "reply_to_post_number": null,
        "quote_count": 0,
        "incoming_link_count": 1,
        "reads": 94,
        "readers_count": 93,
        "score": 28.0,
        "yours": false,
        "topic_id": 170413,
        "topic_slug": "tds-jan-25-imp-announcement-for-project-2",
        "display_username": "Jivraj Singh Shekhawat",
        "primary_group_name": "ds-students",
        "flair_name": "ds-students",
        "flair_url": null,
        "flair_bg_color": "",
        "flair_color": "",
        "flair_group_id": 294,
        "badges_granted": [],
        "version": 1,
        "can_edit": false,
        "can_delete": false,
        "can_recover": false,
        "can_see_hidden_post": false,
        "can_wiki": false,
        "read": false,
        "user_title": "Course TA",
        "title_is_group": false,
        "bookmarked": false,
        "actions_summary": [
          {
            "id": 2,
            "can_act": true
          },
          {
            "id": 6,
            "can_act": true
          },
          {
            "id": 3,
            "can_act": true
          },
          {
            "id": 4,
            "can_act": true
          },
          {
            "id": 8,
            "can_act": true
          },
          {
            "id": 10,
            "can_act": true
          },
          {
            "id": 7,
            "can_act": true
          }
        ],
        "moderator": false,
        "admin": false,
        "staff": false,
        "group_moderator": true,
        "user_id": 15651,
        "hidden": false,
        "trust_level": 2,
        "deleted_at": null,
        "user_deleted": false,
        "edit_reason": null,
        "can_view_edit_history": true,
        "wiki": false,
        "post_url": "/t/tds-jan-25-imp-announcement-for-project-2/170413/5",
        "user_cakedate": "2023-01-25",
        "reactions": [],
        "current_user_reaction": null,
        "reaction_users_count": 0,
        "current_user_used_main_reaction": false,
        "can_accept_answer": false,
        "can_unaccept_answer": false,
        "accepted_answer": false,
        "topic_accepted_answer": null
      },
      {
        "id": 608759,
        "name": "Carlton D'Silva",
        "username": "carlton",
        "avatar_template": "/user_avatar/discourse.onlinedegree.iitm.ac.in/carlton/{size}/56317_2.png",
        "created_at": "2025-03-20T09:21:20.196Z",
        "cooked": "<div class=\"youtube-onebox lazy-video-container\" data-video-id=\"RToHBe6yB_4\" data-video-title=\"Live Session - TDS\" data-video-start-time=\"\" data-provider-name=\"youtube\">\n  <a href=\"https://www.youtube.com/watch?v=RToHBe6yB_4\" target=\"_blank\" class=\"video-thumbnail\" rel=\"noopener\">\n    <img class=\"youtube-thumbnail\" src=\"https://europe1.discourse-cdn.com/flex013/uploads/iitm/original/3X/3/e/3efcd748f78a7c057c71077f79d7b0858622b9ff.jpeg\" title=\"Live Session - TDS\" data-dominant-color=\"C1BEB9\" width=\"690\" height=\"388\">\n  </a>\n</div>\n\n<p>This is the recording of the session.</p>\n<p>Kind regards</p>",
        "post_number": 6,
        "post_type": 1,
        "posts_count": 6,
        "updated_at": "2025-03-20T09:21:20.196Z",
        "reply_count": 0,
        "reply_to_post_number": 5,
        "quote_count": 0,
        "incoming_link_count": 0,
        "reads": 88,
        "readers_count": 87,
        "score": 31.8,
        "yours": false,
        "topic_id": 170413,
        "topic_slug": "tds-jan-25-imp-announcement-for-project-2",
        "display_username": "Carlton D'Silva",
        "primary_group_name": "ds-students",
        "flair_name": "ds-students",
        "flair_url": null,
        "flair_bg_color": "",
        "flair_color": "",
        "flair_group_id": 294,
        "badges_granted": [],
        "version": 1,
        "can_edit": false,
        "can_delete": false,
        "can_recover": false,
        "can_see_hidden_post": false,
        "can_wiki": false,
        "link_counts": [
          {
            "url": "https://www.youtube.com/watch?v=RToHBe6yB_4",
            "internal": false,
            "reflection": false,
            "clicks": 0
          }
        ],
        "read": false,
        "user_title": "Regular",
        "title_is_group": false,
        "reply_to_user": {
          "id": 15651,
          "username": "Jivraj",
          "name": "Jivraj Singh Shekhawat",
          "avatar_template": "https://avatars.discourse-cdn.com/v4/letter/j/b9bd4f/{size}.png"
        },
        "bookmarked": false,
        "actions_summary": [
          {
            "id": 2,
            "count": 1,
            "can_act": true
          },
          {
            "id": 6,
            "can_act": true
          },
          {
            "id": 3,
            "can_act": true
          },
          {
            "id": 4,
            "can_act": true
          },
          {
            "id": 8,
            "can_act": true
          },
          {
            "id": 10,
            "can_act": true
          },
          {
            "id": 7,
            "can_act": true
          }
        ],
        "moderator": false,
        "admin": false,
        "staff": false,
        "group_moderator": true,
        "user_id": 16094,
        "hidden": false,
        "trust_level": 3,
        "deleted_at": null,
        "user_deleted": false,
        "edit_reason": null,
        "can_view_edit_history": true,
        "wiki": false,
        "post_url": "/t/tds-jan-25-imp-announcement-for-project-2/170413/6",
        "user_cakedate": "2023-01-25",
        "reactions": [
          {
            "id": "heart",
            "type": "emoji",
            "count": 1
          }
        ],
        "current_user_reaction": null,
        "reaction_users_count": 1,
        "current_user_used_main_reaction": false,
        "can_accept_answer": false,
        "can_unaccept_answer": false,
        "accepted_answer": false,
        "topic_accepted_answer": null
      }
    ],
    "stream": [
      608305,
      608306,
      608526,
      608604,
      608612,
      608759
    ]
  },
  "timeline_lookup": [
    [
      1,
      73
    ],
    [
      6,
      72
    ]
  ],
  "suggested_topics": [
    {
      "id": 173524,
      "title": "GA1 - Development Tools - Discussion Thread [TDS May 2025]",
      "fancy_title": "GA1 - Development Tools - Discussion Thread [TDS May 2025]",
      "slug": "ga1-development-tools-discussion-thread-tds-may-2025",
      "posts_count": 80,
      "reply_count": 51,
      "highest_post_number": 85,
      "image_url": null,
      "created_at": "2025-05-01T11:39:00.734Z",
      "last_posted_at": "2025-05-31T15:34:18.368Z",
      "bumped": true,
      "bumped_at": "2025-05-31T15:34:18.368Z",
      "archetype": "regular",
      "unseen": false,
      "last_read_post_number": 82,
      "unread": 0,
      "new_posts": 3,
      "unread_posts": 3,
      "pinned": false,
      "unpinned": null,
      "visible": true,
      "closed": false,
      "archived": false,
      "notification_level": 2,
      "bookmarked": false,
      "liked": false,
      "tags": [
        "term2-2025",
        "graded-assignment"
      ],
      "tags_descriptions": {},
      "like_count": 25,
      "views": 1155,
      "category_id": 34,
      "featured_link": null,
      "has_accepted_answer": false,
      "posters": [
        {
          "extras": null,
          "description": "Original Poster",
          "user": {
            "id": 9419,
            "username": "s.anand",
            "name": "Anand S",
            "avatar_template": "/user_avatar/discourse.onlinedegree.iitm.ac.in/s.anand/{size}/15264_2.png",
            "primary_group_name": "faculty",
            "flair_name": "faculty",
            "flair_url": "chalkboard-user",
            "flair_bg_color": "f2c26e",
            "flair_color": "000",
            "flair_group_id": 54,
            "trust_level": 4
          }
        },
        {
          "extras": null,
          "description": "Frequent Poster",
          "user": {
            "id": 22472,
            "username": "Advaith52",
            "name": "Advaith Sanil Kumar",
            "avatar_template": "/user_avatar/discourse.onlinedegree.iitm.ac.in/advaith52/{size}/67172_2.png",
            "primary_group_name": "ds-students",
            "flair_name": "ds-students",
            "flair_group_id": 294,
            "trust_level": 1
          }
        },
        {
          "extras": null,
          "description": "Frequent Poster",
          "user": {
            "id": 16094,
            "username": "carlton",
            "name": "Carlton D'Silva",
            "avatar_template": "/user_avatar/discourse.onlinedegree.iitm.ac.in/carlton/{size}/56317_2.png",
            "primary_group_name": "ds-students",
            "flair_name": "ds-students",
            "flair_group_id": 294,
            "trust_level": 3
          }
        },
        {
          "extras": null,
          "description": "Frequent Poster",
          "user": {
            "id": 15658,
            "username": "HritikRoshan_HRM",
            "name": "HRITIK ROSHAN MAURYA",
            "avatar_template": "/user_avatar/discourse.onlinedegree.iitm.ac.in/hritikroshan_hrm/{size}/66975_2.png",
            "primary_group_name": "ds-students",
            "flair_name": "ds-students",
            "flair_group_id": 294,
            "trust_level": 1
          }
        },
        {
          "extras": "latest",
          "description": "Most Recent Poster",
          "user": {
            "id": 12914,
            "username": "iAnimeshS",
            "name": "Animesh",
            "avatar_template": "/user_avatar/discourse.onlinedegree.iitm.ac.in/ianimeshs/{size}/12415_2.png",
            "primary_group_name": "ds-students",
            "flair_name": "ds-students",
            "flair_group_id": 294,
            "trust_level": 1
          }
        }
      ]
    },
    {
      "id": 176789,
      "title": "Vercel deployement error",
      "fancy_title": "Vercel deployement error",
      "slug": "vercel-deployement-error",
      "posts_count": 1,
      "reply_count": 0,
      "highest_post_number": 1,
      "image_url": null,
      "created_at": "2025-05-31T11:55:22.507Z",
      "last_posted_at": "2025-05-31T11:55:22.708Z",
      "bumped": true,
      "bumped_at": "2025-05-31T11:55:22.708Z",
      "archetype": "regular",
      "unseen": true,
      "pinned": false,
      "unpinned": null,
      "visible": true,
      "closed": false,
      "archived": false,
      "bookmarked": null,
      "liked": null,
      "tags": [
        "diploma-level",
        "term2-2025"
      ],
      "tags_descriptions": {},
      "like_count": 0,
      "views": 9,
      "category_id": 34,
      "featured_link": null,
      "has_accepted_answer": false,
      "posters": [
        {
          "extras": "latest single",
          "description": "Original Poster, Most Recent Poster",
          "user": {
            "id": 25506,
            "username": "23f3003724",
            "name": "Vedika Gupta",
            "avatar_template": "/user_avatar/discourse.onlinedegree.iitm.ac.in/23f3003724/{size}/68806_2.png",
            "primary_group_name": "ds-students",
            "flair_name": "ds-students",
            "flair_group_id": 294,
            "trust_level": 1
          }
        }
      ]
    }
  ],
  "tags": [
    "clarification",
    "extra-resources",
    "term1-2025",
    "tds-project-2"
  ],
  "tags_descriptions": {},
  "id": 170413,
  "title": "[TDS JAN 25] Imp. Announcement for Project 2",
  "fancy_title": "[TDS JAN 25] Imp. Announcement for Project 2",
  "posts_count": 6,
  "created_at": "2025-03-19T05:09:38.955Z",
  "views": 208,
  "reply_count": 2,
  "like_count": 3,
  "last_posted_at": "2025-03-20T09:21:20.196Z",
  "visible": true,
  "closed": false,
  "archived": false,
  "has_summary": false,
  "archetype": "regular",
  "slug": "tds-jan-25-imp-announcement-for-project-2",
  "category_id": 34,
  "word_count": 357,
  "deleted_at": null,
  "user_id": 16094,
  "featured_link": null,
  "pinned_globally": false,
  "pinned_at": null,
  "pinned_until": null,
  "image_url": "https://europe1.discourse-cdn.com/flex013/uploads/iitm/original/3X/1/9/19c5c248dceb99f92fc6975ca016a3c828bc6318.gif",
  "slow_mode_seconds": 0,
  "draft": null,
  "draft_key": "topic_170413",
  "draft_sequence": 0,
  "unpinned": null,
  "pinned": false,
  "current_post_number": 1,
  "highest_post_number": 6,
  "deleted_by": null,
  "actions_summary": [
    {
      "id": 4,
      "count": 0,
      "hidden": false,
      "can_act": true
    },
    {
      "id": 8,
      "count": 0,
      "hidden": false,
      "can_act": true
    },
    {
      "id": 10,
      "count": 0,
      "hidden": false,
      "can_act": true
    },
    {
      "id": 7,
      "count": 0,
      "hidden": false,
      "can_act": true
    }
  ],
  "chunk_size": 20,
  "bookmarked": false,
  "topic_timer": null,
  "message_bus_last_id": 0,
  "participant_count": 4,
  "show_read_indicator": false,
  "thumbnails": [
    {
      "max_width": null,
      "max_height": null,
      "width": 480,
      "height": 269,
      "url": "https://europe1.discourse-cdn.com/flex013/uploads/iitm/original/3X/1/9/19c5c248dceb99f92fc6975ca016a3c828bc6318.gif"
    }
  ],
  "slow_mode_enabled_until": null,
  "tags_disable_ads": false,
  "related_topics": [
    {
      "id": 68483,
      "title": "TDS Project 1 - Live session from May-21 Term",
      "fancy_title": "TDS Project 1 - Live session from May-21 Term",
      "slug": "tds-project-1-live-session-from-may-21-term",
      "posts_count": 17,
      "reply_count": 10,
      "highest_post_number": 19,
      "image_url": null,
      "created_at": "2022-10-22T17:02:58.593Z",
      "last_posted_at": "2022-10-29T16:13:44.319Z",
      "bumped": true,
      "bumped_at": "2022-10-29T16:13:44.319Z",
      "archetype": "regular",
      "unseen": false,
      "pinned": false,
      "unpinned": null,
      "visible": true,
      "closed": false,
      "archived": false,
      "bookmarked": null,
      "liked": null,
      "tags": [
        "tds-project-1"
      ],
      "tags_descriptions": {},
      "like_count": 27,
      "views": 265,
      "category_id": 34,
      "featured_link": null,
      "has_accepted_answer": false,
      "posters": [
        {
          "extras": null,
          "description": "Original Poster",
          "user": {
            "id": 4025,
            "username": "M_NAGARAJAN",
            "name": "M NAGARAJAN",
            "avatar_template": "/user_avatar/discourse.onlinedegree.iitm.ac.in/m_nagarajan/{size}/466_2.png",
            "primary_group_name": "ds-students",
            "flair_name": "ds-students",
            "flair_group_id": 294,
            "trust_level": 2
          }
        },
        {
          "extras": null,
          "description": "Frequent Poster",
          "user": {
            "id": 1859,
            "username": "21f1006304",
            "name": "Rajesh Saha",
            "avatar_template": "/user_avatar/discourse.onlinedegree.iitm.ac.in/21f1006304/{size}/1172_2.png",
            "primary_group_name": "ds-students",
            "flair_name": "ds-students",
            "flair_group_id": 294,
            "trust_level": 1
          }
        },
        {
          "extras": null,
          "description": "Frequent Poster",
          "user": {
            "id": 7905,
            "username": "rohithsrinivaas",
            "name": "Rohith Srinivaas M",
            "avatar_template": "/user_avatar/discourse.onlinedegree.iitm.ac.in/rohithsrinivaas/{size}/13866_2.png",
            "primary_group_name": "course_support",
            "flair_name": "course_support",
            "flair_url": "scale-balanced",
            "flair_bg_color": "0040ff",
            "flair_color": "1affc6",
            "flair_group_id": 41,
            "trust_level": 4
          }
        },
        {
          "extras": null,
          "description": "Frequent Poster",
          "user": {
            "id": 1605,
            "username": "shri_krishna",
            "name": "Shri krishna pandey",
            "avatar_template": "/user_avatar/discourse.onlinedegree.iitm.ac.in/shri_krishna/{size}/14146_2.png",
            "primary_group_name": "ds-students",
            "flair_name": "ds-students",
            "flair_group_id": 294,
            "trust_level": 1
          }
        },
        {
          "extras": "latest",
          "description": "Most Recent Poster",
          "user": {
            "id": 3024,
            "username": "papadelta_5636",
            "name": "Preetodeep Dev",
            "avatar_template": "https://avatars.discourse-cdn.com/v4/letter/p/dc4da7/{size}.png",
            "primary_group_name": "ds-students",
            "flair_name": "Community-TA",
            "flair_url": "handshake-angle",
            "flair_bg_color": "717BF7",
            "flair_color": "6BEE3D",
            "flair_group_id": 89,
            "trust_level": 2
          }
        }
      ]
    },
    {
      "id": 118337,
      "title": "Today's live Session clashes with Mad2 live session",
      "fancy_title": "Today&rsquo;s live Session clashes with Mad2 live session",
      "slug": "todays-live-session-clashes-with-mad2-live-session",
      "posts_count": 7,
      "reply_count": 5,
      "highest_post_number": 7,
      "image_url": null,
      "created_at": "2024-02-06T05:15:51.395Z",
      "last_posted_at": "2024-02-29T23:34:46.411Z",
      "bumped": true,
      "bumped_at": "2024-02-29T23:34:46.411Z",
      "archetype": "regular",
      "unseen": false,
      "pinned": false,
      "unpinned": null,
      "visible": true,
      "closed": false,
      "archived": false,
      "bookmarked": null,
      "liked": null,
      "tags": [
        "operational"
      ],
      "tags_descriptions": {},
      "like_count": 0,
      "views": 74,
      "category_id": 34,
      "featured_link": null,
      "has_accepted_answer": false,
      "posters": [
        {
          "extras": null,
          "description": "Original Poster",
          "user": {
            "id": 11563,
            "username": "21f3001584",
            "name": "Deep Kevin Luthra",
            "avatar_template": "/user_avatar/discourse.onlinedegree.iitm.ac.in/21f3001584/{size}/14198_2.png",
            "primary_group_name": "ds-students",
            "flair_name": "ds-students",
            "flair_group_id": 294,
            "trust_level": 1
          }
        },
        {
          "extras": null,
          "description": "Frequent Poster",
          "user": {
            "id": 11208,
            "username": "anoop_saxena09",
            "name": "Anoop Kumar Saxena",
            "avatar_template": "/user_avatar/discourse.onlinedegree.iitm.ac.in/anoop_saxena09/{size}/12765_2.png",
            "primary_group_name": "ds-students",
            "flair_name": "ds-students",
            "flair_group_id": 294,
            "trust_level": 1
          }
        },
        {
          "extras": null,
          "description": "Frequent Poster",
          "user": {
            "id": 4892,
            "username": "himanshutiwari16",
            "name": "Himanshu Tiwari",
            "avatar_template": "/user_avatar/discourse.onlinedegree.iitm.ac.in/himanshutiwari16/{size}/372_2.png",
            "primary_group_name": "ds-students",
            "flair_name": "ds-students",
            "flair_group_id": 294,
            "trust_level": 1
          }
        },
        {
          "extras": null,
          "description": "Frequent Poster",
          "user": {
            "id": 4961,
            "username": "Nithish_Kumar",
            "name": "Nithish Kumar",
            "avatar_template": "/user_avatar/discourse.onlinedegree.iitm.ac.in/nithish_kumar/{size}/45_2.png",
            "primary_group_name": "ds-students",
            "flair_name": "ds-students",
            "flair_group_id": 294,
            "trust_level": 1
          }
        },
        {
          "extras": "latest",
          "description": "Most Recent Poster",
          "user": {
            "id": 12073,
            "username": "22f1001142",
            "name": "A.Vivekananda",
            "avatar_template": "/user_avatar/discourse.onlinedegree.iitm.ac.in/22f1001142/{size}/44795_2.png",
            "primary_group_name": "ds-students",
            "flair_name": "ds-students",
            "flair_group_id": 294,
            "trust_level": 1
          }
        }
      ]
    },
    {
      "id": 171054,
      "title": "Successfully Completed TDS Project 2 – Seeking Feedback & Demonstration Session",
      "fancy_title": "Successfully Completed TDS Project 2 – Seeking Feedback &amp; Demonstration Session",
      "slug": "successfully-completed-tds-project-2-seeking-feedback-demonstration-session",
      "posts_count": 6,
      "reply_count": 2,
      "highest_post_number": 6,
      "image_url": null,
      "created_at": "2025-03-27T11:40:53.435Z",
      "last_posted_at": "2025-03-31T07:29:24.499Z",
      "bumped": true,
      "bumped_at": "2025-03-31T07:29:24.499Z",
      "archetype": "regular",
      "unseen": false,
      "pinned": false,
      "unpinned": null,
      "visible": true,
      "closed": false,
      "archived": false,
      "bookmarked": null,
      "liked": null,
      "tags": [
        "diploma-level"
      ],
      "tags_descriptions": {},
      "like_count": 7,
      "views": 192,
      "category_id": 34,
      "featured_link": null,
      "has_accepted_answer": false,
      "posters": [
        {
          "extras": null,
          "description": "Original Poster",
          "user": {
            "id": 25223,
            "username": "23f2005702",
            "name": "Aarush saxena ",
            "avatar_template": "/user_avatar/discourse.onlinedegree.iitm.ac.in/23f2005702/{size}/88240_2.png",
            "primary_group_name": "ds-students",
            "flair_name": "ds-students",
            "flair_group_id": 294,
            "trust_level": 1
          }
        },
        {
          "extras": null,
          "description": "Frequent Poster",
          "user": {
            "id": 13078,
            "username": "Saransh_Saini",
            "name": "Saransh Saini",
            "avatar_template": "/user_avatar/discourse.onlinedegree.iitm.ac.in/saransh_saini/{size}/123495_2.png",
            "primary_group_name": "ds-students",
            "flair_name": "ds-students",
            "flair_group_id": 294,
            "trust_level": 1
          }
        },
        {
          "extras": null,
          "description": "Frequent Poster",
          "user": {
            "id": 7034,
            "username": "21f2000709",
            "name": "Pradeep Mondal",
            "avatar_template": "/user_avatar/discourse.onlinedegree.iitm.ac.in/21f2000709/{size}/92157_2.png",
            "primary_group_name": "ds-students",
            "flair_name": "ds-students",
            "flair_group_id": 294,
            "trust_level": 1
          }
        },
        {
          "extras": null,
          "description": "Frequent Poster",
          "user": {
            "id": 7193,
            "username": "lakshaygarg654",
            "name": "LAKSHAY",
            "avatar_template": "/user_avatar/discourse.onlinedegree.iitm.ac.in/lakshaygarg654/{size}/129814_2.png",
            "primary_group_name": "ds-students",
            "flair_name": "ds-students",
            "flair_group_id": 294,
            "trust_level": 1
          }
        },
        {
          "extras": "latest",
          "description": "Most Recent Poster",
          "user": {
            "id": 3146,
            "username": "Aryxn",
            "name": "Aryan Singh",
            "avatar_template": "https://avatars.discourse-cdn.com/v4/letter/a/9d8465/{size}.png",
            "primary_group_name": "ds-students",
            "flair_name": "ds-students",
            "flair_group_id": 294,
            "trust_level": 1
          }
        }
      ]
    },
    {
      "id": 169029,
      "title": "Project 2 - TDS Solver - Discussion Thread",
      "fancy_title": "Project 2 - TDS Solver - Discussion Thread",
      "slug": "project-2-tds-solver-discussion-thread",
      "posts_count": 690,
      "reply_count": 415,
      "highest_post_number": 715,
      "image_url": null,
      "created_at": "2025-03-03T03:42:18.928Z",
      "last_posted_at": "2025-04-25T17:08:56.564Z",
      "bumped": true,
      "bumped_at": "2025-04-25T17:08:56.564Z",
      "archetype": "regular",
      "unseen": false,
      "last_read_post_number": 591,
      "unread": 0,
      "new_posts": 0,
      "unread_posts": 0,
      "pinned": false,
      "unpinned": null,
      "visible": true,
      "closed": false,
      "archived": false,
      "notification_level": 1,
      "bookmarked": false,
      "liked": false,
      "tags": [
        "announcement",
        "term1-2025",
        "tds-project-2"
      ],
      "tags_descriptions": {},
      "like_count": 478,
      "views": 4456,
      "category_id": 34,
      "featured_link": null,
      "has_accepted_answer": false,
      "posters": [
        {
          "extras": null,
          "description": "Original Poster",
          "user": {
            "id": 9419,
            "username": "s.anand",
            "name": "Anand S",
            "avatar_template": "/user_avatar/discourse.onlinedegree.iitm.ac.in/s.anand/{size}/15264_2.png",
            "primary_group_name": "faculty",
            "flair_name": "faculty",
            "flair_url": "chalkboard-user",
            "flair_bg_color": "f2c26e",
            "flair_color": "000",
            "flair_group_id": 54,
            "trust_level": 4
          }
        },
        {
          "extras": null,
          "description": "Frequent Poster",
          "user": {
            "id": 18297,
            "username": "23f1002382",
            "name": "Andrew David",
            "avatar_template": "/user_avatar/discourse.onlinedegree.iitm.ac.in/23f1002382/{size}/68945_2.png",
            "primary_group_name": "ds-students",
            "flair_name": "ds-students",
            "flair_group_id": 294,
            "trust_level": 1
          }
        },
        {
          "extras": null,
          "description": "Frequent Poster",
          "user": {
            "id": 13078,
            "username": "Saransh_Saini",
            "name": "Saransh Saini",
            "avatar_template": "/user_avatar/discourse.onlinedegree.iitm.ac.in/saransh_saini/{size}/123495_2.png",
            "primary_group_name": "ds-students",
            "flair_name": "ds-students",
            "flair_group_id": 294,
            "trust_level": 1
          }
        },
        {
          "extras": null,
          "description": "Frequent Poster",
          "user": {
            "id": 15651,
            "username": "Jivraj",
            "name": "Jivraj Singh Shekhawat",
            "avatar_template": "https://avatars.discourse-cdn.com/v4/letter/j/b9bd4f/{size}.png",
            "primary_group_name": "ds-students",
            "flair_name": "ds-students",
            "flair_group_id": 294,
            "trust_level": 2
          }
        },
        {
          "extras": "latest",
          "description": "Most Recent Poster",
          "user": {
            "id": 35950,
            "username": "Algsoch",
            "name": "Vicky Kumar",
            "avatar_template": "/user_avatar/discourse.onlinedegree.iitm.ac.in/algsoch/{size}/111675_2.png",
            "primary_group_name": "ds-students",
            "flair_name": "ds-students",
            "flair_group_id": 294,
            "trust_level": 1
          }
        }
      ]
    },
    {
      "id": 69106,
      "title": "Project 1 - Follow up on live session of 25/Oct",
      "fancy_title": "Project 1 - Follow up on live session of 25/Oct",
      "slug": "project-1-follow-up-on-live-session-of-25-oct",
      "posts_count": 3,
      "reply_count": 0,
      "highest_post_number": 3,
      "image_url": null,
      "created_at": "2022-10-29T12:50:33.072Z",
      "last_posted_at": "2022-10-29T16:12:03.640Z",
      "bumped": true,
      "bumped_at": "2022-10-29T16:12:03.640Z",
      "archetype": "regular",
      "unseen": false,
      "pinned": false,
      "unpinned": null,
      "visible": true,
      "closed": false,
      "archived": false,
      "bookmarked": null,
      "liked": null,
      "tags": [
        "tds-project-1"
      ],
      "tags_descriptions": {},
      "like_count": 4,
      "views": 34,
      "category_id": 34,
      "featured_link": null,
      "has_accepted_answer": true,
      "posters": [
        {
          "extras": null,
          "description": "Original Poster",
          "user": {
            "id": 4025,
            "username": "M_NAGARAJAN",
            "name": "M NAGARAJAN",
            "avatar_template": "/user_avatar/discourse.onlinedegree.iitm.ac.in/m_nagarajan/{size}/466_2.png",
            "primary_group_name": "ds-students",
            "flair_name": "ds-students",
            "flair_group_id": 294,
            "trust_level": 2
          }
        },
        {
          "extras": "latest",
          "description": "Most Recent Poster, Accepted Answer",
          "user": {
            "id": 1,
            "username": "jkmadathil",
            "name": "Jayakrishnan",
            "avatar_template": "/user_avatar/discourse.onlinedegree.iitm.ac.in/jkmadathil/{size}/100121_2.png",
            "primary_group_name": "ds-students",
            "flair_name": "course_support",
            "flair_url": "scale-balanced",
            "flair_bg_color": "0040ff",
            "flair_color": "1affc6",
            "flair_group_id": 41,
            "admin": true,
            "trust_level": 4
          }
        },
        {
          "extras": null,
          "description": "Frequent Poster",
          "user": {
            "id": 3024,
            "username": "papadelta_5636",
            "name": "Preetodeep Dev",
            "avatar_template": "https://avatars.discourse-cdn.com/v4/letter/p/dc4da7/{size}.png",
            "primary_group_name": "ds-students",
            "flair_name": "Community-TA",
            "flair_url": "handshake-angle",
            "flair_bg_color": "717BF7",
            "flair_color": "6BEE3D",
            "flair_group_id": 89,
            "trust_level": 2
          }
        }
      ]
    }
  ],
  "summarizable": false,
  "valid_reactions": [
    "heart",
    "+1",
    "laughing",
    "open_mouth",
    "clap",
    "confetti_ball",
    "rocket",
    "-1"
  ],
  "can_vote": false,
  "vote_count": 0,
  "user_voted": false,
  "discourse_zendesk_plugin_zendesk_id": null,
  "discourse_zendesk_plugin_zendesk_url": "https://your-url.zendesk.com/agent/tickets/",
  "details": {
    "can_edit": false,
    "notification_level": 1,
    "can_create_post": true,
    "can_reply_as_new_topic": true,
    "can_flag_topic": true,
    "participants": [
      {
        "id": 16094,
        "username": "carlton",
        "name": "Carlton D'Silva",
        "avatar_template": "/user_avatar/discourse.onlinedegree.iitm.ac.in/carlton/{size}/56317_2.png",
        "post_count": 2,
        "primary_group_name": "ds-students",
        "flair_name": "ds-students",
        "flair_url": null,
        "flair_color": "",
        "flair_bg_color": "",
        "flair_group_id": 294,
        "trust_level": 3
      },
      {
        "id": 2900,
        "username": "kushabarodekar",
        "name": "Kushagra Barodekar",
        "avatar_template": "/user_avatar/discourse.onlinedegree.iitm.ac.in/kushabarodekar/{size}/721_2.png",
        "post_count": 1,
        "primary_group_name": "ds-students",
        "flair_name": "ds-students",
        "flair_url": null,
        "flair_color": "",
        "flair_bg_color": "",
        "flair_group_id": 294,
        "trust_level": 1
      },
      {
        "id": 15651,
        "username": "Jivraj",
        "name": "Jivraj Singh Shekhawat",
        "avatar_template": "https://avatars.discourse-cdn.com/v4/letter/j/b9bd4f/{size}.png",
        "post_count": 1,
        "primary_group_name": "ds-students",
        "flair_name": "ds-students",
        "flair_url": null,
        "flair_color": "",
        "flair_bg_color": "",
        "flair_group_id": 294,
        "trust_level": 2
      },
      {
        "id": 11218,
        "username": "Muthupalaniappan",
        "name": "Muthupalaniappan",
        "avatar_template": "/user_avatar/discourse.onlinedegree.iitm.ac.in/muthupalaniappan/{size}/18686_2.png",
        "post_count": 1,
        "primary_group_name": "ds-students",
        "flair_name": "ds-students",
        "flair_url": null,
        "flair_color": "",
        "flair_bg_color": "",
        "flair_group_id": 294,
        "trust_level": 1
      }
    ],
    "created_by": {
      "id": 16094,
      "username": "carlton",
      "name": "Carlton D'Silva",
      "avatar_template": "/user_avatar/discourse.onlinedegree.iitm.ac.in/carlton/{size}/56317_2.png"
    },
    "last_poster": {
      "id": 16094,
      "username": "carlton",
      "name": "Carlton D'Silva",
      "avatar_template": "/user_avatar/discourse.onlinedegree.iitm.ac.in/carlton/{size}/56317_2.png"
    },
    "links": [
      {
        "url": "https://chatgpt.com/g/g-mZqKVxKDx-iitm-tds-teaching-assistant",
        "title": "ChatGPT - IITM TDS Teaching Assistant",
        "internal": false,
        "attachment": false,
        "reflection": false,
        "clicks": 16,
        "user_id": 16094,
        "domain": "chatgpt.com",
        "root_domain": "chatgpt.com"
      },
      {
        "url": "https://discourse.onlinedegree.iitm.ac.in/t/project-2-tds-solver-discussion-thread/169029/62",
        "title": "Project 2 - TDS Solver - Discussion Thread",
        "internal": true,
        "attachment": false,
        "reflection": false,
        "clicks": 15,
        "user_id": 16094,
        "domain": "discourse.onlinedegree.iitm.ac.in",
        "root_domain": "iitm.ac.in"
      },
      {
        "url": "https://meet.google.com/jdr-pquo-vza",
        "title": null,
        "internal": false,
        "attachment": false,
        "reflection": false,
        "clicks": 6,
        "user_id": 16094,
        "domain": "meet.google.com",
        "root_domain": "google.com"
      }
    ]
  },
  "pending_posts": [],
  "bookmarks": []
}