{
  "post_stream": {
    "posts": [
      {
        "id": 598114,
        "name": "Rounaq Biswas",
        "username": "23f3004238",
        "avatar_template": "/user_avatar/discourse.onlinedegree.iitm.ac.in/23f3004238/{size}/121556_2.png",
        "created_at": "2025-02-21T19:25:35.401Z",
        "cooked": "<p><div class=\"lightbox-wrapper\"><a class=\"lightbox\" href=\"https://europe1.discourse-cdn.com/flex013/uploads/iitm/original/3X/e/9/e9585e072dfc3561e03c611c02e5b5e283f3f1be.png\" data-download-href=\"/uploads/short-url/xigzKJTuYuAfS4XNivwwKsTX8kK.png?dl=1\" title=\"Screenshot 2025-02-22 at 12.41.09 AM\" rel=\"noopener nofollow ugc\"><img src=\"https://europe1.discourse-cdn.com/flex013/uploads/iitm/optimized/3X/e/9/e9585e072dfc3561e03c611c02e5b5e283f3f1be_2_690x448.png\" alt=\"Screenshot 2025-02-22 at 12.41.09 AM\" data-base62-sha1=\"xigzKJTuYuAfS4XNivwwKsTX8kK\" width=\"690\" height=\"448\" srcset=\"https://europe1.discourse-cdn.com/flex013/uploads/iitm/optimized/3X/e/9/e9585e072dfc3561e03c611c02e5b5e283f3f1be_2_690x448.png, https://europe1.discourse-cdn.com/flex013/uploads/iitm/optimized/3X/e/9/e9585e072dfc3561e03c611c02e5b5e283f3f1be_2_1035x672.png 1.5x, https://europe1.discourse-cdn.com/flex013/uploads/iitm/optimized/3X/e/9/e9585e072dfc3561e03c611c02e5b5e283f3f1be_2_1380x896.png 2x\" data-dominant-color=\"2C2B2E\"><div class=\"meta\"><svg class=\"fa d-icon d-icon-far-image svg-icon\" aria-hidden=\"true\"><use href=\"#far-image\"></use></svg><span class=\"filename\">Screenshot 2025-02-22 at 12.41.09 AM</span><span class=\"informations\">2940×1912 443 KB</span><svg class=\"fa d-icon d-icon-discourse-expand svg-icon\" aria-hidden=\"true\"><use href=\"#discourse-expand\"></use></svg></div></a></div></p>\n<p>Is this something to worry about?</p>",
        "post_number": 1,
        "post_type": 1,
        "posts_count": 2,
        "updated_at": "2025-02-21T19:25:35.401Z",
        "reply_count": 0,
        "reply_to_post_number": null,
        "quote_count": 0,
        "incoming_link_count": 0,
        "reads": 25,
        "readers_count": 24,
        "score": 4.2,
        "yours": false,
        "topic_id": 168017,
        "topic_slug": "ga5-score-not-reflecting-in-the-page-after-deadline",
        "display_username": "Rounaq Biswas",
        "primary_group_name": "ds-students",
        "flair_name": "ds-students",
        "flair_url": null,
        "flair_bg_color": "",
        "flair_color": "",
        "flair_group_id": 294,
        "badges_granted": [],
        "version": 1,
        "can_edit": false,
        "can_delete": false,
        "can_recover": false,
        "can_see_hidden_post": false,
        "can_wiki": false,
        "read": true,
        "user_title": null,
        "bookmarked": false,
        "actions_summary": [
          {
            "id": 2,
            "can_act": true
          },
          {
            "id": 6,
            "can_act": true
          },
          {
            "id": 3,
            "can_act": true
          },
          {
            "id": 4,
            "can_act": true
          },
          {
            "id": 8,
            "can_act": true
          },
          {
            "id": 10,
            "can_act": true
          },
          {
            "id": 7,
            "can_act": true
          }
        ],
        "moderator": false,
        "admin": false,
        "staff": false,
        "user_id": 25624,
        "hidden": false,
        "trust_level": 0,
        "deleted_at": null,
        "user_deleted": false,
        "edit_reason": null,
        "can_view_edit_history": true,
        "wiki": false,
        "post_url": "/t/ga5-score-not-reflecting-in-the-page-after-deadline/168017/1",
        "user_cakedate": "2024-01-23",
        "reactions": [],
        "current_user_reaction": null,
        "reaction_users_count": 0,
        "current_user_used_main_reaction": false,
        "can_accept_answer": false,
        "can_unaccept_answer": false,
        "accepted_answer": false,
        "topic_accepted_answer": true,
        "can_vote": false
      },
      {
        "id": 598162,
        "name": "Carlton D'Silva",
        "username": "carlton",
        "avatar_template": "/user_avatar/discourse.onlinedegree.iitm.ac.in/carlton/{size}/56317_2.png",
        "created_at": "2025-02-22T03:16:58.662Z",
        "cooked": "<p>This is nothing to worry about because as you can see in the Recent saves section, it has your score history. We have your entire submission history because we log that.</p>\n<p>Kind regards</p>",
        "post_number": 2,
        "post_type": 1,
        "posts_count": 2,
        "updated_at": "2025-02-22T03:16:58.662Z",
        "reply_count": 0,
        "reply_to_post_number": null,
        "quote_count": 0,
        "incoming_link_count": 3,
        "reads": 22,
        "readers_count": 21,
        "score": 18.4,
        "yours": false,
        "topic_id": 168017,
        "topic_slug": "ga5-score-not-reflecting-in-the-page-after-deadline",
        "display_username": "Carlton D'Silva",
        "primary_group_name": "ds-students",
        "flair_name": "ds-students",
        "flair_url": null,
        "flair_bg_color": "",
        "flair_color": "",
        "flair_group_id": 294,
        "badges_granted": [],
        "version": 1,
        "can_edit": false,
        "can_delete": false,
        "can_recover": false,
        "can_see_hidden_post": false,
        "can_wiki": false,
        "read": true,
        "user_title": "Regular",
        "title_is_group": false,
        "bookmarked": false,
        "actions_summary": [
          {
            "id": 2,
            "can_act": true
          },
          {
            "id": 6,
            "can_act": true
          },
          {
            "id": 3,
            "can_act": true
          },
          {
            "id": 4,
            "can_act": true
          },
          {
            "id": 8,
            "can_act": true
          },
          {
            "id": 10,
            "can_act": true
          },
          {
            "id": 7,
            "can_act": true
          }
        ],
        "moderator": false,
        "admin": false,
        "staff": false,
        "group_moderator": true,
        "user_id": 16094,
        "hidden": false,
        "trust_level": 3,
        "deleted_at": null,
        "user_deleted": false,
        "edit_reason": null,
        "can_view_edit_history": true,
        "wiki": false,
        "post_url": "/t/ga5-score-not-reflecting-in-the-page-after-deadline/168017/2",
        "user_cakedate": "2023-01-25",
        "reactions": [],
        "current_user_reaction": null,
        "reaction_users_count": 0,
        "current_user_used_main_reaction": false,
        "can_accept_answer": false,
        "can_unaccept_answer": false,
        "accepted_answer": true,
        "topic_accepted_answer": true
      }
    ],
    "stream": [
      598114,
      598162
    ]
  },
  "timeline_lookup": [
    [
      1,
      99
    ]
  ],
  "suggested_topics": [
    {
      "id": 173524,
      "title": "GA1 - Development Tools - Discussion Thread [TDS May 2025]",
      "fancy_title": "GA1 - Development Tools - Discussion Thread [TDS May 2025]",
      "slug": "ga1-development-tools-discussion-thread-tds-may-2025",
      "posts_count": 80,
      "reply_count": 51,
      "highest_post_number": 85,
      "image_url": null,
      "created_at": "2025-05-01T11:39:00.734Z",
      "last_posted_at": "2025-05-31T15:34:18.368Z",
      "bumped": true,
      "bumped_at": "2025-05-31T15:34:18.368Z",
      "archetype": "regular",
      "unseen": false,
      "last_read_post_number": 82,
      "unread": 0,
      "new_posts": 3,
      "unread_posts": 3,
      "pinned": false,
      "unpinned": null,
      "visible": true,
      "closed": false,
      "archived": false,
      "notification_level": 2,
      "bookmarked": false,
      "liked": false,
      "tags": [
        "term2-2025",
        "graded-assignment"
      ],
      "tags_descriptions": {},
      "like_count": 25,
      "views": 1155,
      "category_id": 34,
      "featured_link": null,
      "has_accepted_answer": false,
      "posters": [
        {
          "extras": null,
          "description": "Original Poster",
          "user": {
            "id": 9419,
            "username": "s.anand",
            "name": "Anand S",
            "avatar_template": "/user_avatar/discourse.onlinedegree.iitm.ac.in/s.anand/{size}/15264_2.png",
            "primary_group_name": "faculty",
            "flair_name": "faculty",
            "flair_url": "chalkboard-user",
            "flair_bg_color": "f2c26e",
            "flair_color": "000",
            "flair_group_id": 54,
            "trust_level": 4
          }
        },
        {
          "extras": null,
          "description": "Frequent Poster",
          "user": {
            "id": 22472,
            "username": "Advaith52",
            "name": "Advaith Sanil Kumar",
            "avatar_template": "/user_avatar/discourse.onlinedegree.iitm.ac.in/advaith52/{size}/67172_2.png",
            "primary_group_name": "ds-students",
            "flair_name": "ds-students",
            "flair_group_id": 294,
            "trust_level": 1
          }
        },
        {
          "extras": null,
          "description": "Frequent Poster",
          "user": {
            "id": 16094,
            "username": "carlton",
            "name": "Carlton D'Silva",
            "avatar_template": "/user_avatar/discourse.onlinedegree.iitm.ac.in/carlton/{size}/56317_2.png",
            "primary_group_name": "ds-students",
            "flair_name": "ds-students",
            "flair_group_id": 294,
            "trust_level": 3
          }
        },
        {
          "extras": null,
          "description": "Frequent Poster",
          "user": {
            "id": 15658,
            "username": "HritikRoshan_HRM",
            "name": "HRITIK ROSHAN MAURYA",
            "avatar_template": "/user_avatar/discourse.onlinedegree.iitm.ac.in/hritikroshan_hrm/{size}/66975_2.png",
            "primary_group_name": "ds-students",
            "flair_name": "ds-students",
            "flair_group_id": 294,
            "trust_level": 1
          }
        },
        {
          "extras": "latest",
          "description": "Most Recent Poster",
          "user": {
            "id": 12914,
            "username": "iAnimeshS",
            "name": "Animesh",
            "avatar_template": "/user_avatar/discourse.onlinedegree.iitm.ac.in/ianimeshs/{size}/12415_2.png",
            "primary_group_name": "ds-students",
            "flair_name": "ds-students",
            "flair_group_id": 294,
            "trust_level": 1
          }
        }
      ]
    },
    {
      "id": 176789,
      "title": "Vercel deployement error",
      "fancy_title": "Vercel deployement error",
      "slug": "vercel-deployement-error",
      "posts_count": 1,
      "reply_count": 0,
      "highest_post_number": 1,
      "image_url": null,
      "created_at": "2025-05-31T11:55:22.507Z",
      "last_posted_at": "2025-05-31T11:55:22.708Z",
      "bumped": true,
      "bumped_at": "2025-05-31T11:55:22.708Z",
      "archetype": "regular",
      "unseen": true,
      "pinned": false,
      "unpinned": null,
      "visible": true,
      "closed": false,
      "archived": false,
      "bookmarked": null,
      "liked": null,
      "tags": [
        "diploma-level",
        "term2-2025"
      ],
      "tags_descriptions": {},
      "like_count": 0,
      "views": 9,
      "category_id": 34,
      "featured_link": null,
      "has_accepted_answer": false,
      "posters": [
        {
          "extras": "latest single",
          "description": "Original Poster, Most Recent Poster",
          "user": {
            "id": 25506,
            "username": "23f3003724",
            "name": "Vedika Gupta",
            "avatar_template": "/user_avatar/discourse.onlinedegree.iitm.ac.in/23f3003724/{size}/68806_2.png",
            "primary_group_name": "ds-students",
            "flair_name": "ds-students",
            "flair_group_id": 294,
            "trust_level": 1
          }
        }
      ]
    }
  ],
  "tags": [
    "diploma-level"
  ],
  "tags_descriptions": {},
  "id": 168017,
  "title": "GA5 Score Not Reflecting in The Page After Deadline",
  "fancy_title": "GA5 Score Not Reflecting in The Page After Deadline",
  "posts_count": 2,
  "created_at": "2025-02-21T19:25:35.201Z",
  "views": 29,
  "reply_count": 0,
  "like_count": 0,
  "last_posted_at": "2025-02-22T03:16:58.662Z",
  "visible": true,
  "closed": false,
  "archived": false,
  "has_summary": false,
  "archetype": "regular",
  "slug": "ga5-score-not-reflecting-in-the-page-after-deadline",
  "category_id": 34,
  "word_count": 52,
  "deleted_at": null,
  "user_id": 25624,
  "featured_link": null,
  "pinned_globally": false,
  "pinned_at": null,
  "pinned_until": null,
  "image_url": "https://europe1.discourse-cdn.com/flex013/uploads/iitm/optimized/3X/e/9/e9585e072dfc3561e03c611c02e5b5e283f3f1be_2_1023x665.png",
  "slow_mode_seconds": 0,
  "draft": null,
  "draft_key": "topic_168017",
  "draft_sequence": 0,
  "posted": false,
  "unpinned": null,
  "pinned": false,
  "current_post_number": 1,
  "highest_post_number": 2,
  "last_read_post_number": 2,
  "last_read_post_id": 598162,
  "deleted_by": null,
  "actions_summary": [
    {
      "id": 4,
      "count": 0,
      "hidden": false,
      "can_act": true
    },
    {
      "id": 8,
      "count": 0,
      "hidden": false,
      "can_act": true
    },
    {
      "id": 10,
      "count": 0,
      "hidden": false,
      "can_act": true
    },
    {
      "id": 7,
      "count": 0,
      "hidden": false,
      "can_act": true
    }
  ],
  "chunk_size": 20,
  "bookmarked": false,
  "topic_timer": null,
  "message_bus_last_id": 0,
  "participant_count": 2,
  "show_read_indicator": false,
  "thumbnails": [
    {
      "max_width": null,
      "max_height": null,
      "width": 2940,
      "height": 1912,
      "url": "https://europe1.discourse-cdn.com/flex013/uploads/iitm/original/3X/e/9/e9585e072dfc3561e03c611c02e5b5e283f3f1be.png"
    },
    {
      "max_width": 1024,
      "max_height": 1024,
      "width": 1023,
      "height": 665,
      "url": "https://europe1.discourse-cdn.com/flex013/uploads/iitm/optimized/3X/e/9/e9585e072dfc3561e03c611c02e5b5e283f3f1be_2_1023x665.png"
    }
  ],
  "slow_mode_enabled_until": null,
  "tags_disable_ads": false,
  "related_topics": [
    {
      "id": 176230,
      "title": "Scores for week 1",
      "fancy_title": "Scores for week 1",
      "slug": "scores-for-week-1",
      "posts_count": 3,
      "reply_count": 0,
      "highest_post_number": 3,
      "image_url": "https://europe1.discourse-cdn.com/flex013/uploads/iitm/optimized/3X/c/d/cd00d094090dc4c050a9c4dbc6090fbcc0bde484_2_799x1024.jpeg",
      "created_at": "2025-05-24T11:25:34.301Z",
      "last_posted_at": "2025-05-24T14:25:10.562Z",
      "bumped": true,
      "bumped_at": "2025-05-24T14:25:10.562Z",
      "archetype": "regular",
      "unseen": false,
      "pinned": false,
      "unpinned": null,
      "visible": true,
      "closed": false,
      "archived": false,
      "bookmarked": null,
      "liked": null,
      "tags": [
        "clarification",
        "term2-2025"
      ],
      "tags_descriptions": {},
      "like_count": 1,
      "views": 41,
      "category_id": 34,
      "featured_link": null,
      "has_accepted_answer": false,
      "posters": [
        {
          "extras": null,
          "description": "Original Poster",
          "user": {
            "id": 2588,
            "username": "ashkhi",
            "name": "Ashutosh Khidrapurkar",
            "avatar_template": "/user_avatar/discourse.onlinedegree.iitm.ac.in/ashkhi/{size}/1316_2.png",
            "primary_group_name": "ds-students",
            "flair_name": "ds-students",
            "flair_group_id": 294,
            "trust_level": 1
          }
        },
        {
          "extras": null,
          "description": "Frequent Poster",
          "user": {
            "id": 16665,
            "username": "22f3003237",
            "name": "Harsh Bairagi",
            "avatar_template": "/user_avatar/discourse.onlinedegree.iitm.ac.in/22f3003237/{size}/103230_2.png",
            "primary_group_name": "ds-students",
            "flair_name": "ds-students",
            "flair_group_id": 294,
            "trust_level": 0
          }
        },
        {
          "extras": "latest",
          "description": "Most Recent Poster",
          "user": {
            "id": 15517,
            "username": "23f1000318",
            "name": "Asit Kumar Nayak ",
            "avatar_template": "/user_avatar/discourse.onlinedegree.iitm.ac.in/23f1000318/{size}/132746_2.png",
            "primary_group_name": "ds-students",
            "flair_name": "ds-students",
            "flair_group_id": 294,
            "trust_level": 2
          }
        }
      ]
    },
    {
      "id": 168143,
      "title": "My score are still not updated",
      "fancy_title": "My score are still not updated",
      "slug": "my-score-are-still-not-updated",
      "posts_count": 2,
      "reply_count": 0,
      "highest_post_number": 2,
      "image_url": "https://europe1.discourse-cdn.com/flex013/uploads/iitm/optimized/3X/c/5/c554924d186f2c50faa5c62af45129a46b3ef06c_2_1024x630.png",
      "created_at": "2025-02-22T12:48:54.316Z",
      "last_posted_at": "2025-02-22T13:06:55.864Z",
      "bumped": true,
      "bumped_at": "2025-02-22T13:06:55.864Z",
      "archetype": "regular",
      "unseen": false,
      "pinned": false,
      "unpinned": null,
      "visible": true,
      "closed": false,
      "archived": false,
      "bookmarked": null,
      "liked": null,
      "tags": [
        "clarification",
        "miscellaneous",
        "diploma-level",
        "course-portal"
      ],
      "tags_descriptions": {},
      "like_count": 0,
      "views": 40,
      "category_id": 34,
      "featured_link": null,
      "has_accepted_answer": false,
      "posters": [
        {
          "extras": null,
          "description": "Original Poster",
          "user": {
            "id": 17940,
            "username": "23f1000879",
            "name": "Bharat Choudhary",
            "avatar_template": "/user_avatar/discourse.onlinedegree.iitm.ac.in/23f1000879/{size}/66976_2.png",
            "primary_group_name": "ds-students",
            "flair_name": "ds-students",
            "flair_group_id": 294,
            "trust_level": 1
          }
        },
        {
          "extras": "latest",
          "description": "Most Recent Poster",
          "user": {
            "id": 16094,
            "username": "carlton",
            "name": "Carlton D'Silva",
            "avatar_template": "/user_avatar/discourse.onlinedegree.iitm.ac.in/carlton/{size}/56317_2.png",
            "primary_group_name": "ds-students",
            "flair_name": "ds-students",
            "flair_group_id": 294,
            "trust_level": 3
          }
        }
      ]
    },
    {
      "id": 169247,
      "title": "Disparity in TDS GA 5 scores",
      "fancy_title": "Disparity in TDS GA 5 scores",
      "slug": "disparity-in-tds-ga-5-scores",
      "posts_count": 3,
      "reply_count": 1,
      "highest_post_number": 4,
      "image_url": null,
      "created_at": "2025-03-06T06:07:52.316Z",
      "last_posted_at": "2025-03-07T05:05:52.056Z",
      "bumped": true,
      "bumped_at": "2025-03-07T05:05:52.056Z",
      "archetype": "regular",
      "unseen": false,
      "pinned": false,
      "unpinned": null,
      "visible": true,
      "closed": false,
      "archived": false,
      "bookmarked": null,
      "liked": null,
      "tags": [
        "diploma-level",
        "term1-2025"
      ],
      "tags_descriptions": {},
      "like_count": 0,
      "views": 48,
      "category_id": 34,
      "featured_link": null,
      "has_accepted_answer": false,
      "posters": [
        {
          "extras": null,
          "description": "Original Poster",
          "user": {
            "id": 14654,
            "username": "Pranjal085",
            "name": "Pranjal agrawal",
            "avatar_template": "/user_avatar/discourse.onlinedegree.iitm.ac.in/pranjal085/{size}/13325_2.png",
            "primary_group_name": "ds-students",
            "flair_name": "ds-students",
            "flair_group_id": 294,
            "trust_level": 1
          }
        },
        {
          "extras": "latest",
          "description": "Most Recent Poster",
          "user": {
            "id": 16094,
            "username": "carlton",
            "name": "Carlton D'Silva",
            "avatar_template": "/user_avatar/discourse.onlinedegree.iitm.ac.in/carlton/{size}/56317_2.png",
            "primary_group_name": "ds-students",
            "flair_name": "ds-students",
            "flair_group_id": 294,
            "trust_level": 3
          }
        }
      ]
    },
    {
      "id": 156346,
      "title": "Issue with the question number 5 in GA5",
      "fancy_title": "Issue with the question number 5 in GA5",
      "slug": "issue-with-the-question-number-5-in-ga5",
      "posts_count": 2,
      "reply_count": 0,
      "highest_post_number": 2,
      "image_url": "https://europe1.discourse-cdn.com/flex013/uploads/iitm/optimized/3X/0/c/0c941aeb698295eb503669e2c2d5cb0e6052c8b6_2_1024x371.png",
      "created_at": "2024-11-14T06:36:01.801Z",
      "last_posted_at": "2024-11-14T06:45:36.284Z",
      "bumped": true,
      "bumped_at": "2024-11-14T06:45:36.284Z",
      "archetype": "regular",
      "unseen": false,
      "pinned": false,
      "unpinned": null,
      "visible": true,
      "closed": false,
      "archived": false,
      "bookmarked": null,
      "liked": null,
      "tags": [
        "clarification"
      ],
      "tags_descriptions": {},
      "like_count": 2,
      "views": 54,
      "category_id": 34,
      "featured_link": null,
      "has_accepted_answer": true,
      "posters": [
        {
          "extras": null,
          "description": "Original Poster",
          "user": {
            "id": 15475,
            "username": "22f3002293",
            "name": "Rajat Goel",
            "avatar_template": "/user_avatar/discourse.onlinedegree.iitm.ac.in/22f3002293/{size}/92210_2.png",
            "primary_group_name": "ds-students",
            "flair_name": "ds-students",
            "flair_group_id": 294,
            "trust_level": 2
          }
        },
        {
          "extras": "latest",
          "description": "Most Recent Poster, Accepted Answer",
          "user": {
            "id": 16094,
            "username": "carlton",
            "name": "Carlton D'Silva",
            "avatar_template": "/user_avatar/discourse.onlinedegree.iitm.ac.in/carlton/{size}/56317_2.png",
            "primary_group_name": "ds-students",
            "flair_name": "ds-students",
            "flair_group_id": 294,
            "trust_level": 3
          }
        }
      ]
    },
    {
      "id": 156001,
      "title": "Ga-5, q-5",
      "fancy_title": "Ga-5, q-5",
      "slug": "ga-5-q-5",
      "posts_count": 2,
      "reply_count": 0,
      "highest_post_number": 3,
      "image_url": "https://europe1.discourse-cdn.com/flex013/uploads/iitm/original/3X/6/5/6530d097e0a4f455ded6b5e5104435f9ce0718e7.png",
      "created_at": "2024-11-09T17:09:48.798Z",
      "last_posted_at": "2024-11-13T08:50:31.188Z",
      "bumped": true,
      "bumped_at": "2024-11-13T08:50:31.188Z",
      "archetype": "regular",
      "unseen": false,
      "pinned": false,
      "unpinned": null,
      "visible": true,
      "closed": false,
      "archived": false,
      "bookmarked": null,
      "liked": null,
      "tags": [
        "diploma-level",
        "graded-assignment",
        "term3-2024",
        "week-5"
      ],
      "tags_descriptions": {},
      "like_count": 0,
      "views": 82,
      "category_id": 34,
      "featured_link": null,
      "has_accepted_answer": false,
      "posters": [
        {
          "extras": null,
          "description": "Original Poster",
          "user": {
            "id": 17684,
            "username": "23f1003155",
            "name": "KOUSTAV DAS",
            "avatar_template": "/user_avatar/discourse.onlinedegree.iitm.ac.in/23f1003155/{size}/66846_2.png",
            "primary_group_name": "ds-students",
            "flair_name": "ds-students",
            "flair_group_id": 294,
            "trust_level": 1
          }
        },
        {
          "extras": "latest",
          "description": "Most Recent Poster",
          "user": {
            "id": 15651,
            "username": "Jivraj",
            "name": "Jivraj Singh Shekhawat",
            "avatar_template": "https://avatars.discourse-cdn.com/v4/letter/j/b9bd4f/{size}.png",
            "primary_group_name": "ds-students",
            "flair_name": "ds-students",
            "flair_group_id": 294,
            "trust_level": 2
          }
        }
      ]
    }
  ],
  "summarizable": false,
  "valid_reactions": [
    "heart",
    "+1",
    "laughing",
    "open_mouth",
    "clap",
    "confetti_ball",
    "rocket",
    "-1"
  ],
  "accepted_answer": {
    "post_number": 2,
    "username": "carlton",
    "name": null,
    "excerpt": "This is nothing to worry about because as you can see in the Recent saves section, it has your score history. We have your entire submission history because we log that. \nKind regards",
    "accepter_name": null,
    "accepter_username": "carlton"
  },
  "can_vote": false,
  "vote_count": 0,
  "user_voted": false,
  "discourse_zendesk_plugin_zendesk_id": null,
  "discourse_zendesk_plugin_zendesk_url": "https://your-url.zendesk.com/agent/tickets/",
  "details": {
    "can_edit": false,
    "notification_level": 1,
    "notifications_reason_id": null,
    "can_create_post": true,
    "can_reply_as_new_topic": true,
    "can_flag_topic": true,
    "participants": [
      {
        "id": 25624,
        "username": "23f3004238",
        "name": "Rounaq Biswas",
        "avatar_template": "/user_avatar/discourse.onlinedegree.iitm.ac.in/23f3004238/{size}/121556_2.png",
        "post_count": 1,
        "primary_group_name": "ds-students",
        "flair_name": "ds-students",
        "flair_url": null,
        "flair_color": "",
        "flair_bg_color": "",
        "flair_group_id": 294,
        "trust_level": 0
      },
      {
        "id": 16094,
        "username": "carlton",
        "name": "Carlton D'Silva",
        "avatar_template": "/user_avatar/discourse.onlinedegree.iitm.ac.in/carlton/{size}/56317_2.png",
        "post_count": 1,
        "primary_group_name": "ds-students",
        "flair_name": "ds-students",
        "flair_url": null,
        "flair_color": "",
        "flair_bg_color": "",
        "flair_group_id": 294,
        "trust_level": 3
      }
    ],
    "created_by": {
      "id": 25624,
      "username": "23f3004238",
      "name": "Rounaq Biswas",
      "avatar_template": "/user_avatar/discourse.onlinedegree.iitm.ac.in/23f3004238/{size}/121556_2.png"
    },
    "last_poster": {
      "id": 16094,
      "username": "carlton",
      "name": "Carlton D'Silva",
      "avatar_template": "/user_avatar/discourse.onlinedegree.iitm.ac.in/carlton/{size}/56317_2.png"
    }
  },
  "pending_posts": [],
  "bookmarks": []
}