{
  "post_stream": {
    "posts": [
      {
        "id": 602167,
        "name": "Andrew David",
        "username": "23f1002382",
        "avatar_template": "/user_avatar/discourse.onlinedegree.iitm.ac.in/23f1002382/{size}/68945_2.png",
        "created_at": "2025-03-02T07:30:53.879Z",
        "cooked": "<p>I’ll try to post whatever i solve lol XD</p>",
        "post_number": 1,
        "post_type": 1,
        "posts_count": 5,
        "updated_at": "2025-03-03T11:29:44.561Z",
        "reply_count": 0,
        "reply_to_post_number": null,
        "quote_count": 0,
        "incoming_link_count": 1,
        "reads": 66,
        "readers_count": 65,
        "score": 32.4,
        "yours": false,
        "topic_id": 168943,
        "topic_slug": "solving-roe-realtime",
        "display_username": "Andrew David",
        "primary_group_name": "ds-students",
        "flair_name": "ds-students",
        "flair_url": null,
        "flair_bg_color": "",
        "flair_color": "",
        "flair_group_id": 294,
        "badges_granted": [],
        "version": 2,
        "can_edit": false,
        "can_delete": false,
        "can_recover": false,
        "can_see_hidden_post": false,
        "can_wiki": false,
        "read": false,
        "user_title": null,
        "bookmarked": false,
        "actions_summary": [
          {
            "id": 2,
            "count": 1,
            "can_act": true
          },
          {
            "id": 6,
            "can_act": true
          },
          {
            "id": 3,
            "can_act": true
          },
          {
            "id": 4,
            "can_act": true
          },
          {
            "id": 8,
            "can_act": true
          },
          {
            "id": 10,
            "can_act": true
          },
          {
            "id": 7,
            "can_act": true
          }
        ],
        "moderator": false,
        "admin": false,
        "staff": false,
        "user_id": 18297,
        "hidden": false,
        "trust_level": 1,
        "deleted_at": null,
        "user_deleted": false,
        "edit_reason": null,
        "can_view_edit_history": true,
        "wiki": false,
        "post_url": "/t/solving-roe-realtime/168943/1",
        "user_cakedate": "2023-06-05",
        "user_birthdate": "1904-01-05",
        "reactions": [
          {
            "id": "heart",
            "type": "emoji",
            "count": 1
          }
        ],
        "current_user_reaction": null,
        "reaction_users_count": 1,
        "current_user_used_main_reaction": false,
        "can_accept_answer": false,
        "can_unaccept_answer": false,
        "accepted_answer": false,
        "topic_accepted_answer": null,
        "can_vote": false
      },
      {
        "id": 602183,
        "name": "Andrew David",
        "username": "23f1002382",
        "avatar_template": "/user_avatar/discourse.onlinedegree.iitm.ac.in/23f1002382/{size}/68945_2.png",
        "created_at": "2025-03-02T08:04:22.864Z",
        "cooked": "<p>Q 7 LLM Embeddings (1 mark)</p>\n<p><strong>SecurePay</strong>, a leading fintech startup, has implemented an innovative feature to detect and prevent fraudulent activities in real time. As part of its security suite, the system analyzes personalized transaction messages by converting them into embeddings. These embeddings are compared against known patterns of legitimate and fraudulent messages to flag unusual activity.</p>\n<p>Imagine you are working on the SecurePay team as a junior developer tasked with integrating the text embeddings feature into the fraud detection module. When a user initiates a transaction, the system sends a personalized v…</p>\n<p>ANSWER:<br>\n{<br>\n“model”: “text-embedding-3-small”,<br>\n“input”: [<br>\n“Dear user, please verify your transaction code 33692 sent to roe-23f1002382@ds.study.iitm.ac.in”,<br>\n“Dear user, please verify your transaction code 66801 sent to roe-23f1002382@ds.study.iitm.ac.in”<br>\n]<br>\n}</p>",
        "post_number": 2,
        "post_type": 1,
        "posts_count": 5,
        "updated_at": "2025-03-02T08:04:22.864Z",
        "reply_count": 0,
        "reply_to_post_number": null,
        "quote_count": 0,
        "incoming_link_count": 0,
        "reads": 63,
        "readers_count": 62,
        "score": 11.8,
        "yours": false,
        "topic_id": 168943,
        "topic_slug": "solving-roe-realtime",
        "display_username": "Andrew David",
        "primary_group_name": "ds-students",
        "flair_name": "ds-students",
        "flair_url": null,
        "flair_bg_color": "",
        "flair_color": "",
        "flair_group_id": 294,
        "badges_granted": [],
        "version": 1,
        "can_edit": false,
        "can_delete": false,
        "can_recover": false,
        "can_see_hidden_post": false,
        "can_wiki": false,
        "read": false,
        "user_title": null,
        "bookmarked": false,
        "actions_summary": [
          {
            "id": 2,
            "can_act": true
          },
          {
            "id": 6,
            "can_act": true
          },
          {
            "id": 3,
            "can_act": true
          },
          {
            "id": 4,
            "can_act": true
          },
          {
            "id": 8,
            "can_act": true
          },
          {
            "id": 10,
            "can_act": true
          },
          {
            "id": 7,
            "can_act": true
          }
        ],
        "moderator": false,
        "admin": false,
        "staff": false,
        "user_id": 18297,
        "hidden": false,
        "trust_level": 1,
        "deleted_at": null,
        "user_deleted": false,
        "edit_reason": null,
        "can_view_edit_history": true,
        "wiki": false,
        "post_url": "/t/solving-roe-realtime/168943/2",
        "user_cakedate": "2023-06-05",
        "user_birthdate": "1904-01-05",
        "reactions": [],
        "current_user_reaction": null,
        "reaction_users_count": 0,
        "current_user_used_main_reaction": false,
        "can_accept_answer": false,
        "can_unaccept_answer": false,
        "accepted_answer": false,
        "topic_accepted_answer": null
      },
      {
        "id": 602184,
        "name": "Andrew David",
        "username": "23f1002382",
        "avatar_template": "/user_avatar/discourse.onlinedegree.iitm.ac.in/23f1002382/{size}/68945_2.png",
        "created_at": "2025-03-02T08:05:59.474Z",
        "cooked": "<p>Q^: 6 Move and rename files (1 mark)</p>\n<p>Download q-move-rename-files.zip and extract it. Use <code>mv</code> to move all files under folders into an empty folder. Then rename all files replacing each digit with the next. 1 becomes 2, 9 becomes 0, <code>a1b9c.txt</code> becomes <code>a2b0c.txt</code>.</p>\n<p>ANSWER:</p>\n<pre><code class=\"lang-auto\">unzip /workspaces/TDS/q-move-rename-files.zip -d extracted_folder123123\n    5  mkdir empty_folder \n    6  find extracted_folder -type f -exec mv {} empty_folder/ \\; \n    7  ls\n    8  find extracted_folder123123 -type f -exec mv {} empty_folder/ \\; \n    9  cd empty_folder  \n   10  for file in *; do       new_name=$(echo \"$file\" | tr '0123456789' '1234567890')  ;     mv \"$file\" \"$new_name\"  ; done  \n   11  grep . * | LC_ALL=C sort | sha256sum  \n</code></pre>",
        "post_number": 3,
        "post_type": 1,
        "posts_count": 5,
        "updated_at": "2025-03-02T08:05:59.474Z",
        "reply_count": 0,
        "reply_to_post_number": null,
        "quote_count": 0,
        "incoming_link_count": 0,
        "reads": 56,
        "readers_count": 55,
        "score": 11.0,
        "yours": false,
        "topic_id": 168943,
        "topic_slug": "solving-roe-realtime",
        "display_username": "Andrew David",
        "primary_group_name": "ds-students",
        "flair_name": "ds-students",
        "flair_url": null,
        "flair_bg_color": "",
        "flair_color": "",
        "flair_group_id": 294,
        "badges_granted": [],
        "version": 1,
        "can_edit": false,
        "can_delete": false,
        "can_recover": false,
        "can_see_hidden_post": false,
        "can_wiki": false,
        "read": false,
        "user_title": null,
        "bookmarked": false,
        "actions_summary": [
          {
            "id": 2,
            "can_act": true
          },
          {
            "id": 6,
            "can_act": true
          },
          {
            "id": 3,
            "can_act": true
          },
          {
            "id": 4,
            "can_act": true
          },
          {
            "id": 8,
            "can_act": true
          },
          {
            "id": 10,
            "can_act": true
          },
          {
            "id": 7,
            "can_act": true
          }
        ],
        "moderator": false,
        "admin": false,
        "staff": false,
        "user_id": 18297,
        "hidden": false,
        "trust_level": 1,
        "deleted_at": null,
        "user_deleted": false,
        "edit_reason": null,
        "can_view_edit_history": true,
        "wiki": false,
        "post_url": "/t/solving-roe-realtime/168943/3",
        "user_cakedate": "2023-06-05",
        "user_birthdate": "1904-01-05",
        "reactions": [],
        "current_user_reaction": null,
        "reaction_users_count": 0,
        "current_user_used_main_reaction": false,
        "can_accept_answer": false,
        "can_unaccept_answer": false,
        "accepted_answer": false,
        "topic_accepted_answer": null
      },
      {
        "id": 602196,
        "name": "Andrew David",
        "username": "23f1002382",
        "avatar_template": "/user_avatar/discourse.onlinedegree.iitm.ac.in/23f1002382/{size}/68945_2.png",
        "created_at": "2025-03-02T08:13:44.624Z",
        "cooked": "<p>Sydney,Brisbane,Perth,Jakarta,Singapore,Dubai,Doha<br>\nflights</p>",
        "post_number": 4,
        "post_type": 1,
        "posts_count": 5,
        "updated_at": "2025-03-02T08:13:44.624Z",
        "reply_count": 0,
        "reply_to_post_number": null,
        "quote_count": 0,
        "incoming_link_count": 0,
        "reads": 54,
        "readers_count": 53,
        "score": 10.2,
        "yours": false,
        "topic_id": 168943,
        "topic_slug": "solving-roe-realtime",
        "display_username": "Andrew David",
        "primary_group_name": "ds-students",
        "flair_name": "ds-students",
        "flair_url": null,
        "flair_bg_color": "",
        "flair_color": "",
        "flair_group_id": 294,
        "badges_granted": [],
        "version": 1,
        "can_edit": false,
        "can_delete": false,
        "can_recover": false,
        "can_see_hidden_post": false,
        "can_wiki": false,
        "read": false,
        "user_title": null,
        "bookmarked": false,
        "actions_summary": [
          {
            "id": 2,
            "can_act": true
          },
          {
            "id": 6,
            "can_act": true
          },
          {
            "id": 3,
            "can_act": true
          },
          {
            "id": 4,
            "can_act": true
          },
          {
            "id": 8,
            "can_act": true
          },
          {
            "id": 10,
            "can_act": true
          },
          {
            "id": 7,
            "can_act": true
          }
        ],
        "moderator": false,
        "admin": false,
        "staff": false,
        "user_id": 18297,
        "hidden": false,
        "trust_level": 1,
        "deleted_at": null,
        "user_deleted": false,
        "edit_reason": null,
        "can_view_edit_history": true,
        "wiki": false,
        "post_url": "/t/solving-roe-realtime/168943/4",
        "user_cakedate": "2023-06-05",
        "user_birthdate": "1904-01-05",
        "reactions": [],
        "current_user_reaction": null,
        "reaction_users_count": 0,
        "current_user_used_main_reaction": false,
        "can_accept_answer": false,
        "can_unaccept_answer": false,
        "accepted_answer": false,
        "topic_accepted_answer": null
      },
      {
        "id": 602197,
        "name": "Andrew David",
        "username": "23f1002382",
        "avatar_template": "/user_avatar/discourse.onlinedegree.iitm.ac.in/23f1002382/{size}/68945_2.png",
        "created_at": "2025-03-02T08:14:15.471Z",
        "cooked": "<p>150,171,174</p>\n<p>for studebts</p>",
        "post_number": 5,
        "post_type": 1,
        "posts_count": 5,
        "updated_at": "2025-03-02T08:14:15.471Z",
        "reply_count": 0,
        "reply_to_post_number": null,
        "quote_count": 0,
        "incoming_link_count": 0,
        "reads": 53,
        "readers_count": 52,
        "score": 10.0,
        "yours": false,
        "topic_id": 168943,
        "topic_slug": "solving-roe-realtime",
        "display_username": "Andrew David",
        "primary_group_name": "ds-students",
        "flair_name": "ds-students",
        "flair_url": null,
        "flair_bg_color": "",
        "flair_color": "",
        "flair_group_id": 294,
        "badges_granted": [],
        "version": 1,
        "can_edit": false,
        "can_delete": false,
        "can_recover": false,
        "can_see_hidden_post": false,
        "can_wiki": false,
        "read": false,
        "user_title": null,
        "bookmarked": false,
        "actions_summary": [
          {
            "id": 2,
            "can_act": true
          },
          {
            "id": 6,
            "can_act": true
          },
          {
            "id": 3,
            "can_act": true
          },
          {
            "id": 4,
            "can_act": true
          },
          {
            "id": 8,
            "can_act": true
          },
          {
            "id": 10,
            "can_act": true
          },
          {
            "id": 7,
            "can_act": true
          }
        ],
        "moderator": false,
        "admin": false,
        "staff": false,
        "user_id": 18297,
        "hidden": false,
        "trust_level": 1,
        "deleted_at": null,
        "user_deleted": false,
        "edit_reason": null,
        "can_view_edit_history": true,
        "wiki": false,
        "post_url": "/t/solving-roe-realtime/168943/5",
        "user_cakedate": "2023-06-05",
        "user_birthdate": "1904-01-05",
        "reactions": [],
        "current_user_reaction": null,
        "reaction_users_count": 0,
        "current_user_used_main_reaction": false,
        "can_accept_answer": false,
        "can_unaccept_answer": false,
        "accepted_answer": false,
        "topic_accepted_answer": null
      }
    ],
    "stream": [
      602167,
      602183,
      602184,
      602196,
      602197
    ]
  },
  "timeline_lookup": [
    [
      1,
      90
    ]
  ],
  "suggested_topics": [
    {
      "id": 173524,
      "title": "GA1 - Development Tools - Discussion Thread [TDS May 2025]",
      "fancy_title": "GA1 - Development Tools - Discussion Thread [TDS May 2025]",
      "slug": "ga1-development-tools-discussion-thread-tds-may-2025",
      "posts_count": 80,
      "reply_count": 51,
      "highest_post_number": 85,
      "image_url": null,
      "created_at": "2025-05-01T11:39:00.734Z",
      "last_posted_at": "2025-05-31T15:34:18.368Z",
      "bumped": true,
      "bumped_at": "2025-05-31T15:34:18.368Z",
      "archetype": "regular",
      "unseen": false,
      "last_read_post_number": 82,
      "unread": 0,
      "new_posts": 3,
      "unread_posts": 3,
      "pinned": false,
      "unpinned": null,
      "visible": true,
      "closed": false,
      "archived": false,
      "notification_level": 2,
      "bookmarked": false,
      "liked": false,
      "tags": [
        "term2-2025",
        "graded-assignment"
      ],
      "tags_descriptions": {},
      "like_count": 25,
      "views": 1155,
      "category_id": 34,
      "featured_link": null,
      "has_accepted_answer": false,
      "posters": [
        {
          "extras": null,
          "description": "Original Poster",
          "user": {
            "id": 9419,
            "username": "s.anand",
            "name": "Anand S",
            "avatar_template": "/user_avatar/discourse.onlinedegree.iitm.ac.in/s.anand/{size}/15264_2.png",
            "primary_group_name": "faculty",
            "flair_name": "faculty",
            "flair_url": "chalkboard-user",
            "flair_bg_color": "f2c26e",
            "flair_color": "000",
            "flair_group_id": 54,
            "trust_level": 4
          }
        },
        {
          "extras": null,
          "description": "Frequent Poster",
          "user": {
            "id": 22472,
            "username": "Advaith52",
            "name": "Advaith Sanil Kumar",
            "avatar_template": "/user_avatar/discourse.onlinedegree.iitm.ac.in/advaith52/{size}/67172_2.png",
            "primary_group_name": "ds-students",
            "flair_name": "ds-students",
            "flair_group_id": 294,
            "trust_level": 1
          }
        },
        {
          "extras": null,
          "description": "Frequent Poster",
          "user": {
            "id": 16094,
            "username": "carlton",
            "name": "Carlton D'Silva",
            "avatar_template": "/user_avatar/discourse.onlinedegree.iitm.ac.in/carlton/{size}/56317_2.png",
            "primary_group_name": "ds-students",
            "flair_name": "ds-students",
            "flair_group_id": 294,
            "trust_level": 3
          }
        },
        {
          "extras": null,
          "description": "Frequent Poster",
          "user": {
            "id": 15658,
            "username": "HritikRoshan_HRM",
            "name": "HRITIK ROSHAN MAURYA",
            "avatar_template": "/user_avatar/discourse.onlinedegree.iitm.ac.in/hritikroshan_hrm/{size}/66975_2.png",
            "primary_group_name": "ds-students",
            "flair_name": "ds-students",
            "flair_group_id": 294,
            "trust_level": 1
          }
        },
        {
          "extras": "latest",
          "description": "Most Recent Poster",
          "user": {
            "id": 12914,
            "username": "iAnimeshS",
            "name": "Animesh",
            "avatar_template": "/user_avatar/discourse.onlinedegree.iitm.ac.in/ianimeshs/{size}/12415_2.png",
            "primary_group_name": "ds-students",
            "flair_name": "ds-students",
            "flair_group_id": 294,
            "trust_level": 1
          }
        }
      ]
    },
    {
      "id": 176789,
      "title": "Vercel deployement error",
      "fancy_title": "Vercel deployement error",
      "slug": "vercel-deployement-error",
      "posts_count": 1,
      "reply_count": 0,
      "highest_post_number": 1,
      "image_url": null,
      "created_at": "2025-05-31T11:55:22.507Z",
      "last_posted_at": "2025-05-31T11:55:22.708Z",
      "bumped": true,
      "bumped_at": "2025-05-31T11:55:22.708Z",
      "archetype": "regular",
      "unseen": true,
      "pinned": false,
      "unpinned": null,
      "visible": true,
      "closed": false,
      "archived": false,
      "bookmarked": null,
      "liked": null,
      "tags": [
        "diploma-level",
        "term2-2025"
      ],
      "tags_descriptions": {},
      "like_count": 0,
      "views": 9,
      "category_id": 34,
      "featured_link": null,
      "has_accepted_answer": false,
      "posters": [
        {
          "extras": "latest single",
          "description": "Original Poster, Most Recent Poster",
          "user": {
            "id": 25506,
            "username": "23f3003724",
            "name": "Vedika Gupta",
            "avatar_template": "/user_avatar/discourse.onlinedegree.iitm.ac.in/23f3003724/{size}/68806_2.png",
            "primary_group_name": "ds-students",
            "flair_name": "ds-students",
            "flair_group_id": 294,
            "trust_level": 1
          }
        }
      ]
    }
  ],
  "tags": [
    "extra-resources",
    "term1-2025",
    "tds-roe"
  ],
  "tags_descriptions": {},
  "id": 168943,
  "title": "Solving ROE Realtime",
  "fancy_title": "Solving ROE Realtime",
  "posts_count": 5,
  "created_at": "2025-03-02T07:30:53.713Z",
  "views": 74,
  "reply_count": 0,
  "like_count": 1,
  "last_posted_at": "2025-03-02T08:14:15.471Z",
  "visible": true,
  "closed": false,
  "archived": false,
  "has_summary": false,
  "archetype": "regular",
  "slug": "solving-roe-realtime",
  "category_id": 34,
  "word_count": 264,
  "deleted_at": null,
  "user_id": 18297,
  "featured_link": null,
  "pinned_globally": false,
  "pinned_at": null,
  "pinned_until": null,
  "image_url": null,
  "slow_mode_seconds": 0,
  "draft": null,
  "draft_key": "topic_168943",
  "draft_sequence": 0,
  "unpinned": null,
  "pinned": false,
  "current_post_number": 1,
  "highest_post_number": 5,
  "deleted_by": null,
  "actions_summary": [
    {
      "id": 4,
      "count": 0,
      "hidden": false,
      "can_act": true
    },
    {
      "id": 8,
      "count": 0,
      "hidden": false,
      "can_act": true
    },
    {
      "id": 10,
      "count": 0,
      "hidden": false,
      "can_act": true
    },
    {
      "id": 7,
      "count": 0,
      "hidden": false,
      "can_act": true
    }
  ],
  "chunk_size": 20,
  "bookmarked": false,
  "topic_timer": null,
  "message_bus_last_id": 0,
  "participant_count": 1,
  "show_read_indicator": false,
  "thumbnails": null,
  "slow_mode_enabled_until": null,
  "tags_disable_ads": false,
  "related_topics": [
    {
      "id": 96301,
      "title": "July 23rd: Thread for ROE Collaboration [Created by Course Team]",
      "fancy_title": "July 23rd: Thread for ROE Collaboration [Created by Course Team]",
      "slug": "july-23rd-thread-for-roe-collaboration-created-by-course-team",
      "posts_count": 336,
      "reply_count": 178,
      "highest_post_number": 341,
      "image_url": null,
      "created_at": "2023-07-23T02:23:24.862Z",
      "last_posted_at": "2023-08-01T15:58:54.193Z",
      "bumped": true,
      "bumped_at": "2023-08-01T15:58:54.193Z",
      "archetype": "regular",
      "unseen": false,
      "pinned": false,
      "unpinned": null,
      "visible": true,
      "closed": false,
      "archived": false,
      "bookmarked": null,
      "liked": null,
      "tags": [
        "announcement",
        "tds-roe",
        "term2-2023"
      ],
      "tags_descriptions": {},
      "like_count": 261,
      "views": 1366,
      "category_id": 34,
      "featured_link": null,
      "has_accepted_answer": false,
      "posters": [
        {
          "extras": null,
          "description": "Original Poster",
          "user": {
            "id": 6142,
            "username": "Dixon",
            "name": "Dixon",
            "avatar_template": "/user_avatar/discourse.onlinedegree.iitm.ac.in/dixon/{size}/1027_2.png",
            "trust_level": 1
          }
        },
        {
          "extras": null,
          "description": "Frequent Poster",
          "user": {
            "id": 14195,
            "username": "dev_22f2000888",
            "name": "Dev Gupta",
            "avatar_template": "/user_avatar/discourse.onlinedegree.iitm.ac.in/dev_22f2000888/{size}/121326_2.png",
            "primary_group_name": "ds-students",
            "flair_name": "ds-students",
            "flair_group_id": 294,
            "trust_level": 1
          }
        },
        {
          "extras": null,
          "description": "Frequent Poster",
          "user": {
            "id": 1102,
            "username": "Roshan21k",
            "name": "Roshan k",
            "avatar_template": "/user_avatar/discourse.onlinedegree.iitm.ac.in/roshan21k/{size}/13767_2.png",
            "primary_group_name": "ds-students",
            "flair_name": "ds-students",
            "flair_group_id": 294,
            "trust_level": 1
          }
        },
        {
          "extras": null,
          "description": "Frequent Poster",
          "user": {
            "id": 2456,
            "username": "RikxDragneeL",
            "name": "Aritra Das",
            "avatar_template": "/user_avatar/discourse.onlinedegree.iitm.ac.in/rikxdragneel/{size}/1622_2.png",
            "primary_group_name": "ds-students",
            "flair_name": "ds-students",
            "flair_group_id": 294,
            "trust_level": 1
          }
        },
        {
          "extras": "latest",
          "description": "Most Recent Poster",
          "user": {
            "id": 8861,
            "username": "Krishan2207",
            "name": "Krishan",
            "avatar_template": "/user_avatar/discourse.onlinedegree.iitm.ac.in/krishan2207/{size}/12402_2.png",
            "primary_group_name": "ds-students",
            "flair_name": "ds-students",
            "flair_group_id": 294,
            "trust_level": 1
          }
        }
      ]
    },
    {
      "id": 170807,
      "title": "Urgent Concern Regarding Data Loss During ROE Upload",
      "fancy_title": "Urgent Concern Regarding Data Loss During ROE Upload",
      "slug": "urgent-concern-regarding-data-loss-during-roe-upload",
      "posts_count": 9,
      "reply_count": 7,
      "highest_post_number": 9,
      "image_url": null,
      "created_at": "2025-03-23T14:18:18.621Z",
      "last_posted_at": "2025-03-24T13:42:45.057Z",
      "bumped": true,
      "bumped_at": "2025-03-24T13:42:45.057Z",
      "archetype": "regular",
      "unseen": false,
      "pinned": false,
      "unpinned": null,
      "visible": true,
      "closed": false,
      "archived": false,
      "bookmarked": null,
      "liked": null,
      "tags": [
        "miscellaneous"
      ],
      "tags_descriptions": {},
      "like_count": 2,
      "views": 135,
      "category_id": 30,
      "featured_link": null,
      "has_accepted_answer": false,
      "posters": [
        {
          "extras": null,
          "description": "Original Poster",
          "user": {
            "id": 22295,
            "username": "Rajkumbh",
            "name": "Rajeev Kumawat",
            "avatar_template": "/user_avatar/discourse.onlinedegree.iitm.ac.in/rajkumbh/{size}/77037_2.png",
            "primary_group_name": "ds-students",
            "flair_name": "ds-students",
            "flair_group_id": 294,
            "trust_level": 1
          }
        },
        {
          "extras": null,
          "description": "Frequent Poster",
          "user": {
            "id": 19,
            "username": "Sindhuja",
            "name": "Sindhuja",
            "avatar_template": "/user_avatar/discourse.onlinedegree.iitm.ac.in/sindhuja/{size}/448_2.png",
            "primary_group_name": "pod-ops",
            "flair_name": "pod-ops",
            "flair_url": "sun",
            "flair_bg_color": "0E7B55",
            "flair_color": "24633F",
            "flair_group_id": 43,
            "trust_level": 4
          }
        },
        {
          "extras": null,
          "description": "Frequent Poster",
          "user": {
            "id": 22968,
            "username": "rajan.iitm",
            "name": "Rajan Ranjith Kumar",
            "avatar_template": "/user_avatar/discourse.onlinedegree.iitm.ac.in/rajan.iitm/{size}/115224_2.png",
            "primary_group_name": "course_support",
            "flair_name": "course_support",
            "flair_url": "scale-balanced",
            "flair_bg_color": "0040ff",
            "flair_color": "1affc6",
            "flair_group_id": 41,
            "trust_level": 4
          }
        },
        {
          "extras": null,
          "description": "Frequent Poster",
          "user": {
            "id": 23320,
            "username": "23f3002696",
            "name": "Subhradeep Bhowmik",
            "avatar_template": "/user_avatar/discourse.onlinedegree.iitm.ac.in/23f3002696/{size}/82832_2.png",
            "primary_group_name": "ds-students",
            "flair_name": "ds-students",
            "flair_group_id": 294,
            "trust_level": 1
          }
        },
        {
          "extras": "latest",
          "description": "Most Recent Poster",
          "user": {
            "id": 40316,
            "username": "mbk",
            "name": "Musaab Khan",
            "avatar_template": "/user_avatar/discourse.onlinedegree.iitm.ac.in/mbk/{size}/111087_2.png",
            "primary_group_name": "ds-students",
            "flair_name": "ds-students",
            "flair_group_id": 294,
            "trust_level": 1
          }
        }
      ]
    },
    {
      "id": 155940,
      "title": "ROE - Previous term -qset and asnwer set",
      "fancy_title": "ROE - Previous term -qset and asnwer set",
      "slug": "roe-previous-term-qset-and-asnwer-set",
      "posts_count": 5,
      "reply_count": 3,
      "highest_post_number": 8,
      "image_url": null,
      "created_at": "2024-11-08T15:15:46.760Z",
      "last_posted_at": "2024-11-16T06:46:54.583Z",
      "bumped": true,
      "bumped_at": "2024-11-16T06:52:49.494Z",
      "archetype": "regular",
      "unseen": false,
      "pinned": false,
      "unpinned": null,
      "visible": true,
      "closed": false,
      "archived": false,
      "bookmarked": null,
      "liked": null,
      "tags": [
        "extra-resources",
        "term3-2024",
        "tds-roe"
      ],
      "tags_descriptions": {},
      "like_count": 11,
      "views": 459,
      "category_id": 34,
      "featured_link": null,
      "has_accepted_answer": false,
      "posters": [
        {
          "extras": null,
          "description": "Original Poster",
          "user": {
            "id": 9398,
            "username": "iamprasna",
            "name": "Prasanna",
            "avatar_template": "/user_avatar/discourse.onlinedegree.iitm.ac.in/iamprasna/{size}/13977_2.png",
            "primary_group_name": "course_support",
            "flair_name": "course_support",
            "flair_url": "scale-balanced",
            "flair_bg_color": "0040ff",
            "flair_color": "1affc6",
            "flair_group_id": 41,
            "trust_level": 4
          }
        },
        {
          "extras": null,
          "description": "Frequent Poster",
          "user": {
            "id": 9419,
            "username": "s.anand",
            "name": "Anand S",
            "avatar_template": "/user_avatar/discourse.onlinedegree.iitm.ac.in/s.anand/{size}/15264_2.png",
            "primary_group_name": "faculty",
            "flair_name": "faculty",
            "flair_url": "chalkboard-user",
            "flair_bg_color": "f2c26e",
            "flair_color": "000",
            "flair_group_id": 54,
            "trust_level": 4
          }
        },
        {
          "extras": "latest",
          "description": "Most Recent Poster",
          "user": {
            "id": 40077,
            "username": "24ds3000100",
            "name": "Bahni Roy",
            "avatar_template": "/user_avatar/discourse.onlinedegree.iitm.ac.in/24ds3000100/{size}/113366_2.png",
            "primary_group_name": "ds-students",
            "flair_name": "ds-students",
            "flair_group_id": 294,
            "trust_level": 1
          }
        }
      ]
    },
    {
      "id": 96398,
      "title": "REEXAM for TDS ROE",
      "fancy_title": "REEXAM for TDS ROE",
      "slug": "reexam-for-tds-roe",
      "posts_count": 17,
      "reply_count": 4,
      "highest_post_number": 17,
      "image_url": null,
      "created_at": "2023-07-23T14:40:46.293Z",
      "last_posted_at": "2023-07-24T14:07:14.011Z",
      "bumped": true,
      "bumped_at": "2023-07-24T14:07:14.011Z",
      "archetype": "regular",
      "unseen": false,
      "pinned": false,
      "unpinned": null,
      "visible": true,
      "closed": false,
      "archived": false,
      "bookmarked": null,
      "liked": null,
      "tags": [
        "tds-roe",
        "term2-2023"
      ],
      "tags_descriptions": {},
      "like_count": 26,
      "views": 228,
      "category_id": 34,
      "featured_link": null,
      "has_accepted_answer": false,
      "posters": [
        {
          "extras": null,
          "description": "Original Poster",
          "user": {
            "id": 1778,
            "username": "dpraj13",
            "name": "Dhairyasheel Patil",
            "avatar_template": "/user_avatar/discourse.onlinedegree.iitm.ac.in/dpraj13/{size}/48293_2.png",
            "primary_group_name": "ds-students",
            "flair_name": "ds-students",
            "flair_group_id": 294,
            "trust_level": 1
          }
        },
        {
          "extras": null,
          "description": "Frequent Poster",
          "user": {
            "id": 6514,
            "username": "21f2001527",
            "name": "VR",
            "avatar_template": "/user_avatar/discourse.onlinedegree.iitm.ac.in/21f2001527/{size}/346_2.png",
            "primary_group_name": "ds-students",
            "flair_name": "ds-students",
            "flair_group_id": 294,
            "trust_level": 1
          }
        },
        {
          "extras": null,
          "description": "Frequent Poster",
          "user": {
            "id": 794,
            "username": "vinayray",
            "name": "Vinay Kumar Ray",
            "avatar_template": "/user_avatar/discourse.onlinedegree.iitm.ac.in/vinayray/{size}/5888_2.png",
            "primary_group_name": "ds-students",
            "flair_name": "ds-students",
            "flair_group_id": 294,
            "trust_level": 1
          }
        },
        {
          "extras": null,
          "description": "Frequent Poster",
          "user": {
            "id": 1734,
            "username": "dishonerdcosmo07",
            "name": "Avijeet Palit",
            "avatar_template": "/user_avatar/discourse.onlinedegree.iitm.ac.in/dishonerdcosmo07/{size}/14423_2.png",
            "primary_group_name": "ds-students",
            "flair_name": "ds-students",
            "flair_group_id": 294,
            "trust_level": 1
          }
        },
        {
          "extras": "latest",
          "description": "Most Recent Poster",
          "user": {
            "id": 4528,
            "username": "_g.o.v.i",
            "name": "Govind Sunil",
            "avatar_template": "/user_avatar/discourse.onlinedegree.iitm.ac.in/_g.o.v.i/{size}/108_2.png",
            "primary_group_name": "ds-students",
            "flair_name": "ds-students",
            "flair_group_id": 294,
            "trust_level": 0
          }
        }
      ]
    },
    {
      "id": 140557,
      "title": "Subject: Request for Consideration Due to Technical Issue During ROE Exam",
      "fancy_title": "Subject: Request for Consideration Due to Technical Issue During ROE Exam",
      "slug": "subject-request-for-consideration-due-to-technical-issue-during-roe-exam",
      "posts_count": 6,
      "reply_count": 2,
      "highest_post_number": 6,
      "image_url": null,
      "created_at": "2024-07-20T18:09:27.469Z",
      "last_posted_at": "2024-07-22T03:10:18.871Z",
      "bumped": true,
      "bumped_at": "2024-07-22T03:10:18.871Z",
      "archetype": "regular",
      "unseen": false,
      "pinned": false,
      "unpinned": null,
      "visible": true,
      "closed": false,
      "archived": false,
      "bookmarked": null,
      "liked": null,
      "tags": [
        "clarification"
      ],
      "tags_descriptions": {},
      "like_count": 14,
      "views": 119,
      "category_id": 34,
      "featured_link": null,
      "has_accepted_answer": false,
      "posters": [
        {
          "extras": null,
          "description": "Original Poster",
          "user": {
            "id": 13530,
            "username": "Parveen240",
            "name": "Parveen saroha ",
            "avatar_template": "/user_avatar/discourse.onlinedegree.iitm.ac.in/parveen240/{size}/13608_2.png",
            "primary_group_name": "ds-students",
            "flair_name": "ds-students",
            "flair_group_id": 294,
            "trust_level": 1
          }
        },
        {
          "extras": null,
          "description": "Frequent Poster",
          "user": {
            "id": 13139,
            "username": "vashu555",
            "name": "Vanshaj Jagatramka",
            "avatar_template": "/user_avatar/discourse.onlinedegree.iitm.ac.in/vashu555/{size}/13711_2.png",
            "primary_group_name": "ds-students",
            "flair_name": "ds-students",
            "flair_group_id": 294,
            "trust_level": 0
          }
        },
        {
          "extras": null,
          "description": "Frequent Poster",
          "user": {
            "id": 15840,
            "username": "22f3003003",
            "name": "Divyam Kumar ",
            "avatar_template": "/user_avatar/discourse.onlinedegree.iitm.ac.in/22f3003003/{size}/67953_2.png",
            "primary_group_name": "ds-students",
            "flair_name": "ds-students",
            "flair_group_id": 294,
            "trust_level": 1
          }
        },
        {
          "extras": null,
          "description": "Frequent Poster",
          "user": {
            "id": 6332,
            "username": "21f2000796",
            "name": "Khushi Kumari ",
            "avatar_template": "/user_avatar/discourse.onlinedegree.iitm.ac.in/21f2000796/{size}/106392_2.png",
            "primary_group_name": "ds-students",
            "flair_name": "ds-students",
            "flair_group_id": 294,
            "trust_level": 1
          }
        },
        {
          "extras": "latest",
          "description": "Most Recent Poster",
          "user": {
            "id": 15826,
            "username": "iitmanupam",
            "name": "Anupam Chandra",
            "avatar_template": "/user_avatar/discourse.onlinedegree.iitm.ac.in/iitmanupam/{size}/56694_2.png",
            "primary_group_name": "ds-students",
            "flair_name": "ds-students",
            "flair_group_id": 294,
            "trust_level": 2
          }
        }
      ]
    }
  ],
  "summarizable": false,
  "valid_reactions": [
    "heart",
    "+1",
    "laughing",
    "open_mouth",
    "clap",
    "confetti_ball",
    "rocket",
    "-1"
  ],
  "can_vote": false,
  "vote_count": 0,
  "user_voted": false,
  "discourse_zendesk_plugin_zendesk_id": null,
  "discourse_zendesk_plugin_zendesk_url": "https://your-url.zendesk.com/agent/tickets/",
  "details": {
    "can_edit": false,
    "notification_level": 1,
    "can_create_post": true,
    "can_reply_as_new_topic": true,
    "can_flag_topic": true,
    "participants": [
      {
        "id": 18297,
        "username": "23f1002382",
        "name": "Andrew David",
        "avatar_template": "/user_avatar/discourse.onlinedegree.iitm.ac.in/23f1002382/{size}/68945_2.png",
        "post_count": 5,
        "primary_group_name": "ds-students",
        "flair_name": "ds-students",
        "flair_url": null,
        "flair_color": "",
        "flair_bg_color": "",
        "flair_group_id": 294,
        "trust_level": 1
      }
    ],
    "created_by": {
      "id": 18297,
      "username": "23f1002382",
      "name": "Andrew David",
      "avatar_template": "/user_avatar/discourse.onlinedegree.iitm.ac.in/23f1002382/{size}/68945_2.png"
    },
    "last_poster": {
      "id": 18297,
      "username": "23f1002382",
      "name": "Andrew David",
      "avatar_template": "/user_avatar/discourse.onlinedegree.iitm.ac.in/23f1002382/{size}/68945_2.png"
    }
  },
  "pending_posts": [],
  "bookmarks": []
}