{
  "post_stream": {
    "posts": [
      {
        "id": 596989,
        "name": "Vishal Baraiya",
        "username": "TheVishal",
        "avatar_template": "/user_avatar/discourse.onlinedegree.iitm.ac.in/thevishal/{size}/110717_2.png",
        "created_at": "2025-02-15T16:55:08.372Z",
        "cooked": "<p><a class=\"mention\" href=\"/u/s.anand\">@s.anand</a> <a class=\"mention\" href=\"/u/carlton\">@carlton</a> <a class=\"mention\" href=\"/u/jivraj\">@Jivraj</a></p>\n<h1>Please extend the deadline please.</h1> \n<p><div class=\"lightbox-wrapper\"><a class=\"lightbox\" href=\"https://europe1.discourse-cdn.com/flex013/uploads/iitm/original/3X/7/7/7742d688f4b033b15ac1a4af0c1f2eda19c31093.jpeg\" data-download-href=\"/uploads/short-url/h121afIIBiw80GQnTpkJE1e94LF.jpeg?dl=1\" title=\"88394c0c2e80a1326cfffe020684be4a\" rel=\"noopener nofollow ugc\"><img src=\"https://europe1.discourse-cdn.com/flex013/uploads/iitm/original/3X/7/7/7742d688f4b033b15ac1a4af0c1f2eda19c31093.jpeg\" alt=\"88394c0c2e80a1326cfffe020684be4a\" data-base62-sha1=\"h121afIIBiw80GQnTpkJE1e94LF\" width=\"480\" height=\"270\"><div class=\"meta\"><svg class=\"fa d-icon d-icon-far-image svg-icon\" aria-hidden=\"true\"><use href=\"#far-image\"></use></svg><span class=\"filename\">88394c0c2e80a1326cfffe020684be4a</span><span class=\"informations\">480×270 10.3 KB</span><svg class=\"fa d-icon d-icon-discourse-expand svg-icon\" aria-hidden=\"true\"><use href=\"#discourse-expand\"></use></svg></div></a></div></p>",
        "post_number": 1,
        "post_type": 1,
        "posts_count": 1,
        "updated_at": "2025-02-19T11:00:59.340Z",
        "reply_count": 0,
        "reply_to_post_number": null,
        "quote_count": 0,
        "incoming_link_count": 0,
        "reads": 16,
        "readers_count": 15,
        "score": 197.8,
        "yours": false,
        "topic_id": 167699,
        "topic_slug": "just-some-background-test",
        "display_username": "Vishal Baraiya",
        "primary_group_name": "ds-students",
        "flair_name": "ds-students",
        "flair_url": null,
        "flair_bg_color": "",
        "flair_color": "",
        "flair_group_id": 294,
        "badges_granted": [],
        "version": 1,
        "can_edit": false,
        "can_delete": false,
        "can_recover": false,
        "can_see_hidden_post": false,
        "can_wiki": false,
        "link_counts": [
          {
            "url": "https://discourse.onlinedegree.iitm.ac.in/t/project-1-casual-banter/167344/14",
            "internal": true,
            "reflection": true,
            "title": "Project 1 - Casual banter",
            "clicks": 1
          }
        ],
        "read": false,
        "user_title": null,
        "bookmarked": false,
        "actions_summary": [
          {
            "id": 2,
            "count": 13,
            "can_act": true
          },
          {
            "id": 6,
            "can_act": true
          },
          {
            "id": 3,
            "can_act": true
          },
          {
            "id": 4,
            "can_act": true
          },
          {
            "id": 8,
            "can_act": true
          },
          {
            "id": 10,
            "can_act": true
          },
          {
            "id": 7,
            "can_act": true
          }
        ],
        "moderator": false,
        "admin": false,
        "staff": false,
        "user_id": 22294,
        "hidden": false,
        "trust_level": 1,
        "deleted_at": null,
        "user_deleted": false,
        "edit_reason": null,
        "can_view_edit_history": true,
        "wiki": false,
        "post_url": "/t/just-some-background-test/167699/1",
        "user_cakedate": "2023-09-19",
        "user_birthdate": "1904-07-12",
        "reactions": [
          {
            "id": "heart",
            "type": "emoji",
            "count": 9
          },
          {
            "id": "laughing",
            "type": "emoji",
            "count": 3
          },
          {
            "id": "confetti_ball",
            "type": "emoji",
            "count": 1
          }
        ],
        "current_user_reaction": null,
        "reaction_users_count": 13,
        "current_user_used_main_reaction": false,
        "can_accept_answer": false,
        "can_unaccept_answer": false,
        "accepted_answer": false,
        "topic_accepted_answer": null,
        "can_vote": false
      }
    ],
    "stream": [
      596989
    ]
  },
  "timeline_lookup": [
    [
      1,
      105
    ]
  ],
  "suggested_topics": [
    {
      "id": 173524,
      "title": "GA1 - Development Tools - Discussion Thread [TDS May 2025]",
      "fancy_title": "GA1 - Development Tools - Discussion Thread [TDS May 2025]",
      "slug": "ga1-development-tools-discussion-thread-tds-may-2025",
      "posts_count": 80,
      "reply_count": 51,
      "highest_post_number": 85,
      "image_url": null,
      "created_at": "2025-05-01T11:39:00.734Z",
      "last_posted_at": "2025-05-31T15:34:18.368Z",
      "bumped": true,
      "bumped_at": "2025-05-31T15:34:18.368Z",
      "archetype": "regular",
      "unseen": false,
      "last_read_post_number": 82,
      "unread": 0,
      "new_posts": 3,
      "unread_posts": 3,
      "pinned": false,
      "unpinned": null,
      "visible": true,
      "closed": false,
      "archived": false,
      "notification_level": 2,
      "bookmarked": false,
      "liked": false,
      "tags": [
        "term2-2025",
        "graded-assignment"
      ],
      "tags_descriptions": {},
      "like_count": 25,
      "views": 1155,
      "category_id": 34,
      "featured_link": null,
      "has_accepted_answer": false,
      "posters": [
        {
          "extras": null,
          "description": "Original Poster",
          "user": {
            "id": 9419,
            "username": "s.anand",
            "name": "Anand S",
            "avatar_template": "/user_avatar/discourse.onlinedegree.iitm.ac.in/s.anand/{size}/15264_2.png",
            "primary_group_name": "faculty",
            "flair_name": "faculty",
            "flair_url": "chalkboard-user",
            "flair_bg_color": "f2c26e",
            "flair_color": "000",
            "flair_group_id": 54,
            "trust_level": 4
          }
        },
        {
          "extras": null,
          "description": "Frequent Poster",
          "user": {
            "id": 22472,
            "username": "Advaith52",
            "name": "Advaith Sanil Kumar",
            "avatar_template": "/user_avatar/discourse.onlinedegree.iitm.ac.in/advaith52/{size}/67172_2.png",
            "primary_group_name": "ds-students",
            "flair_name": "ds-students",
            "flair_group_id": 294,
            "trust_level": 1
          }
        },
        {
          "extras": null,
          "description": "Frequent Poster",
          "user": {
            "id": 16094,
            "username": "carlton",
            "name": "Carlton D'Silva",
            "avatar_template": "/user_avatar/discourse.onlinedegree.iitm.ac.in/carlton/{size}/56317_2.png",
            "primary_group_name": "ds-students",
            "flair_name": "ds-students",
            "flair_group_id": 294,
            "trust_level": 3
          }
        },
        {
          "extras": null,
          "description": "Frequent Poster",
          "user": {
            "id": 15658,
            "username": "HritikRoshan_HRM",
            "name": "HRITIK ROSHAN MAURYA",
            "avatar_template": "/user_avatar/discourse.onlinedegree.iitm.ac.in/hritikroshan_hrm/{size}/66975_2.png",
            "primary_group_name": "ds-students",
            "flair_name": "ds-students",
            "flair_group_id": 294,
            "trust_level": 1
          }
        },
        {
          "extras": "latest",
          "description": "Most Recent Poster",
          "user": {
            "id": 12914,
            "username": "iAnimeshS",
            "name": "Animesh",
            "avatar_template": "/user_avatar/discourse.onlinedegree.iitm.ac.in/ianimeshs/{size}/12415_2.png",
            "primary_group_name": "ds-students",
            "flair_name": "ds-students",
            "flair_group_id": 294,
            "trust_level": 1
          }
        }
      ]
    },
    {
      "id": 176789,
      "title": "Vercel deployement error",
      "fancy_title": "Vercel deployement error",
      "slug": "vercel-deployement-error",
      "posts_count": 1,
      "reply_count": 0,
      "highest_post_number": 1,
      "image_url": null,
      "created_at": "2025-05-31T11:55:22.507Z",
      "last_posted_at": "2025-05-31T11:55:22.708Z",
      "bumped": true,
      "bumped_at": "2025-05-31T11:55:22.708Z",
      "archetype": "regular",
      "unseen": true,
      "pinned": false,
      "unpinned": null,
      "visible": true,
      "closed": false,
      "archived": false,
      "bookmarked": null,
      "liked": null,
      "tags": [
        "diploma-level",
        "term2-2025"
      ],
      "tags_descriptions": {},
      "like_count": 0,
      "views": 9,
      "category_id": 34,
      "featured_link": null,
      "has_accepted_answer": false,
      "posters": [
        {
          "extras": "latest single",
          "description": "Original Poster, Most Recent Poster",
          "user": {
            "id": 25506,
            "username": "23f3003724",
            "name": "Vedika Gupta",
            "avatar_template": "/user_avatar/discourse.onlinedegree.iitm.ac.in/23f3003724/{size}/68806_2.png",
            "primary_group_name": "ds-students",
            "flair_name": "ds-students",
            "flair_group_id": 294,
            "trust_level": 1
          }
        }
      ]
    }
  ],
  "tags": [],
  "tags_descriptions": {},
  "id": 167699,
  "title": "Just some background test",
  "fancy_title": "Just some background test",
  "posts_count": 1,
  "created_at": "2025-02-15T16:55:08.372Z",
  "views": 28,
  "reply_count": 0,
  "like_count": 13,
  "last_posted_at": "2025-02-15T16:55:08.372Z",
  "visible": true,
  "closed": false,
  "archived": false,
  "has_summary": false,
  "archetype": "regular",
  "slug": "just-some-background-test",
  "category_id": 34,
  "word_count": 16,
  "deleted_at": null,
  "user_id": 22294,
  "featured_link": null,
  "pinned_globally": false,
  "pinned_at": null,
  "pinned_until": null,
  "image_url": "https://europe1.discourse-cdn.com/flex013/uploads/iitm/original/3X/7/7/7742d688f4b033b15ac1a4af0c1f2eda19c31093.jpeg",
  "slow_mode_seconds": 0,
  "draft": null,
  "draft_key": "topic_167699",
  "draft_sequence": 0,
  "unpinned": null,
  "pinned": false,
  "current_post_number": 1,
  "highest_post_number": 1,
  "deleted_by": null,
  "actions_summary": [
    {
      "id": 4,
      "count": 0,
      "hidden": false,
      "can_act": true
    },
    {
      "id": 8,
      "count": 0,
      "hidden": false,
      "can_act": true
    },
    {
      "id": 10,
      "count": 0,
      "hidden": false,
      "can_act": true
    },
    {
      "id": 7,
      "count": 0,
      "hidden": false,
      "can_act": true
    }
  ],
  "chunk_size": 20,
  "bookmarked": false,
  "topic_timer": null,
  "message_bus_last_id": 0,
  "participant_count": 1,
  "show_read_indicator": false,
  "thumbnails": [
    {
      "max_width": null,
      "max_height": null,
      "width": 480,
      "height": 270,
      "url": "https://europe1.discourse-cdn.com/flex013/uploads/iitm/original/3X/7/7/7742d688f4b033b15ac1a4af0c1f2eda19c31093.jpeg"
    }
  ],
  "slow_mode_enabled_until": null,
  "tags_disable_ads": false,
  "related_topics": [
    {
      "id": 69894,
      "title": "Feedback for ROE (November - 5)",
      "fancy_title": "Feedback for ROE (November - 5)",
      "slug": "feedback-for-roe-november-5",
      "posts_count": 2,
      "reply_count": 0,
      "highest_post_number": 2,
      "image_url": null,
      "created_at": "2022-11-05T15:18:10.704Z",
      "last_posted_at": "2022-11-05T15:39:16.027Z",
      "bumped": true,
      "bumped_at": "2022-11-05T15:39:16.027Z",
      "archetype": "regular",
      "unseen": false,
      "pinned": false,
      "unpinned": null,
      "visible": true,
      "closed": false,
      "archived": false,
      "bookmarked": null,
      "liked": null,
      "tags": [
        "feedback"
      ],
      "tags_descriptions": {},
      "like_count": 5,
      "views": 76,
      "category_id": 34,
      "featured_link": null,
      "has_accepted_answer": false,
      "posters": [
        {
          "extras": null,
          "description": "Original Poster",
          "user": {
            "id": 2554,
            "username": "harshil",
            "name": "Harshil",
            "avatar_template": "/user_avatar/discourse.onlinedegree.iitm.ac.in/harshil/{size}/61425_2.png",
            "primary_group_name": "ds-students",
            "flair_name": "ds-students",
            "flair_group_id": 294,
            "trust_level": 1
          }
        },
        {
          "extras": "latest",
          "description": "Most Recent Poster",
          "user": {
            "id": 8138,
            "username": "21f3002241Rohit",
            "name": "SHINDE ROHIT VISHWAS",
            "avatar_template": "/user_avatar/discourse.onlinedegree.iitm.ac.in/21f3002241rohit/{size}/86379_2.png",
            "primary_group_name": "ds-students",
            "flair_name": "ds-students",
            "flair_group_id": 294,
            "trust_level": 1
          }
        }
      ]
    },
    {
      "id": 125273,
      "title": "Week 9 Live session notes",
      "fancy_title": "Week 9 Live session notes",
      "slug": "week-9-live-session-notes",
      "posts_count": 3,
      "reply_count": 1,
      "highest_post_number": 3,
      "image_url": null,
      "created_at": "2024-03-27T15:00:10.737Z",
      "last_posted_at": "2024-03-28T04:47:30.720Z",
      "bumped": true,
      "bumped_at": "2024-03-28T04:47:30.720Z",
      "archetype": "regular",
      "unseen": false,
      "pinned": false,
      "unpinned": null,
      "visible": true,
      "closed": false,
      "archived": false,
      "bookmarked": null,
      "liked": null,
      "tags": [
        "foundation-level",
        "operational",
        "extra-resources"
      ],
      "tags_descriptions": {},
      "like_count": 1,
      "views": 50,
      "category_id": 23,
      "featured_link": null,
      "has_accepted_answer": false,
      "posters": [
        {
          "extras": "latest",
          "description": "Original Poster, Most Recent Poster",
          "user": {
            "id": 25618,
            "username": "23f3003799",
            "name": "Shiv Krishna Das Agrawal",
            "avatar_template": "/user_avatar/discourse.onlinedegree.iitm.ac.in/23f3003799/{size}/90017_2.png",
            "primary_group_name": "ds-students",
            "flair_name": "ds-students",
            "flair_group_id": 294,
            "trust_level": 1
          }
        },
        {
          "extras": null,
          "description": "Frequent Poster",
          "user": {
            "id": 11,
            "username": "Karthik_POD",
            "name": "Karthik Thiagarajan",
            "avatar_template": "/user_avatar/discourse.onlinedegree.iitm.ac.in/karthik_pod/{size}/95387_2.png",
            "primary_group_name": "course_support",
            "flair_name": "course_support",
            "flair_url": "scale-balanced",
            "flair_bg_color": "0040ff",
            "flair_color": "1affc6",
            "flair_group_id": 41,
            "trust_level": 4
          }
        }
      ]
    },
    {
      "id": 167344,
      "title": "Project 1 - Casual banter",
      "fancy_title": "Project 1 - Casual banter",
      "slug": "project-1-casual-banter",
      "posts_count": 13,
      "reply_count": 1,
      "highest_post_number": 14,
      "image_url": "https://europe1.discourse-cdn.com/flex013/uploads/iitm/original/3X/7/7/7742d688f4b033b15ac1a4af0c1f2eda19c31093.jpeg",
      "created_at": "2025-02-15T16:55:08.372Z",
      "last_posted_at": "2025-02-19T11:01:00.149Z",
      "bumped": true,
      "bumped_at": "2025-02-19T11:00:09.443Z",
      "archetype": "regular",
      "unseen": false,
      "pinned": false,
      "unpinned": null,
      "visible": true,
      "closed": false,
      "archived": false,
      "bookmarked": null,
      "liked": null,
      "tags": [
        "term1-2025",
        "tds-project-1"
      ],
      "tags_descriptions": {},
      "like_count": 54,
      "views": 211,
      "category_id": 34,
      "featured_link": null,
      "has_accepted_answer": true,
      "posters": [
        {
          "extras": null,
          "description": "Original Poster",
          "user": {
            "id": 22294,
            "username": "TheVishal",
            "name": "Vishal Baraiya",
            "avatar_template": "/user_avatar/discourse.onlinedegree.iitm.ac.in/thevishal/{size}/110717_2.png",
            "primary_group_name": "ds-students",
            "flair_name": "ds-students",
            "flair_group_id": 294,
            "trust_level": 1
          }
        },
        {
          "extras": null,
          "description": "Frequent Poster, Accepted Answer",
          "user": {
            "id": 16094,
            "username": "carlton",
            "name": "Carlton D'Silva",
            "avatar_template": "/user_avatar/discourse.onlinedegree.iitm.ac.in/carlton/{size}/56317_2.png",
            "primary_group_name": "ds-students",
            "flair_name": "ds-students",
            "flair_group_id": 294,
            "trust_level": 3
          }
        },
        {
          "extras": null,
          "description": "Frequent Poster",
          "user": {
            "id": 16921,
            "username": "AyushTiwari",
            "name": "Ayush Tiwari",
            "avatar_template": "/user_avatar/discourse.onlinedegree.iitm.ac.in/ayushtiwari/{size}/124622_2.png",
            "primary_group_name": "ds-students",
            "flair_name": "ds-students",
            "flair_group_id": 294,
            "trust_level": 1
          }
        },
        {
          "extras": null,
          "description": "Frequent Poster",
          "user": {
            "id": 14179,
            "username": "rohitgarg",
            "name": "Rohit Garg",
            "avatar_template": "/user_avatar/discourse.onlinedegree.iitm.ac.in/rohitgarg/{size}/76048_2.png",
            "primary_group_name": "ds-students",
            "flair_name": "ds-students",
            "flair_group_id": 294,
            "trust_level": 1
          }
        },
        {
          "extras": "latest",
          "description": "Most Recent Poster",
          "user": {
            "id": 15651,
            "username": "Jivraj",
            "name": "Jivraj Singh Shekhawat",
            "avatar_template": "https://avatars.discourse-cdn.com/v4/letter/j/b9bd4f/{size}.png",
            "primary_group_name": "ds-students",
            "flair_name": "ds-students",
            "flair_group_id": 294,
            "trust_level": 2
          }
        }
      ]
    },
    {
      "id": 160097,
      "title": "My Feedback for this Course",
      "fancy_title": "My Feedback for this Course",
      "slug": "my-feedback-for-this-course",
      "posts_count": 5,
      "reply_count": 1,
      "highest_post_number": 5,
      "image_url": null,
      "created_at": "2024-12-23T10:59:36.850Z",
      "last_posted_at": "2025-04-29T12:31:33.572Z",
      "bumped": true,
      "bumped_at": "2025-04-29T12:31:33.572Z",
      "archetype": "regular",
      "unseen": false,
      "pinned": false,
      "unpinned": null,
      "visible": true,
      "closed": false,
      "archived": false,
      "bookmarked": null,
      "liked": null,
      "tags": [
        "miscellaneous"
      ],
      "tags_descriptions": {},
      "like_count": 3,
      "views": 166,
      "category_id": 34,
      "featured_link": null,
      "has_accepted_answer": false,
      "posters": [
        {
          "extras": "latest",
          "description": "Original Poster, Most Recent Poster",
          "user": {
            "id": 21929,
            "username": "23f1001947",
            "name": "amit_kulkarni",
            "avatar_template": "/user_avatar/discourse.onlinedegree.iitm.ac.in/23f1001947/{size}/133968_2.png",
            "primary_group_name": "ds-students",
            "flair_name": "ds-students",
            "flair_group_id": 294,
            "trust_level": 1
          }
        },
        {
          "extras": null,
          "description": "Frequent Poster",
          "user": {
            "id": 16094,
            "username": "carlton",
            "name": "Carlton D'Silva",
            "avatar_template": "/user_avatar/discourse.onlinedegree.iitm.ac.in/carlton/{size}/56317_2.png",
            "primary_group_name": "ds-students",
            "flair_name": "ds-students",
            "flair_group_id": 294,
            "trust_level": 3
          }
        },
        {
          "extras": null,
          "description": "Frequent Poster",
          "user": {
            "id": 29417,
            "username": "lifelonglearner",
            "name": "Prasad",
            "avatar_template": "/user_avatar/discourse.onlinedegree.iitm.ac.in/lifelonglearner/{size}/67019_2.png",
            "primary_group_name": "ds-students",
            "flair_name": "ds-students",
            "flair_group_id": 294,
            "trust_level": 1
          }
        },
        {
          "extras": null,
          "description": "Frequent Poster",
          "user": {
            "id": 17759,
            "username": "23f1001823",
            "name": "SHOBHIT SHARMA",
            "avatar_template": "/user_avatar/discourse.onlinedegree.iitm.ac.in/23f1001823/{size}/66937_2.png",
            "primary_group_name": "ds-students",
            "flair_name": "ds-students",
            "flair_group_id": 294,
            "trust_level": 1
          }
        }
      ]
    },
    {
      "id": 144724,
      "title": "How was your paper and overall experience of TDS",
      "fancy_title": "How was your paper and overall experience of TDS",
      "slug": "how-was-your-paper-and-overall-experience-of-tds",
      "posts_count": 8,
      "reply_count": 1,
      "highest_post_number": 8,
      "image_url": null,
      "created_at": "2024-09-01T14:53:16.653Z",
      "last_posted_at": "2024-09-03T08:20:21.780Z",
      "bumped": true,
      "bumped_at": "2024-09-03T08:20:21.780Z",
      "archetype": "regular",
      "unseen": false,
      "pinned": false,
      "unpinned": null,
      "visible": true,
      "closed": false,
      "archived": false,
      "bookmarked": null,
      "liked": null,
      "tags": [
        "miscellaneous"
      ],
      "tags_descriptions": {},
      "like_count": 20,
      "views": 186,
      "category_id": 34,
      "featured_link": null,
      "has_accepted_answer": false,
      "posters": [
        {
          "extras": null,
          "description": "Original Poster",
          "user": {
            "id": 8282,
            "username": "21f3002243",
            "name": "Palash_H",
            "avatar_template": "/user_avatar/discourse.onlinedegree.iitm.ac.in/21f3002243/{size}/13054_2.png",
            "primary_group_name": "ds-students",
            "flair_name": "ds-students",
            "flair_group_id": 294,
            "trust_level": 1
          }
        },
        {
          "extras": null,
          "description": "Frequent Poster",
          "user": {
            "id": 22602,
            "username": "eram1011",
            "name": "Eram Nishat",
            "avatar_template": "/user_avatar/discourse.onlinedegree.iitm.ac.in/eram1011/{size}/102787_2.png",
            "primary_group_name": "ds-students",
            "flair_name": "ds-students",
            "flair_group_id": 294,
            "trust_level": 1
          }
        },
        {
          "extras": null,
          "description": "Frequent Poster",
          "user": {
            "id": 6563,
            "username": "21f3000759",
            "name": "Swati Jain",
            "avatar_template": "/user_avatar/discourse.onlinedegree.iitm.ac.in/21f3000759/{size}/23528_2.png",
            "primary_group_name": "ds-students",
            "flair_name": "ds-students",
            "flair_group_id": 294,
            "trust_level": 1
          }
        },
        {
          "extras": null,
          "description": "Frequent Poster",
          "user": {
            "id": 15826,
            "username": "iitmanupam",
            "name": "Anupam Chandra",
            "avatar_template": "/user_avatar/discourse.onlinedegree.iitm.ac.in/iitmanupam/{size}/56694_2.png",
            "primary_group_name": "ds-students",
            "flair_name": "ds-students",
            "flair_group_id": 294,
            "trust_level": 2
          }
        },
        {
          "extras": "latest",
          "description": "Most Recent Poster",
          "user": {
            "id": 13884,
            "username": "22f1000022",
            "name": "RAJESH RAMAKRISHNAN",
            "avatar_template": "/user_avatar/discourse.onlinedegree.iitm.ac.in/22f1000022/{size}/67132_2.png",
            "primary_group_name": "ds-students",
            "flair_name": "ds-students",
            "flair_group_id": 294,
            "trust_level": 1
          }
        }
      ]
    }
  ],
  "summarizable": false,
  "valid_reactions": [
    "heart",
    "+1",
    "laughing",
    "open_mouth",
    "clap",
    "confetti_ball",
    "rocket",
    "-1"
  ],
  "can_vote": false,
  "vote_count": 0,
  "user_voted": false,
  "discourse_zendesk_plugin_zendesk_id": null,
  "discourse_zendesk_plugin_zendesk_url": "https://your-url.zendesk.com/agent/tickets/",
  "details": {
    "can_edit": false,
    "notification_level": 1,
    "can_create_post": true,
    "can_reply_as_new_topic": true,
    "can_flag_topic": true,
    "participants": [
      {
        "id": 22294,
        "username": "TheVishal",
        "name": "Vishal Baraiya",
        "avatar_template": "/user_avatar/discourse.onlinedegree.iitm.ac.in/thevishal/{size}/110717_2.png",
        "post_count": 1,
        "primary_group_name": "ds-students",
        "flair_name": "ds-students",
        "flair_url": null,
        "flair_color": "",
        "flair_bg_color": "",
        "flair_group_id": 294,
        "trust_level": 1
      }
    ],
    "created_by": {
      "id": 22294,
      "username": "TheVishal",
      "name": "Vishal Baraiya",
      "avatar_template": "/user_avatar/discourse.onlinedegree.iitm.ac.in/thevishal/{size}/110717_2.png"
    },
    "last_poster": {
      "id": 22294,
      "username": "TheVishal",
      "name": "Vishal Baraiya",
      "avatar_template": "/user_avatar/discourse.onlinedegree.iitm.ac.in/thevishal/{size}/110717_2.png"
    },
    "links": [
      {
        "url": "https://discourse.onlinedegree.iitm.ac.in/t/project-1-casual-banter/167344/14",
        "title": "Project 1 - Casual banter",
        "internal": true,
        "attachment": false,
        "reflection": true,
        "clicks": 1,
        "user_id": 15651,
        "domain": "discourse.onlinedegree.iitm.ac.in",
        "root_domain": "iitm.ac.in"
      }
    ]
  },
  "pending_posts": [],
  "bookmarks": []
}