{
  "post_stream": {
    "posts": [
      {
        "id": 598100,
        "name": "Muskan Aggarwal",
        "username": "muskan2431",
        "avatar_template": "/user_avatar/discourse.onlinedegree.iitm.ac.in/muskan2431/{size}/24004_2.png",
        "created_at": "2025-02-21T18:32:17.871Z",
        "cooked": "<p><div class=\"lightbox-wrapper\"><a class=\"lightbox\" href=\"https://europe1.discourse-cdn.com/flex013/uploads/iitm/original/3X/1/5/158680f0acc5ef430efd87e8a1cc59a78e6d5e07.png\" data-download-href=\"/uploads/short-url/34qcnwBcLwmxZulqWMVZUZGT9gX.png?dl=1\" title=\"image\" rel=\"noopener nofollow ugc\"><img src=\"https://europe1.discourse-cdn.com/flex013/uploads/iitm/original/3X/1/5/158680f0acc5ef430efd87e8a1cc59a78e6d5e07.png\" alt=\"image\" data-base62-sha1=\"34qcnwBcLwmxZulqWMVZUZGT9gX\" width=\"690\" height=\"352\" data-dominant-color=\"F5F5F5\"><div class=\"meta\"><svg class=\"fa d-icon d-icon-far-image svg-icon\" aria-hidden=\"true\"><use href=\"#far-image\"></use></svg><span class=\"filename\">image</span><span class=\"informations\">1337×683 31.9 KB</span><svg class=\"fa d-icon d-icon-discourse-expand svg-icon\" aria-hidden=\"true\"><use href=\"#discourse-expand\"></use></svg></div></a></div><br>\nIt seems that the question in <em>Graded Assignment 5 for TDS</em> is producing incorrect results despite the same logic working correctly for other variations of the problem. Please check into this question once as I have cross checked with many of the students and chatgpt and all of us faced  this issue in this question. Thanks!<br>\n<a class=\"mention\" href=\"/u/carlton\">@carlton</a> <a class=\"mention\" href=\"/u/s.anand\">@s.anand</a></p>\n<p>code to take reference from:</p>\n<pre><code class=\"lang-auto\">import gzip\nimport pandas as pd\nfrom datetime import datetime\n\nlog_path = 's-anand.net-May-2024.gz'\nstart_time = datetime.strptime('01:00:00', '%H:%M:%S').time()\nend_time = datetime.strptime('15:00:00', '%H:%M:%S').time()\nlog_data = []\n\ndef parse_log(line):\n    parts = line.split(' ')\n    log_time = datetime.strptime(parts[3][1:], '%d/%b/%Y:%H:%M:%S')\n    method, url, status = parts[5][1:], parts[6], int(parts[8])\n    return log_time, method, url, status\n\nwith gzip.open(log_path, 'rt') as file:\n    for entry in file:\n        log_time, method, url, status = parse_log(entry)\n        if method == 'GET' and url.startswith('/blog/') and 200 &lt;= status &lt; 300:\n            if log_time.weekday() == 0 and start_time &lt;= log_time.time() &lt; end_time:\n                log_data.append(entry)\n\nprint(f\"Successful GET requests: {len(log_data)}\")\n</code></pre>\n<p>ps: I shared code after the deadline hopefully no issues there! <img src=\"https://emoji.discourse-cdn.com/google/laughing.png?v=12\" title=\":laughing:\" class=\"emoji\" alt=\":laughing:\" loading=\"lazy\" width=\"20\" height=\"20\"></p>",
        "post_number": 1,
        "post_type": 1,
        "posts_count": 7,
        "updated_at": "2025-02-26T14:26:14.575Z",
        "reply_count": 0,
        "reply_to_post_number": null,
        "quote_count": 0,
        "incoming_link_count": 17,
        "reads": 42,
        "readers_count": 41,
        "score": 92.8,
        "yours": false,
        "topic_id": 168011,
        "topic_slug": "q3-ga5-not-accepting-right-answer",
        "display_username": "Muskan Aggarwal",
        "primary_group_name": "ds-students",
        "flair_name": "ds-students",
        "flair_url": null,
        "flair_bg_color": "",
        "flair_color": "",
        "flair_group_id": 294,
        "badges_granted": [],
        "version": 5,
        "can_edit": false,
        "can_delete": false,
        "can_recover": false,
        "can_see_hidden_post": false,
        "can_wiki": false,
        "read": false,
        "user_title": "",
        "bookmarked": false,
        "actions_summary": [
          {
            "id": 2,
            "can_act": true
          },
          {
            "id": 6,
            "can_act": true
          },
          {
            "id": 3,
            "can_act": true
          },
          {
            "id": 4,
            "can_act": true
          },
          {
            "id": 8,
            "can_act": true
          },
          {
            "id": 10,
            "can_act": true
          },
          {
            "id": 7,
            "can_act": true
          }
        ],
        "moderator": false,
        "admin": false,
        "staff": false,
        "user_id": 11716,
        "hidden": false,
        "trust_level": 1,
        "deleted_at": null,
        "user_deleted": false,
        "edit_reason": null,
        "can_view_edit_history": true,
        "wiki": false,
        "post_url": "/t/q3-ga5-not-accepting-right-answer/168011/1",
        "user_cakedate": "2022-02-01",
        "reactions": [],
        "current_user_reaction": null,
        "reaction_users_count": 0,
        "current_user_used_main_reaction": false,
        "can_accept_answer": false,
        "can_unaccept_answer": false,
        "accepted_answer": false,
        "topic_accepted_answer": true,
        "can_vote": false
      },
      {
        "id": 598177,
        "name": "Amit",
        "username": "amitchaurasia",
        "avatar_template": "/user_avatar/discourse.onlinedegree.iitm.ac.in/amitchaurasia/{size}/66858_2.png",
        "created_at": "2025-02-22T04:08:00.787Z",
        "cooked": "<p>I’m also facing same kind of issue in Q3, GA5, while cross checked answer from different methods getting same result 1603, which is showing incorrect.<br>\nKindly check this issue.<br>\nThanks</p>",
        "post_number": 4,
        "post_type": 1,
        "posts_count": 7,
        "updated_at": "2025-02-22T04:10:23.475Z",
        "reply_count": 0,
        "reply_to_post_number": null,
        "quote_count": 0,
        "incoming_link_count": 0,
        "reads": 33,
        "readers_count": 32,
        "score": 6.2,
        "yours": false,
        "topic_id": 168011,
        "topic_slug": "q3-ga5-not-accepting-right-answer",
        "display_username": "Amit",
        "primary_group_name": "ds-students",
        "flair_name": "ds-students",
        "flair_url": null,
        "flair_bg_color": "",
        "flair_color": "",
        "flair_group_id": 294,
        "badges_granted": [],
        "version": 1,
        "can_edit": false,
        "can_delete": false,
        "can_recover": false,
        "can_see_hidden_post": false,
        "can_wiki": false,
        "read": false,
        "user_title": null,
        "bookmarked": false,
        "actions_summary": [
          {
            "id": 2,
            "can_act": true
          },
          {
            "id": 6,
            "can_act": true
          },
          {
            "id": 3,
            "can_act": true
          },
          {
            "id": 4,
            "can_act": true
          },
          {
            "id": 8,
            "can_act": true
          },
          {
            "id": 10,
            "can_act": true
          },
          {
            "id": 7,
            "can_act": true
          }
        ],
        "moderator": false,
        "admin": false,
        "staff": false,
        "user_id": 16541,
        "hidden": false,
        "trust_level": 1,
        "deleted_at": null,
        "user_deleted": false,
        "edit_reason": null,
        "can_view_edit_history": true,
        "wiki": false,
        "post_url": "/t/q3-ga5-not-accepting-right-answer/168011/4",
        "user_cakedate": "2023-01-29",
        "reactions": [],
        "current_user_reaction": null,
        "reaction_users_count": 0,
        "current_user_used_main_reaction": false,
        "can_accept_answer": false,
        "can_unaccept_answer": false,
        "accepted_answer": false,
        "topic_accepted_answer": true
      },
      {
        "id": 598240,
        "name": "Aryan Singh",
        "username": "Aryxn",
        "avatar_template": "https://avatars.discourse-cdn.com/v4/letter/a/9d8465/{size}.png",
        "created_at": "2025-02-22T05:52:55.677Z",
        "cooked": "<p>The same issue is being faced by many students, not only for this condition, but others as well. Please look into it</p>",
        "post_number": 5,
        "post_type": 1,
        "posts_count": 7,
        "updated_at": "2025-02-22T05:52:55.677Z",
        "reply_count": 0,
        "reply_to_post_number": null,
        "quote_count": 0,
        "incoming_link_count": 0,
        "reads": 29,
        "readers_count": 28,
        "score": 5.4,
        "yours": false,
        "topic_id": 168011,
        "topic_slug": "q3-ga5-not-accepting-right-answer",
        "display_username": "Aryan Singh",
        "primary_group_name": "ds-students",
        "flair_name": "ds-students",
        "flair_url": null,
        "flair_bg_color": "",
        "flair_color": "",
        "flair_group_id": 294,
        "badges_granted": [],
        "version": 1,
        "can_edit": false,
        "can_delete": false,
        "can_recover": false,
        "can_see_hidden_post": false,
        "can_wiki": false,
        "read": false,
        "user_title": null,
        "bookmarked": false,
        "actions_summary": [
          {
            "id": 2,
            "can_act": true
          },
          {
            "id": 6,
            "can_act": true
          },
          {
            "id": 3,
            "can_act": true
          },
          {
            "id": 4,
            "can_act": true
          },
          {
            "id": 8,
            "can_act": true
          },
          {
            "id": 10,
            "can_act": true
          },
          {
            "id": 7,
            "can_act": true
          }
        ],
        "moderator": false,
        "admin": false,
        "staff": false,
        "user_id": 3146,
        "hidden": false,
        "trust_level": 1,
        "deleted_at": null,
        "user_deleted": false,
        "edit_reason": null,
        "can_view_edit_history": true,
        "wiki": false,
        "post_url": "/t/q3-ga5-not-accepting-right-answer/168011/5",
        "user_cakedate": "2021-05-02",
        "reactions": [],
        "current_user_reaction": null,
        "reaction_users_count": 0,
        "current_user_used_main_reaction": false,
        "can_accept_answer": false,
        "can_unaccept_answer": false,
        "accepted_answer": false,
        "topic_accepted_answer": true
      },
      {
        "id": 598344,
        "name": "B R GIRI SUBRAHMANYA",
        "username": "23f2000573",
        "avatar_template": "/user_avatar/discourse.onlinedegree.iitm.ac.in/23f2000573/{size}/68306_2.png",
        "created_at": "2025-02-22T08:28:29.532Z",
        "cooked": "<p>actually i got 130 as answer. but the answer accepted by the portal was 129. i felt like, i have to change one or two numbers front and back, i tried the same before. it worked <img src=\"https://emoji.discourse-cdn.com/google/sweat_smile.png?v=12\" title=\":sweat_smile:\" class=\"emoji\" alt=\":sweat_smile:\" loading=\"lazy\" width=\"20\" height=\"20\"></p>",
        "post_number": 6,
        "post_type": 1,
        "posts_count": 7,
        "updated_at": "2025-02-22T08:28:29.532Z",
        "reply_count": 1,
        "reply_to_post_number": null,
        "quote_count": 0,
        "incoming_link_count": 0,
        "reads": 24,
        "readers_count": 23,
        "score": 9.4,
        "yours": false,
        "topic_id": 168011,
        "topic_slug": "q3-ga5-not-accepting-right-answer",
        "display_username": "B R GIRI SUBRAHMANYA",
        "primary_group_name": "ds-students",
        "flair_name": "ds-students",
        "flair_url": null,
        "flair_bg_color": "",
        "flair_color": "",
        "flair_group_id": 294,
        "badges_granted": [],
        "version": 1,
        "can_edit": false,
        "can_delete": false,
        "can_recover": false,
        "can_see_hidden_post": false,
        "can_wiki": false,
        "read": false,
        "user_title": "",
        "bookmarked": false,
        "actions_summary": [
          {
            "id": 2,
            "can_act": true
          },
          {
            "id": 6,
            "can_act": true
          },
          {
            "id": 3,
            "can_act": true
          },
          {
            "id": 4,
            "can_act": true
          },
          {
            "id": 8,
            "can_act": true
          },
          {
            "id": 10,
            "can_act": true
          },
          {
            "id": 7,
            "can_act": true
          }
        ],
        "moderator": false,
        "admin": false,
        "staff": false,
        "user_id": 17736,
        "hidden": false,
        "trust_level": 1,
        "deleted_at": null,
        "user_deleted": false,
        "edit_reason": null,
        "can_view_edit_history": true,
        "wiki": false,
        "post_url": "/t/q3-ga5-not-accepting-right-answer/168011/6",
        "user_cakedate": "2023-06-03",
        "reactions": [],
        "current_user_reaction": null,
        "reaction_users_count": 0,
        "current_user_used_main_reaction": false,
        "can_accept_answer": false,
        "can_unaccept_answer": false,
        "accepted_answer": false,
        "topic_accepted_answer": true
      },
      {
        "id": 598383,
        "name": "Muskan Aggarwal",
        "username": "muskan2431",
        "avatar_template": "/user_avatar/discourse.onlinedegree.iitm.ac.in/muskan2431/{size}/24004_2.png",
        "created_at": "2025-02-22T09:57:39.167Z",
        "cooked": "<p>For the same question? But it shouldnt be +1 -1 to get the correct answer right.</p>",
        "post_number": 7,
        "post_type": 1,
        "posts_count": 7,
        "updated_at": "2025-02-22T09:57:39.167Z",
        "reply_count": 0,
        "reply_to_post_number": 6,
        "quote_count": 0,
        "incoming_link_count": 0,
        "reads": 25,
        "readers_count": 24,
        "score": 4.6,
        "yours": false,
        "topic_id": 168011,
        "topic_slug": "q3-ga5-not-accepting-right-answer",
        "display_username": "Muskan Aggarwal",
        "primary_group_name": "ds-students",
        "flair_name": "ds-students",
        "flair_url": null,
        "flair_bg_color": "",
        "flair_color": "",
        "flair_group_id": 294,
        "badges_granted": [],
        "version": 1,
        "can_edit": false,
        "can_delete": false,
        "can_recover": false,
        "can_see_hidden_post": false,
        "can_wiki": false,
        "read": false,
        "user_title": "",
        "reply_to_user": {
          "id": 17736,
          "username": "23f2000573",
          "name": "B R GIRI SUBRAHMANYA",
          "avatar_template": "/user_avatar/discourse.onlinedegree.iitm.ac.in/23f2000573/{size}/68306_2.png"
        },
        "bookmarked": false,
        "actions_summary": [
          {
            "id": 2,
            "can_act": true
          },
          {
            "id": 6,
            "can_act": true
          },
          {
            "id": 3,
            "can_act": true
          },
          {
            "id": 4,
            "can_act": true
          },
          {
            "id": 8,
            "can_act": true
          },
          {
            "id": 10,
            "can_act": true
          },
          {
            "id": 7,
            "can_act": true
          }
        ],
        "moderator": false,
        "admin": false,
        "staff": false,
        "user_id": 11716,
        "hidden": false,
        "trust_level": 1,
        "deleted_at": null,
        "user_deleted": false,
        "edit_reason": null,
        "can_view_edit_history": true,
        "wiki": false,
        "post_url": "/t/q3-ga5-not-accepting-right-answer/168011/7",
        "user_cakedate": "2022-02-01",
        "reactions": [],
        "current_user_reaction": null,
        "reaction_users_count": 0,
        "current_user_used_main_reaction": false,
        "can_accept_answer": false,
        "can_unaccept_answer": false,
        "accepted_answer": false,
        "topic_accepted_answer": true
      },
      {
        "id": 598948,
        "name": "Carlton D'Silva",
        "username": "carlton",
        "avatar_template": "/user_avatar/discourse.onlinedegree.iitm.ac.in/carlton/{size}/56317_2.png",
        "created_at": "2025-02-24T11:48:02.411Z",
        "cooked": "<p>Hi <a class=\"mention\" href=\"/u/muskan2431\">@muskan2431</a> we are running some checks.</p>\n<p>Please bear with us,<br>\nKind regards</p>",
        "post_number": 8,
        "post_type": 1,
        "posts_count": 7,
        "updated_at": "2025-02-24T11:48:02.411Z",
        "reply_count": 1,
        "reply_to_post_number": null,
        "quote_count": 0,
        "incoming_link_count": 0,
        "reads": 22,
        "readers_count": 21,
        "score": 8.8,
        "yours": false,
        "topic_id": 168011,
        "topic_slug": "q3-ga5-not-accepting-right-answer",
        "display_username": "Carlton D'Silva",
        "primary_group_name": "ds-students",
        "flair_name": "ds-students",
        "flair_url": null,
        "flair_bg_color": "",
        "flair_color": "",
        "flair_group_id": 294,
        "badges_granted": [],
        "version": 1,
        "can_edit": false,
        "can_delete": false,
        "can_recover": false,
        "can_see_hidden_post": false,
        "can_wiki": false,
        "read": false,
        "user_title": "Regular",
        "title_is_group": false,
        "bookmarked": false,
        "actions_summary": [
          {
            "id": 2,
            "can_act": true
          },
          {
            "id": 6,
            "can_act": true
          },
          {
            "id": 3,
            "can_act": true
          },
          {
            "id": 4,
            "can_act": true
          },
          {
            "id": 8,
            "can_act": true
          },
          {
            "id": 10,
            "can_act": true
          },
          {
            "id": 7,
            "can_act": true
          }
        ],
        "moderator": false,
        "admin": false,
        "staff": false,
        "group_moderator": true,
        "user_id": 16094,
        "hidden": false,
        "trust_level": 3,
        "deleted_at": null,
        "user_deleted": false,
        "edit_reason": null,
        "can_view_edit_history": true,
        "wiki": false,
        "post_url": "/t/q3-ga5-not-accepting-right-answer/168011/8",
        "user_cakedate": "2023-01-25",
        "reactions": [],
        "current_user_reaction": null,
        "reaction_users_count": 0,
        "current_user_used_main_reaction": false,
        "can_accept_answer": false,
        "can_unaccept_answer": false,
        "accepted_answer": false,
        "topic_accepted_answer": true
      },
      {
        "id": 599493,
        "name": "Carlton D'Silva",
        "username": "carlton",
        "avatar_template": "/user_avatar/discourse.onlinedegree.iitm.ac.in/carlton/{size}/56317_2.png",
        "created_at": "2025-02-25T11:13:32.454Z",
        "cooked": "<p>We have determined that some students were affected by GA5 Q3. Whoever we have identified as having received the incorrect assessment will receive 1 mark for that particular question. These are the students that we have identified as been assessed incorrectly:</p>\n<div class=\"md-table\">\n<table>\n<thead>\n<tr>\n<th>SN</th>\n<th>Email</th>\n</tr>\n</thead>\n<tbody>\n<tr>\n<td>1</td>\n<td>21f1000131@ds.study.iitm.ac.in</td>\n</tr>\n<tr>\n<td>2</td>\n<td>21f1001484@ds.study.iitm.ac.in</td>\n</tr>\n<tr>\n<td>3</td>\n<td>21f1001631@ds.study.iitm.ac.in</td>\n</tr>\n<tr>\n<td>4</td>\n<td>21f1001729@ds.study.iitm.ac.in</td>\n</tr>\n<tr>\n<td>5</td>\n<td>21f1001890@ds.study.iitm.ac.in</td>\n</tr>\n<tr>\n<td>6</td>\n<td>21f1002734@ds.study.iitm.ac.in</td>\n</tr>\n<tr>\n<td>7</td>\n<td>21f1002773@ds.study.iitm.ac.in</td>\n</tr>\n<tr>\n<td>8</td>\n<td>21f1003135@ds.study.iitm.ac.in</td>\n</tr>\n<tr>\n<td>9</td>\n<td>21f1003475@ds.study.iitm.ac.in</td>\n</tr>\n<tr>\n<td>10</td>\n<td>21f1003816@ds.study.iitm.ac.in</td>\n</tr>\n<tr>\n<td>11</td>\n<td>21f1005422@ds.study.iitm.ac.in</td>\n</tr>\n<tr>\n<td>12</td>\n<td>21f1005510@ds.study.iitm.ac.in</td>\n</tr>\n<tr>\n<td>13</td>\n<td>21f1006234@ds.study.iitm.ac.in</td>\n</tr>\n<tr>\n<td>14</td>\n<td>21f1006309@ds.study.iitm.ac.in</td>\n</tr>\n<tr>\n<td>15</td>\n<td>21f1006867@ds.study.iitm.ac.in</td>\n</tr>\n<tr>\n<td>16</td>\n<td>21f2000525@ds.study.iitm.ac.in</td>\n</tr>\n<tr>\n<td>17</td>\n<td>21f2000913@ds.study.iitm.ac.in</td>\n</tr>\n<tr>\n<td>18</td>\n<td>21f2000998@ds.study.iitm.ac.in</td>\n</tr>\n<tr>\n<td>19</td>\n<td>21f2001061@ds.study.iitm.ac.in</td>\n</tr>\n<tr>\n<td>20</td>\n<td>21f2001080@ds.study.iitm.ac.in</td>\n</tr>\n<tr>\n<td>21</td>\n<td>21f2001543@ds.study.iitm.ac.in</td>\n</tr>\n<tr>\n<td>22</td>\n<td>21f3000311@ds.study.iitm.ac.in</td>\n</tr>\n<tr>\n<td>23</td>\n<td>21f3000355@ds.study.iitm.ac.in</td>\n</tr>\n<tr>\n<td>24</td>\n<td>21f3000512@ds.study.iitm.ac.in</td>\n</tr>\n<tr>\n<td>25</td>\n<td>21f3000591@ds.study.iitm.ac.in</td>\n</tr>\n<tr>\n<td>26</td>\n<td>21f3000687@ds.study.iitm.ac.in</td>\n</tr>\n<tr>\n<td>27</td>\n<td>21f3000813@ds.study.iitm.ac.in</td>\n</tr>\n<tr>\n<td>28</td>\n<td>21f3001091@ds.study.iitm.ac.in</td>\n</tr>\n<tr>\n<td>29</td>\n<td>21f3001161@ds.study.iitm.ac.in</td>\n</tr>\n<tr>\n<td>30</td>\n<td>21f3001936@ds.study.iitm.ac.in</td>\n</tr>\n<tr>\n<td>31</td>\n<td>21f3001965@ds.study.iitm.ac.in</td>\n</tr>\n<tr>\n<td>32</td>\n<td>21f3002158@ds.study.iitm.ac.in</td>\n</tr>\n<tr>\n<td>33</td>\n<td>21f3002431@ds.study.iitm.ac.in</td>\n</tr>\n<tr>\n<td>34</td>\n<td>21f3002444@ds.study.iitm.ac.in</td>\n</tr>\n<tr>\n<td>35</td>\n<td>21f3002647@ds.study.iitm.ac.in</td>\n</tr>\n<tr>\n<td>36</td>\n<td>21f3002782@ds.study.iitm.ac.in</td>\n</tr>\n<tr>\n<td>37</td>\n<td>21f3003195@ds.study.iitm.ac.in</td>\n</tr>\n<tr>\n<td>38</td>\n<td>22ds2000011@ds.study.iitm.ac.in</td>\n</tr>\n<tr>\n<td>39</td>\n<td>22f1000376@ds.study.iitm.ac.in</td>\n</tr>\n<tr>\n<td>40</td>\n<td>22f1000821@ds.study.iitm.ac.in</td>\n</tr>\n<tr>\n<td>41</td>\n<td>22f1000902@ds.study.iitm.ac.in</td>\n</tr>\n<tr>\n<td>42</td>\n<td>22f1000935@ds.study.iitm.ac.in</td>\n</tr>\n<tr>\n<td>43</td>\n<td>22f1000989@ds.study.iitm.ac.in</td>\n</tr>\n<tr>\n<td>44</td>\n<td>22f1001095@ds.study.iitm.ac.in</td>\n</tr>\n<tr>\n<td>45</td>\n<td>22f1001316@ds.study.iitm.ac.in</td>\n</tr>\n<tr>\n<td>46</td>\n<td>22f1001391@ds.study.iitm.ac.in</td>\n</tr>\n<tr>\n<td>47</td>\n<td>22f1001416@ds.study.iitm.ac.in</td>\n</tr>\n<tr>\n<td>48</td>\n<td>22f1001438@ds.study.iitm.ac.in</td>\n</tr>\n<tr>\n<td>49</td>\n<td>22f1001542@ds.study.iitm.ac.in</td>\n</tr>\n<tr>\n<td>50</td>\n<td>22f1001551@ds.study.iitm.ac.in</td>\n</tr>\n<tr>\n<td>51</td>\n<td>22f1001552@ds.study.iitm.ac.in</td>\n</tr>\n<tr>\n<td>52</td>\n<td>22f1001862@ds.study.iitm.ac.in</td>\n</tr>\n<tr>\n<td>53</td>\n<td>22f2000108@ds.study.iitm.ac.in</td>\n</tr>\n<tr>\n<td>54</td>\n<td>22f2000113@ds.study.iitm.ac.in</td>\n</tr>\n<tr>\n<td>55</td>\n<td>22f2000116@ds.study.iitm.ac.in</td>\n</tr>\n<tr>\n<td>56</td>\n<td>22f2000273@ds.study.iitm.ac.in</td>\n</tr>\n<tr>\n<td>57</td>\n<td>22f2000467@ds.study.iitm.ac.in</td>\n</tr>\n<tr>\n<td>58</td>\n<td>22f2000813@ds.study.iitm.ac.in</td>\n</tr>\n<tr>\n<td>59</td>\n<td>22f2000898@ds.study.iitm.ac.in</td>\n</tr>\n<tr>\n<td>60</td>\n<td>22f2000946@ds.study.iitm.ac.in</td>\n</tr>\n<tr>\n<td>61</td>\n<td>22f2001041@ds.study.iitm.ac.in</td>\n</tr>\n<tr>\n<td>62</td>\n<td>22f2001336@ds.study.iitm.ac.in</td>\n</tr>\n<tr>\n<td>63</td>\n<td>22f2001532@ds.study.iitm.ac.in</td>\n</tr>\n<tr>\n<td>64</td>\n<td>22f2001590@ds.study.iitm.ac.in</td>\n</tr>\n<tr>\n<td>65</td>\n<td>22f3000275@ds.study.iitm.ac.in</td>\n</tr>\n<tr>\n<td>66</td>\n<td>22f3000337@ds.study.iitm.ac.in</td>\n</tr>\n<tr>\n<td>67</td>\n<td>22f3000419@ds.study.iitm.ac.in</td>\n</tr>\n<tr>\n<td>68</td>\n<td>22f3000422@ds.study.iitm.ac.in</td>\n</tr>\n<tr>\n<td>69</td>\n<td>22f3000487@ds.study.iitm.ac.in</td>\n</tr>\n<tr>\n<td>70</td>\n<td>22f3000563@ds.study.iitm.ac.in</td>\n</tr>\n<tr>\n<td>71</td>\n<td>22f3000694@ds.study.iitm.ac.in</td>\n</tr>\n<tr>\n<td>72</td>\n<td>22f3000814@ds.study.iitm.ac.in</td>\n</tr>\n<tr>\n<td>73</td>\n<td>22f3000819@ds.study.iitm.ac.in</td>\n</tr>\n<tr>\n<td>74</td>\n<td>22f3000831@ds.study.iitm.ac.in</td>\n</tr>\n<tr>\n<td>75</td>\n<td>22f3000833@ds.study.iitm.ac.in</td>\n</tr>\n<tr>\n<td>76</td>\n<td>22f3001050@ds.study.iitm.ac.in</td>\n</tr>\n<tr>\n<td>77</td>\n<td>22f3001074@ds.study.iitm.ac.in</td>\n</tr>\n<tr>\n<td>78</td>\n<td>22f3001108@ds.study.iitm.ac.in</td>\n</tr>\n<tr>\n<td>79</td>\n<td>22f3001278@ds.study.iitm.ac.in</td>\n</tr>\n<tr>\n<td>80</td>\n<td>22f3001316@ds.study.iitm.ac.in</td>\n</tr>\n<tr>\n<td>81</td>\n<td>22f3001675@ds.study.iitm.ac.in</td>\n</tr>\n<tr>\n<td>82</td>\n<td>22f3001688@ds.study.iitm.ac.in</td>\n</tr>\n<tr>\n<td>83</td>\n<td>22f3001777@ds.study.iitm.ac.in</td>\n</tr>\n<tr>\n<td>84</td>\n<td>22f3001834@ds.study.iitm.ac.in</td>\n</tr>\n<tr>\n<td>85</td>\n<td>22f3001930@ds.study.iitm.ac.in</td>\n</tr>\n<tr>\n<td>86</td>\n<td>22f3001961@ds.study.iitm.ac.in</td>\n</tr>\n<tr>\n<td>87</td>\n<td>22f3001967@ds.study.iitm.ac.in</td>\n</tr>\n<tr>\n<td>88</td>\n<td>22f3002011@ds.study.iitm.ac.in</td>\n</tr>\n<tr>\n<td>89</td>\n<td>22f3002175@ds.study.iitm.ac.in</td>\n</tr>\n<tr>\n<td>90</td>\n<td>22f3002184@ds.study.iitm.ac.in</td>\n</tr>\n<tr>\n<td>91</td>\n<td>22f3002236@ds.study.iitm.ac.in</td>\n</tr>\n<tr>\n<td>92</td>\n<td>22f3002265@ds.study.iitm.ac.in</td>\n</tr>\n<tr>\n<td>93</td>\n<td>22f3002291@ds.study.iitm.ac.in</td>\n</tr>\n<tr>\n<td>94</td>\n<td>22f3002307@ds.study.iitm.ac.in</td>\n</tr>\n<tr>\n<td>95</td>\n<td>22f3002394@ds.study.iitm.ac.in</td>\n</tr>\n<tr>\n<td>96</td>\n<td>22f3002447@ds.study.iitm.ac.in</td>\n</tr>\n<tr>\n<td>97</td>\n<td>22f3002498@ds.study.iitm.ac.in</td>\n</tr>\n<tr>\n<td>98</td>\n<td>22f3002565@ds.study.iitm.ac.in</td>\n</tr>\n<tr>\n<td>99</td>\n<td>22f3002634@ds.study.iitm.ac.in</td>\n</tr>\n<tr>\n<td>100</td>\n<td>22f3002712@ds.study.iitm.ac.in</td>\n</tr>\n<tr>\n<td>101</td>\n<td>22f3002813@ds.study.iitm.ac.in</td>\n</tr>\n<tr>\n<td>102</td>\n<td>22f3002844@ds.study.iitm.ac.in</td>\n</tr>\n<tr>\n<td>103</td>\n<td>22f3002948@ds.study.iitm.ac.in</td>\n</tr>\n<tr>\n<td>104</td>\n<td>22f3003003@ds.study.iitm.ac.in</td>\n</tr>\n<tr>\n<td>105</td>\n<td>22f3003237@ds.study.iitm.ac.in</td>\n</tr>\n<tr>\n<td>106</td>\n<td>23ds1000032@ds.study.iitm.ac.in</td>\n</tr>\n<tr>\n<td>107</td>\n<td>23ds2000055@ds.study.iitm.ac.in</td>\n</tr>\n<tr>\n<td>108</td>\n<td>23ds2000069@ds.study.iitm.ac.in</td>\n</tr>\n<tr>\n<td>109</td>\n<td>23ds3000146@ds.study.iitm.ac.in</td>\n</tr>\n<tr>\n<td>110</td>\n<td>23ds3000149@ds.study.iitm.ac.in</td>\n</tr>\n<tr>\n<td>111</td>\n<td>23ds3000224@ds.study.iitm.ac.in</td>\n</tr>\n<tr>\n<td>112</td>\n<td>23f1000232@ds.study.iitm.ac.in</td>\n</tr>\n<tr>\n<td>113</td>\n<td>23f1000257@ds.study.iitm.ac.in</td>\n</tr>\n<tr>\n<td>114</td>\n<td>23f1000292@ds.study.iitm.ac.in</td>\n</tr>\n<tr>\n<td>115</td>\n<td>23f1000587@ds.study.iitm.ac.in</td>\n</tr>\n<tr>\n<td>116</td>\n<td>23f1000776@ds.study.iitm.ac.in</td>\n</tr>\n<tr>\n<td>117</td>\n<td>23f1000813@ds.study.iitm.ac.in</td>\n</tr>\n<tr>\n<td>118</td>\n<td>23f1000844@ds.study.iitm.ac.in</td>\n</tr>\n<tr>\n<td>119</td>\n<td>23f1001472@ds.study.iitm.ac.in</td>\n</tr>\n<tr>\n<td>120</td>\n<td>23f1001651@ds.study.iitm.ac.in</td>\n</tr>\n<tr>\n<td>121</td>\n<td>23f1001684@ds.study.iitm.ac.in</td>\n</tr>\n<tr>\n<td>122</td>\n<td>23f1001788@ds.study.iitm.ac.in</td>\n</tr>\n<tr>\n<td>123</td>\n<td>23f1001861@ds.study.iitm.ac.in</td>\n</tr>\n<tr>\n<td>124</td>\n<td>23f1002075@ds.study.iitm.ac.in</td>\n</tr>\n<tr>\n<td>125</td>\n<td>23f1002114@ds.study.iitm.ac.in</td>\n</tr>\n<tr>\n<td>126</td>\n<td>23f1002279@ds.study.iitm.ac.in</td>\n</tr>\n<tr>\n<td>127</td>\n<td>23f1002345@ds.study.iitm.ac.in</td>\n</tr>\n<tr>\n<td>128</td>\n<td>23f1002362@ds.study.iitm.ac.in</td>\n</tr>\n<tr>\n<td>129</td>\n<td>23f1002535@ds.study.iitm.ac.in</td>\n</tr>\n<tr>\n<td>130</td>\n<td>23f1002563@ds.study.iitm.ac.in</td>\n</tr>\n<tr>\n<td>131</td>\n<td>23f1002586@ds.study.iitm.ac.in</td>\n</tr>\n<tr>\n<td>132</td>\n<td>23f1002630@ds.study.iitm.ac.in</td>\n</tr>\n<tr>\n<td>133</td>\n<td>23f1002929@ds.study.iitm.ac.in</td>\n</tr>\n<tr>\n<td>134</td>\n<td>23f1003000@ds.study.iitm.ac.in</td>\n</tr>\n<tr>\n<td>135</td>\n<td>23f1003115@ds.study.iitm.ac.in</td>\n</tr>\n<tr>\n<td>136</td>\n<td>23f2000119@ds.study.iitm.ac.in</td>\n</tr>\n<tr>\n<td>137</td>\n<td>23f2000273@ds.study.iitm.ac.in</td>\n</tr>\n<tr>\n<td>138</td>\n<td>23f2000762@ds.study.iitm.ac.in</td>\n</tr>\n<tr>\n<td>139</td>\n<td>23f2000794@ds.study.iitm.ac.in</td>\n</tr>\n<tr>\n<td>140</td>\n<td>23f2000822@ds.study.iitm.ac.in</td>\n</tr>\n<tr>\n<td>141</td>\n<td>23f2000926@ds.study.iitm.ac.in</td>\n</tr>\n<tr>\n<td>142</td>\n<td>23f2000942@ds.study.iitm.ac.in</td>\n</tr>\n<tr>\n<td>143</td>\n<td>23f2001274@ds.study.iitm.ac.in</td>\n</tr>\n<tr>\n<td>144</td>\n<td>23f2001347@ds.study.iitm.ac.in</td>\n</tr>\n<tr>\n<td>145</td>\n<td>23f2001494@ds.study.iitm.ac.in</td>\n</tr>\n<tr>\n<td>146</td>\n<td>23f2001529@ds.study.iitm.ac.in</td>\n</tr>\n<tr>\n<td>147</td>\n<td>23f2001539@ds.study.iitm.ac.in</td>\n</tr>\n<tr>\n<td>148</td>\n<td>23f2001661@ds.study.iitm.ac.in</td>\n</tr>\n<tr>\n<td>149</td>\n<td>23f2001960@ds.study.iitm.ac.in</td>\n</tr>\n<tr>\n<td>150</td>\n<td>23f2001992@ds.study.iitm.ac.in</td>\n</tr>\n<tr>\n<td>151</td>\n<td>23f2002034@ds.study.iitm.ac.in</td>\n</tr>\n<tr>\n<td>152</td>\n<td>23f2002121@ds.study.iitm.ac.in</td>\n</tr>\n<tr>\n<td>153</td>\n<td>23f2002865@ds.study.iitm.ac.in</td>\n</tr>\n<tr>\n<td>154</td>\n<td>23f2002939@ds.study.iitm.ac.in</td>\n</tr>\n<tr>\n<td>155</td>\n<td>23f2003529@ds.study.iitm.ac.in</td>\n</tr>\n<tr>\n<td>156</td>\n<td>23f2003751@ds.study.iitm.ac.in</td>\n</tr>\n<tr>\n<td>157</td>\n<td>23f2003893@ds.study.iitm.ac.in</td>\n</tr>\n<tr>\n<td>158</td>\n<td>23f2004115@ds.study.iitm.ac.in</td>\n</tr>\n<tr>\n<td>159</td>\n<td>23f2004244@ds.study.iitm.ac.in</td>\n</tr>\n<tr>\n<td>160</td>\n<td>23f2004366@ds.study.iitm.ac.in</td>\n</tr>\n<tr>\n<td>161</td>\n<td>23f2004443@ds.study.iitm.ac.in</td>\n</tr>\n<tr>\n<td>162</td>\n<td>23f2004473@ds.study.iitm.ac.in</td>\n</tr>\n<tr>\n<td>163</td>\n<td>23f2004510@ds.study.iitm.ac.in</td>\n</tr>\n<tr>\n<td>164</td>\n<td>23f2004637@ds.study.iitm.ac.in</td>\n</tr>\n<tr>\n<td>165</td>\n<td>23f2004770@ds.study.iitm.ac.in</td>\n</tr>\n<tr>\n<td>166</td>\n<td>23f2004793@ds.study.iitm.ac.in</td>\n</tr>\n<tr>\n<td>167</td>\n<td>23f2004936@ds.study.iitm.ac.in</td>\n</tr>\n<tr>\n<td>168</td>\n<td>23f2004979@ds.study.iitm.ac.in</td>\n</tr>\n<tr>\n<td>169</td>\n<td>23f2005010@ds.study.iitm.ac.in</td>\n</tr>\n<tr>\n<td>170</td>\n<td>23f2005193@ds.study.iitm.ac.in</td>\n</tr>\n<tr>\n<td>171</td>\n<td>23f2005325@ds.study.iitm.ac.in</td>\n</tr>\n<tr>\n<td>172</td>\n<td>23f2005398@ds.study.iitm.ac.in</td>\n</tr>\n<tr>\n<td>173</td>\n<td>23f2005474@ds.study.iitm.ac.in</td>\n</tr>\n<tr>\n<td>174</td>\n<td>23f2005525@ds.study.iitm.ac.in</td>\n</tr>\n<tr>\n<td>175</td>\n<td>23f2005665@ds.study.iitm.ac.in</td>\n</tr>\n<tr>\n<td>176</td>\n<td>23f2005701@ds.study.iitm.ac.in</td>\n</tr>\n<tr>\n<td>177</td>\n<td>23f2005706@ds.study.iitm.ac.in</td>\n</tr>\n<tr>\n<td>178</td>\n<td>23f2005738@ds.study.iitm.ac.in</td>\n</tr>\n<tr>\n<td>179</td>\n<td>23f3000975@ds.study.iitm.ac.in</td>\n</tr>\n<tr>\n<td>180</td>\n<td>23f3001271@ds.study.iitm.ac.in</td>\n</tr>\n<tr>\n<td>181</td>\n<td>23f3001462@ds.study.iitm.ac.in</td>\n</tr>\n<tr>\n<td>182</td>\n<td>23f3001572@ds.study.iitm.ac.in</td>\n</tr>\n<tr>\n<td>183</td>\n<td>23f3001745@ds.study.iitm.ac.in</td>\n</tr>\n<tr>\n<td>184</td>\n<td>23f3001752@ds.study.iitm.ac.in</td>\n</tr>\n<tr>\n<td>185</td>\n<td>23f3001764@ds.study.iitm.ac.in</td>\n</tr>\n<tr>\n<td>186</td>\n<td>23f3001848@ds.study.iitm.ac.in</td>\n</tr>\n<tr>\n<td>187</td>\n<td>23f3002196@ds.study.iitm.ac.in</td>\n</tr>\n<tr>\n<td>188</td>\n<td>23f3002427@ds.study.iitm.ac.in</td>\n</tr>\n<tr>\n<td>189</td>\n<td>23f3002537@ds.study.iitm.ac.in</td>\n</tr>\n<tr>\n<td>190</td>\n<td>23f3002643@ds.study.iitm.ac.in</td>\n</tr>\n<tr>\n<td>191</td>\n<td>23f3003016@ds.study.iitm.ac.in</td>\n</tr>\n<tr>\n<td>192</td>\n<td>23f3003027@ds.study.iitm.ac.in</td>\n</tr>\n<tr>\n<td>193</td>\n<td>23f3003871@ds.study.iitm.ac.in</td>\n</tr>\n<tr>\n<td>194</td>\n<td>23f3004013@ds.study.iitm.ac.in</td>\n</tr>\n<tr>\n<td>195</td>\n<td>23f3004024@ds.study.iitm.ac.in</td>\n</tr>\n<tr>\n<td>196</td>\n<td>23f3004066@ds.study.iitm.ac.in</td>\n</tr>\n<tr>\n<td>197</td>\n<td>23f3004134@ds.study.iitm.ac.in</td>\n</tr>\n<tr>\n<td>198</td>\n<td>23f3004230@ds.study.iitm.ac.in</td>\n</tr>\n<tr>\n<td>199</td>\n<td>23f3004238@ds.study.iitm.ac.in</td>\n</tr>\n<tr>\n<td>200</td>\n<td>23f3004264@ds.study.iitm.ac.in</td>\n</tr>\n<tr>\n<td>201</td>\n<td>23f3004394@ds.study.iitm.ac.in</td>\n</tr>\n<tr>\n<td>202</td>\n<td>23f3004444@ds.study.iitm.ac.in</td>\n</tr>\n<tr>\n<td>203</td>\n<td>24ds1000079@ds.study.iitm.ac.in</td>\n</tr>\n<tr>\n<td>204</td>\n<td>24ds2000062@ds.study.iitm.ac.in</td>\n</tr>\n<tr>\n<td>205</td>\n<td>24ds2000101@ds.study.iitm.ac.in</td>\n</tr>\n<tr>\n<td>206</td>\n<td>24ds2000112@ds.study.iitm.ac.in</td>\n</tr>\n<tr>\n<td>207</td>\n<td>24ds3000028@ds.study.iitm.ac.in</td>\n</tr>\n<tr>\n<td>208</td>\n<td>24ds3000031@ds.study.iitm.ac.in</td>\n</tr>\n<tr>\n<td>209</td>\n<td>24ds3000074@ds.study.iitm.ac.in</td>\n</tr>\n<tr>\n<td>210</td>\n<td>24f1000010@ds.study.iitm.ac.in</td>\n</tr>\n<tr>\n<td>211</td>\n<td>24f1000400@ds.study.iitm.ac.in</td>\n</tr>\n<tr>\n<td>212</td>\n<td>24f1000784@ds.study.iitm.ac.in</td>\n</tr>\n<tr>\n<td>213</td>\n<td>24f1000925@ds.study.iitm.ac.in</td>\n</tr>\n<tr>\n<td>214</td>\n<td>24f1001396@ds.study.iitm.ac.in</td>\n</tr>\n<tr>\n<td>215</td>\n<td>24f1001439@ds.study.iitm.ac.in</td>\n</tr>\n<tr>\n<td>216</td>\n<td>24f1001520@ds.study.iitm.ac.in</td>\n</tr>\n<tr>\n<td>217</td>\n<td>24f1002390@ds.study.iitm.ac.in</td>\n</tr>\n<tr>\n<td>218</td>\n<td>24f1002474@ds.study.iitm.ac.in</td>\n</tr>\n<tr>\n<td>219</td>\n<td>24f2000994@ds.study.iitm.ac.in</td>\n</tr>\n<tr>\n<td>220</td>\n<td>24f2002746@ds.study.iitm.ac.in</td>\n</tr>\n<tr>\n<td>221</td>\n<td>24f2003375@ds.study.iitm.ac.in</td>\n</tr>\n<tr>\n<td>222</td>\n<td>24f2004863@ds.study.iitm.ac.in</td>\n</tr>\n</tbody>\n</table>\n</div><p>Kind regards,<br>\nTDS Team</p>",
        "post_number": 9,
        "post_type": 1,
        "posts_count": 7,
        "updated_at": "2025-02-25T11:13:32.454Z",
        "reply_count": 0,
        "reply_to_post_number": 8,
        "quote_count": 0,
        "incoming_link_count": 0,
        "reads": 17,
        "readers_count": 16,
        "score": 17.6,
        "yours": false,
        "topic_id": 168011,
        "topic_slug": "q3-ga5-not-accepting-right-answer",
        "display_username": "Carlton D'Silva",
        "primary_group_name": "ds-students",
        "flair_name": "ds-students",
        "flair_url": null,
        "flair_bg_color": "",
        "flair_color": "",
        "flair_group_id": 294,
        "badges_granted": [],
        "version": 1,
        "can_edit": false,
        "can_delete": false,
        "can_recover": false,
        "can_see_hidden_post": false,
        "can_wiki": false,
        "read": false,
        "user_title": "Regular",
        "title_is_group": false,
        "reply_to_user": {
          "id": 16094,
          "username": "carlton",
          "name": "Carlton D'Silva",
          "avatar_template": "/user_avatar/discourse.onlinedegree.iitm.ac.in/carlton/{size}/56317_2.png"
        },
        "bookmarked": false,
        "actions_summary": [
          {
            "id": 2,
            "count": 1,
            "can_act": true
          },
          {
            "id": 6,
            "can_act": true
          },
          {
            "id": 3,
            "can_act": true
          },
          {
            "id": 4,
            "can_act": true
          },
          {
            "id": 8,
            "can_act": true
          },
          {
            "id": 10,
            "can_act": true
          },
          {
            "id": 7,
            "can_act": true
          }
        ],
        "moderator": false,
        "admin": false,
        "staff": false,
        "group_moderator": true,
        "user_id": 16094,
        "hidden": false,
        "trust_level": 3,
        "deleted_at": null,
        "user_deleted": false,
        "edit_reason": null,
        "can_view_edit_history": true,
        "wiki": false,
        "post_url": "/t/q3-ga5-not-accepting-right-answer/168011/9",
        "user_cakedate": "2023-01-25",
        "reactions": [
          {
            "id": "heart",
            "type": "emoji",
            "count": 1
          }
        ],
        "current_user_reaction": null,
        "reaction_users_count": 1,
        "current_user_used_main_reaction": false,
        "can_accept_answer": false,
        "can_unaccept_answer": false,
        "accepted_answer": true,
        "topic_accepted_answer": true
      }
    ],
    "stream": [
      598100,
      598177,
      598240,
      598344,
      598383,
      598948,
      599493
    ]
  },
  "timeline_lookup": [
    [
      1,
      99
    ],
    [
      2,
      98
    ],
    [
      6,
      96
    ],
    [
      7,
      95
    ]
  ],
  "suggested_topics": [
    {
      "id": 173524,
      "title": "GA1 - Development Tools - Discussion Thread [TDS May 2025]",
      "fancy_title": "GA1 - Development Tools - Discussion Thread [TDS May 2025]",
      "slug": "ga1-development-tools-discussion-thread-tds-may-2025",
      "posts_count": 80,
      "reply_count": 51,
      "highest_post_number": 85,
      "image_url": null,
      "created_at": "2025-05-01T11:39:00.734Z",
      "last_posted_at": "2025-05-31T15:34:18.368Z",
      "bumped": true,
      "bumped_at": "2025-05-31T15:34:18.368Z",
      "archetype": "regular",
      "unseen": false,
      "last_read_post_number": 82,
      "unread": 0,
      "new_posts": 3,
      "unread_posts": 3,
      "pinned": false,
      "unpinned": null,
      "visible": true,
      "closed": false,
      "archived": false,
      "notification_level": 2,
      "bookmarked": false,
      "liked": false,
      "tags": [
        "term2-2025",
        "graded-assignment"
      ],
      "tags_descriptions": {},
      "like_count": 25,
      "views": 1155,
      "category_id": 34,
      "featured_link": null,
      "has_accepted_answer": false,
      "posters": [
        {
          "extras": null,
          "description": "Original Poster",
          "user": {
            "id": 9419,
            "username": "s.anand",
            "name": "Anand S",
            "avatar_template": "/user_avatar/discourse.onlinedegree.iitm.ac.in/s.anand/{size}/15264_2.png",
            "primary_group_name": "faculty",
            "flair_name": "faculty",
            "flair_url": "chalkboard-user",
            "flair_bg_color": "f2c26e",
            "flair_color": "000",
            "flair_group_id": 54,
            "trust_level": 4
          }
        },
        {
          "extras": null,
          "description": "Frequent Poster",
          "user": {
            "id": 22472,
            "username": "Advaith52",
            "name": "Advaith Sanil Kumar",
            "avatar_template": "/user_avatar/discourse.onlinedegree.iitm.ac.in/advaith52/{size}/67172_2.png",
            "primary_group_name": "ds-students",
            "flair_name": "ds-students",
            "flair_group_id": 294,
            "trust_level": 1
          }
        },
        {
          "extras": null,
          "description": "Frequent Poster",
          "user": {
            "id": 16094,
            "username": "carlton",
            "name": "Carlton D'Silva",
            "avatar_template": "/user_avatar/discourse.onlinedegree.iitm.ac.in/carlton/{size}/56317_2.png",
            "primary_group_name": "ds-students",
            "flair_name": "ds-students",
            "flair_group_id": 294,
            "trust_level": 3
          }
        },
        {
          "extras": null,
          "description": "Frequent Poster",
          "user": {
            "id": 15658,
            "username": "HritikRoshan_HRM",
            "name": "HRITIK ROSHAN MAURYA",
            "avatar_template": "/user_avatar/discourse.onlinedegree.iitm.ac.in/hritikroshan_hrm/{size}/66975_2.png",
            "primary_group_name": "ds-students",
            "flair_name": "ds-students",
            "flair_group_id": 294,
            "trust_level": 1
          }
        },
        {
          "extras": "latest",
          "description": "Most Recent Poster",
          "user": {
            "id": 12914,
            "username": "iAnimeshS",
            "name": "Animesh",
            "avatar_template": "/user_avatar/discourse.onlinedegree.iitm.ac.in/ianimeshs/{size}/12415_2.png",
            "primary_group_name": "ds-students",
            "flair_name": "ds-students",
            "flair_group_id": 294,
            "trust_level": 1
          }
        }
      ]
    },
    {
      "id": 176789,
      "title": "Vercel deployement error",
      "fancy_title": "Vercel deployement error",
      "slug": "vercel-deployement-error",
      "posts_count": 1,
      "reply_count": 0,
      "highest_post_number": 1,
      "image_url": null,
      "created_at": "2025-05-31T11:55:22.507Z",
      "last_posted_at": "2025-05-31T11:55:22.708Z",
      "bumped": true,
      "bumped_at": "2025-05-31T11:55:22.708Z",
      "archetype": "regular",
      "unseen": true,
      "pinned": false,
      "unpinned": null,
      "visible": true,
      "closed": false,
      "archived": false,
      "bookmarked": null,
      "liked": null,
      "tags": [
        "diploma-level",
        "term2-2025"
      ],
      "tags_descriptions": {},
      "like_count": 0,
      "views": 9,
      "category_id": 34,
      "featured_link": null,
      "has_accepted_answer": false,
      "posters": [
        {
          "extras": "latest single",
          "description": "Original Poster, Most Recent Poster",
          "user": {
            "id": 25506,
            "username": "23f3003724",
            "name": "Vedika Gupta",
            "avatar_template": "/user_avatar/discourse.onlinedegree.iitm.ac.in/23f3003724/{size}/68806_2.png",
            "primary_group_name": "ds-students",
            "flair_name": "ds-students",
            "flair_group_id": 294,
            "trust_level": 1
          }
        }
      ]
    }
  ],
  "tags": [
    "term1-2025",
    "graded-assignment",
    "week-5"
  ],
  "tags_descriptions": {},
  "id": 168011,
  "title": "Q3, GA5 not accepting right answer",
  "fancy_title": "Q3, GA5 not accepting right answer",
  "posts_count": 7,
  "created_at": "2025-02-21T18:32:17.618Z",
  "views": 68,
  "reply_count": 2,
  "like_count": 1,
  "last_posted_at": "2025-02-25T11:13:32.454Z",
  "visible": true,
  "closed": false,
  "archived": false,
  "has_summary": false,
  "archetype": "regular",
  "slug": "q3-ga5-not-accepting-right-answer",
  "category_id": 34,
  "word_count": 1920,
  "deleted_at": null,
  "user_id": 11716,
  "featured_link": null,
  "pinned_globally": false,
  "pinned_at": null,
  "pinned_until": null,
  "image_url": "https://europe1.discourse-cdn.com/flex013/uploads/iitm/optimized/3X/1/5/158680f0acc5ef430efd87e8a1cc59a78e6d5e07_2_1024x523.png",
  "slow_mode_seconds": 0,
  "draft": null,
  "draft_key": "topic_168011",
  "draft_sequence": 0,
  "unpinned": null,
  "pinned": false,
  "current_post_number": 1,
  "highest_post_number": 9,
  "deleted_by": null,
  "actions_summary": [
    {
      "id": 4,
      "count": 0,
      "hidden": false,
      "can_act": true
    },
    {
      "id": 8,
      "count": 0,
      "hidden": false,
      "can_act": true
    },
    {
      "id": 10,
      "count": 0,
      "hidden": false,
      "can_act": true
    },
    {
      "id": 7,
      "count": 0,
      "hidden": false,
      "can_act": true
    }
  ],
  "chunk_size": 20,
  "bookmarked": false,
  "topic_timer": null,
  "message_bus_last_id": 0,
  "participant_count": 5,
  "show_read_indicator": false,
  "thumbnails": [
    {
      "max_width": null,
      "max_height": null,
      "width": 1337,
      "height": 683,
      "url": "https://europe1.discourse-cdn.com/flex013/uploads/iitm/original/3X/1/5/158680f0acc5ef430efd87e8a1cc59a78e6d5e07.png"
    },
    {
      "max_width": 1024,
      "max_height": 1024,
      "width": 1024,
      "height": 523,
      "url": "https://europe1.discourse-cdn.com/flex013/uploads/iitm/optimized/3X/1/5/158680f0acc5ef430efd87e8a1cc59a78e6d5e07_2_1024x523.png"
    }
  ],
  "slow_mode_enabled_until": null,
  "tags_disable_ads": false,
  "related_topics": [
    {
      "id": 151850,
      "title": "Graded Assignment Issue",
      "fancy_title": "Graded Assignment Issue",
      "slug": "graded-assignment-issue",
      "posts_count": 14,
      "reply_count": 10,
      "highest_post_number": 14,
      "image_url": null,
      "created_at": "2024-10-10T11:50:57.428Z",
      "last_posted_at": "2024-10-11T09:16:14.190Z",
      "bumped": true,
      "bumped_at": "2024-10-11T09:16:14.190Z",
      "archetype": "regular",
      "unseen": false,
      "pinned": false,
      "unpinned": null,
      "visible": true,
      "closed": false,
      "archived": false,
      "bookmarked": null,
      "liked": null,
      "tags": [
        "operational"
      ],
      "tags_descriptions": {},
      "like_count": 1,
      "views": 113,
      "category_id": 34,
      "featured_link": null,
      "has_accepted_answer": false,
      "posters": [
        {
          "extras": null,
          "description": "Original Poster",
          "user": {
            "id": 17597,
            "username": "22f3000757",
            "name": "Anshu Raj",
            "avatar_template": "/user_avatar/discourse.onlinedegree.iitm.ac.in/22f3000757/{size}/67246_2.png",
            "primary_group_name": "ds-students",
            "flair_name": "ds-students",
            "flair_group_id": 294,
            "trust_level": 1
          }
        },
        {
          "extras": null,
          "description": "Frequent Poster",
          "user": {
            "id": 17066,
            "username": "23f1000966",
            "name": "Aryan Thakur",
            "avatar_template": "/user_avatar/discourse.onlinedegree.iitm.ac.in/23f1000966/{size}/67154_2.png",
            "primary_group_name": "ds-students",
            "flair_name": "ds-students",
            "flair_group_id": 294,
            "trust_level": 1
          }
        },
        {
          "extras": null,
          "description": "Frequent Poster",
          "user": {
            "id": 23427,
            "username": "23f2003080",
            "name": "Vinay Kasaudhan ",
            "avatar_template": "/user_avatar/discourse.onlinedegree.iitm.ac.in/23f2003080/{size}/87862_2.png",
            "primary_group_name": "ds-students",
            "flair_name": "ds-students",
            "flair_group_id": 294,
            "trust_level": 1
          }
        },
        {
          "extras": null,
          "description": "Frequent Poster",
          "user": {
            "id": 24024,
            "username": "23ds3000248",
            "name": "Bhavin",
            "avatar_template": "/user_avatar/discourse.onlinedegree.iitm.ac.in/23ds3000248/{size}/68154_2.png",
            "primary_group_name": "ds-students",
            "flair_name": "ds-students",
            "flair_group_id": 294,
            "trust_level": 1
          }
        },
        {
          "extras": "latest",
          "description": "Most Recent Poster",
          "user": {
            "id": 16094,
            "username": "carlton",
            "name": "Carlton D'Silva",
            "avatar_template": "/user_avatar/discourse.onlinedegree.iitm.ac.in/carlton/{size}/56317_2.png",
            "primary_group_name": "ds-students",
            "flair_name": "ds-students",
            "flair_group_id": 294,
            "trust_level": 3
          }
        }
      ]
    },
    {
      "id": 72307,
      "title": "TDS Week 7 &8 GA extension of submission date",
      "fancy_title": "TDS Week 7 &amp;8 GA extension of submission date",
      "slug": "tds-week-7-8-ga-extension-of-submission-date",
      "posts_count": 5,
      "reply_count": 1,
      "highest_post_number": 5,
      "image_url": null,
      "created_at": "2022-11-30T19:00:30.848Z",
      "last_posted_at": "2022-12-04T01:15:28.518Z",
      "bumped": true,
      "bumped_at": "2022-12-04T01:15:28.518Z",
      "archetype": "regular",
      "unseen": false,
      "pinned": false,
      "unpinned": null,
      "visible": true,
      "closed": false,
      "archived": false,
      "bookmarked": null,
      "liked": null,
      "tags": [
        "tds",
        "week-7",
        "tools",
        "graded-question",
        "week-8"
      ],
      "tags_descriptions": {},
      "like_count": 4,
      "views": 122,
      "category_id": 34,
      "featured_link": null,
      "has_accepted_answer": false,
      "posters": [
        {
          "extras": null,
          "description": "Original Poster",
          "user": {
            "id": 9162,
            "username": "22ds1000152",
            "name": "GP",
            "avatar_template": "/user_avatar/discourse.onlinedegree.iitm.ac.in/22ds1000152/{size}/36841_2.png",
            "primary_group_name": "ds-students",
            "flair_name": "ds-students",
            "flair_group_id": 294,
            "trust_level": 1
          }
        },
        {
          "extras": null,
          "description": "Frequent Poster",
          "user": {
            "id": 2423,
            "username": "gkthenayil",
            "name": "GOPESH KRISHNA T",
            "avatar_template": "/user_avatar/discourse.onlinedegree.iitm.ac.in/gkthenayil/{size}/20147_2.png",
            "primary_group_name": "ds-students",
            "flair_name": "ds-students",
            "flair_group_id": 294,
            "trust_level": 1
          }
        },
        {
          "extras": null,
          "description": "Frequent Poster",
          "user": {
            "id": 11132,
            "username": "prabhu2022",
            "name": "Prabhu R",
            "avatar_template": "/user_avatar/discourse.onlinedegree.iitm.ac.in/prabhu2022/{size}/13325_2.png",
            "primary_group_name": "ds-students",
            "flair_name": "ds-students",
            "flair_group_id": 294,
            "trust_level": 1
          }
        },
        {
          "extras": null,
          "description": "Frequent Poster",
          "user": {
            "id": 13394,
            "username": "Sherwin",
            "name": "Sherwin Cherian Abraham",
            "avatar_template": "/user_avatar/discourse.onlinedegree.iitm.ac.in/sherwin/{size}/13547_2.png",
            "primary_group_name": "ds-students",
            "flair_name": "ds-students",
            "flair_group_id": 294,
            "trust_level": 1
          }
        },
        {
          "extras": "latest",
          "description": "Most Recent Poster",
          "user": {
            "id": 3987,
            "username": "21f1002952",
            "name": "Renjith K S",
            "avatar_template": "/user_avatar/discourse.onlinedegree.iitm.ac.in/21f1002952/{size}/76_2.png",
            "primary_group_name": "ds-students",
            "flair_name": "ds-students",
            "flair_group_id": 294,
            "trust_level": 1
          }
        }
      ]
    },
    {
      "id": 126407,
      "title": "Graded Assignment - 8 Error in Submission",
      "fancy_title": "Graded Assignment - 8 Error in Submission",
      "slug": "graded-assignment-8-error-in-submission",
      "posts_count": 12,
      "reply_count": 4,
      "highest_post_number": 13,
      "image_url": "https://europe1.discourse-cdn.com/flex013/uploads/iitm/optimized/3X/f/b/fbc9bbda855456aaae8bb4e0003c36317399a679_2_1024x354.png",
      "created_at": "2024-04-09T09:12:35.689Z",
      "last_posted_at": "2024-04-11T08:42:06.382Z",
      "bumped": true,
      "bumped_at": "2024-04-11T08:42:06.382Z",
      "archetype": "regular",
      "unseen": false,
      "pinned": false,
      "unpinned": null,
      "visible": true,
      "closed": false,
      "archived": false,
      "bookmarked": null,
      "liked": null,
      "tags": [
        "clarification",
        "operational",
        "diploma-level"
      ],
      "tags_descriptions": {},
      "like_count": 21,
      "views": 224,
      "category_id": 34,
      "featured_link": null,
      "has_accepted_answer": true,
      "posters": [
        {
          "extras": null,
          "description": "Original Poster",
          "user": {
            "id": 13371,
            "username": "Learner_HS",
            "name": "PURNENDU SHUKLA",
            "avatar_template": "/user_avatar/discourse.onlinedegree.iitm.ac.in/learner_hs/{size}/13282_2.png",
            "primary_group_name": "ds-students",
            "flair_name": "ds-students",
            "flair_group_id": 294,
            "trust_level": 1
          }
        },
        {
          "extras": null,
          "description": "Frequent Poster, Accepted Answer",
          "user": {
            "id": 3009,
            "username": "Amit1",
            "name": "Amit Kumar Gupta",
            "avatar_template": "/user_avatar/discourse.onlinedegree.iitm.ac.in/amit1/{size}/30210_2.png",
            "primary_group_name": "ds-students",
            "flair_name": "ds-students",
            "flair_group_id": 294,
            "trust_level": 1
          }
        },
        {
          "extras": null,
          "description": "Frequent Poster",
          "user": {
            "id": 3292,
            "username": "Prashanth",
            "name": "Prashanth G",
            "avatar_template": "/user_avatar/discourse.onlinedegree.iitm.ac.in/prashanth/{size}/581_2.png",
            "primary_group_name": "ds-students",
            "flair_name": "ds-students",
            "flair_group_id": 294,
            "trust_level": 1
          }
        },
        {
          "extras": null,
          "description": "Frequent Poster",
          "user": {
            "id": 12145,
            "username": "22f1001447",
            "name": "Khushi Singh",
            "avatar_template": "/user_avatar/discourse.onlinedegree.iitm.ac.in/22f1001447/{size}/38864_2.png",
            "primary_group_name": "ds-students",
            "flair_name": "ds-students",
            "flair_group_id": 294,
            "trust_level": 1
          }
        },
        {
          "extras": "latest",
          "description": "Most Recent Poster",
          "user": {
            "id": 13011,
            "username": "Aditya_Patel",
            "name": "Aditya Singh Patel",
            "avatar_template": "/user_avatar/discourse.onlinedegree.iitm.ac.in/aditya_patel/{size}/14261_2.png",
            "primary_group_name": "ds-students",
            "flair_name": "ds-students",
            "flair_group_id": 294,
            "trust_level": 1
          }
        }
      ]
    },
    {
      "id": 111816,
      "title": "Week 6 a TDS assignment",
      "fancy_title": "Week 6 a TDS assignment",
      "slug": "week-6-a-tds-assignment",
      "posts_count": 3,
      "reply_count": 1,
      "highest_post_number": 3,
      "image_url": "https://europe1.discourse-cdn.com/flex013/uploads/iitm/original/3X/d/e/dedb688ab94839bead7ad828c83f154884e98b1a.png",
      "created_at": "2023-12-12T05:28:34.314Z",
      "last_posted_at": "2023-12-15T14:46:57.816Z",
      "bumped": true,
      "bumped_at": "2023-12-15T14:46:57.816Z",
      "archetype": "regular",
      "unseen": false,
      "pinned": false,
      "unpinned": null,
      "visible": true,
      "closed": false,
      "archived": false,
      "bookmarked": null,
      "liked": null,
      "tags": [
        "clarification"
      ],
      "tags_descriptions": {},
      "like_count": 1,
      "views": 81,
      "category_id": 34,
      "featured_link": null,
      "has_accepted_answer": false,
      "posters": [
        {
          "extras": "latest",
          "description": "Original Poster, Most Recent Poster",
          "user": {
            "id": 12434,
            "username": "22ds2000105",
            "name": "Alagammai Deepa",
            "avatar_template": "/user_avatar/discourse.onlinedegree.iitm.ac.in/22ds2000105/{size}/12613_2.png",
            "primary_group_name": "ds-students",
            "flair_name": "ds-students",
            "flair_group_id": 294,
            "trust_level": 1
          }
        },
        {
          "extras": null,
          "description": "Frequent Poster",
          "user": {
            "id": 6616,
            "username": "aaruni-kale",
            "name": "Aaruni Kale",
            "avatar_template": "/user_avatar/discourse.onlinedegree.iitm.ac.in/aaruni-kale/{size}/53900_2.png",
            "primary_group_name": "ds-students",
            "flair_name": "ds-students",
            "flair_group_id": 294,
            "trust_level": 2
          }
        }
      ]
    },
    {
      "id": 82755,
      "title": "Incorrect Assignment Score",
      "fancy_title": "Incorrect Assignment Score",
      "slug": "incorrect-assignment-score",
      "posts_count": 20,
      "reply_count": 15,
      "highest_post_number": 20,
      "image_url": null,
      "created_at": "2023-03-30T04:21:07.053Z",
      "last_posted_at": "2023-04-25T13:52:04.352Z",
      "bumped": true,
      "bumped_at": "2023-04-25T13:52:04.352Z",
      "archetype": "regular",
      "unseen": false,
      "pinned": false,
      "unpinned": null,
      "visible": true,
      "closed": false,
      "archived": false,
      "bookmarked": null,
      "liked": null,
      "tags": [
        "clarification",
        "operational"
      ],
      "tags_descriptions": {},
      "like_count": 4,
      "views": 203,
      "category_id": 34,
      "featured_link": null,
      "has_accepted_answer": false,
      "posters": [
        {
          "extras": "latest",
          "description": "Original Poster, Most Recent Poster",
          "user": {
            "id": 1673,
            "username": "satadru_iitm",
            "name": "Satadru Bhattacharya",
            "avatar_template": "/user_avatar/discourse.onlinedegree.iitm.ac.in/satadru_iitm/{size}/13454_2.png",
            "primary_group_name": "ds-students",
            "flair_name": "ds-students",
            "flair_group_id": 294,
            "trust_level": 1
          }
        },
        {
          "extras": null,
          "description": "Frequent Poster",
          "user": {
            "id": 1998,
            "username": "Preetam",
            "name": "Preetam Mukherjee",
            "avatar_template": "/user_avatar/discourse.onlinedegree.iitm.ac.in/preetam/{size}/57403_2.png",
            "primary_group_name": "ds-students",
            "flair_name": "ds-students",
            "flair_group_id": 294,
            "trust_level": 1
          }
        },
        {
          "extras": null,
          "description": "Frequent Poster",
          "user": {
            "id": 6142,
            "username": "Dixon",
            "name": "Dixon",
            "avatar_template": "/user_avatar/discourse.onlinedegree.iitm.ac.in/dixon/{size}/1027_2.png",
            "trust_level": 1
          }
        },
        {
          "extras": null,
          "description": "Frequent Poster",
          "user": {
            "id": 1041,
            "username": "Navvpatil_13",
            "name": "Navin patil",
            "avatar_template": "/user_avatar/discourse.onlinedegree.iitm.ac.in/navvpatil_13/{size}/13011_2.png",
            "primary_group_name": "ds-students",
            "flair_name": "ds-students",
            "flair_group_id": 294,
            "trust_level": 1
          }
        }
      ]
    }
  ],
  "summarizable": false,
  "valid_reactions": [
    "heart",
    "+1",
    "laughing",
    "open_mouth",
    "clap",
    "confetti_ball",
    "rocket",
    "-1"
  ],
  "accepted_answer": {
    "post_number": 9,
    "username": "carlton",
    "name": null,
    "excerpt": "We have determined that some students were affected by GA5 Q3. Whoever we have identified as having received the incorrect assessment will receive 1 mark for that particular question. These are the students that we have identified as been assessed incorrectly: \n\n\n\n\nSN\nEmail\n\n\n\n\n1\n21f1000131@ds.study&hellip;",
    "accepter_name": null,
    "accepter_username": "carlton"
  },
  "can_vote": false,
  "vote_count": 0,
  "user_voted": false,
  "discourse_zendesk_plugin_zendesk_id": null,
  "discourse_zendesk_plugin_zendesk_url": "https://your-url.zendesk.com/agent/tickets/",
  "details": {
    "can_edit": false,
    "notification_level": 1,
    "can_create_post": true,
    "can_reply_as_new_topic": true,
    "can_flag_topic": true,
    "participants": [
      {
        "id": 16094,
        "username": "carlton",
        "name": "Carlton D'Silva",
        "avatar_template": "/user_avatar/discourse.onlinedegree.iitm.ac.in/carlton/{size}/56317_2.png",
        "post_count": 2,
        "primary_group_name": "ds-students",
        "flair_name": "ds-students",
        "flair_url": null,
        "flair_color": "",
        "flair_bg_color": "",
        "flair_group_id": 294,
        "trust_level": 3
      },
      {
        "id": 11716,
        "username": "muskan2431",
        "name": "Muskan Aggarwal",
        "avatar_template": "/user_avatar/discourse.onlinedegree.iitm.ac.in/muskan2431/{size}/24004_2.png",
        "post_count": 2,
        "primary_group_name": "ds-students",
        "flair_name": "ds-students",
        "flair_url": null,
        "flair_color": "",
        "flair_bg_color": "",
        "flair_group_id": 294,
        "trust_level": 1
      },
      {
        "id": 3146,
        "username": "Aryxn",
        "name": "Aryan Singh",
        "avatar_template": "https://avatars.discourse-cdn.com/v4/letter/a/9d8465/{size}.png",
        "post_count": 1,
        "primary_group_name": "ds-students",
        "flair_name": "ds-students",
        "flair_url": null,
        "flair_color": "",
        "flair_bg_color": "",
        "flair_group_id": 294,
        "trust_level": 1
      },
      {
        "id": 16541,
        "username": "amitchaurasia",
        "name": "Amit",
        "avatar_template": "/user_avatar/discourse.onlinedegree.iitm.ac.in/amitchaurasia/{size}/66858_2.png",
        "post_count": 1,
        "primary_group_name": "ds-students",
        "flair_name": "ds-students",
        "flair_url": null,
        "flair_color": "",
        "flair_bg_color": "",
        "flair_group_id": 294,
        "trust_level": 1
      },
      {
        "id": 17736,
        "username": "23f2000573",
        "name": "B R GIRI SUBRAHMANYA",
        "avatar_template": "/user_avatar/discourse.onlinedegree.iitm.ac.in/23f2000573/{size}/68306_2.png",
        "post_count": 1,
        "primary_group_name": "ds-students",
        "flair_name": "ds-students",
        "flair_url": null,
        "flair_color": "",
        "flair_bg_color": "",
        "flair_group_id": 294,
        "trust_level": 1
      }
    ],
    "created_by": {
      "id": 11716,
      "username": "muskan2431",
      "name": "Muskan Aggarwal",
      "avatar_template": "/user_avatar/discourse.onlinedegree.iitm.ac.in/muskan2431/{size}/24004_2.png"
    },
    "last_poster": {
      "id": 16094,
      "username": "carlton",
      "name": "Carlton D'Silva",
      "avatar_template": "/user_avatar/discourse.onlinedegree.iitm.ac.in/carlton/{size}/56317_2.png"
    }
  },
  "pending_posts": [],
  "bookmarks": []
}