{
  "post_stream": {
    "posts": [
      {
        "id": 587806,
        "name": "Carlton D'Silva",
        "username": "carlton",
        "avatar_template": "/user_avatar/discourse.onlinedegree.iitm.ac.in/carlton/{size}/56317_2.png",
        "created_at": "2025-01-30T09:31:29.813Z",
        "cooked": "<p>Hi All,</p>\n<p>The agenda items for the live session 30/01/2025 are:</p>\n<ol>\n<li>What is Rest API?</li>\n<li>The FAST API library</li>\n<li>Basic Intro to CORS</li>\n<li>Creating JSON schema</li>\n<li>Function calling</li>\n</ol>\n<p>GMeet: <img src=\"https://ssl.gstatic.com/calendar/images/conferenceproviders/logo_meet_2020q4_192px.svg\" alt=\"\" role=\"presentation\" width=\"192\" height=\"192\"></p>\n<p>Join with Google Meet</p>\n<p><a href=\"http://meet.google.com/brz-ksac-evo\" class=\"onebox\" target=\"_blank\" rel=\"noopener nofollow ugc\">meet.google.com/brz-ksac-evo</a></p>\n<p>Kind regards,<br>\nTDS Team</p>",
        "post_number": 1,
        "post_type": 1,
        "posts_count": 1,
        "updated_at": "2025-01-30T10:41:02.315Z",
        "reply_count": 0,
        "reply_to_post_number": null,
        "quote_count": 0,
        "incoming_link_count": 0,
        "reads": 17,
        "readers_count": 16,
        "score": 2.8,
        "yours": false,
        "topic_id": 165830,
        "topic_slug": "live-session-agenda-30-01-2025",
        "display_username": "Carlton D'Silva",
        "primary_group_name": "ds-students",
        "flair_name": "ds-students",
        "flair_url": null,
        "flair_bg_color": "",
        "flair_color": "",
        "flair_group_id": 294,
        "badges_granted": [],
        "version": 2,
        "can_edit": false,
        "can_delete": false,
        "can_recover": false,
        "can_see_hidden_post": false,
        "can_wiki": false,
        "link_counts": [
          {
            "url": "http://meet.google.com/brz-ksac-evo",
            "internal": false,
            "reflection": false,
            "clicks": 1
          }
        ],
        "read": false,
        "user_title": "Regular",
        "title_is_group": false,
        "bookmarked": false,
        "actions_summary": [
          {
            "id": 2,
            "can_act": true
          },
          {
            "id": 6,
            "can_act": true
          },
          {
            "id": 3,
            "can_act": true
          },
          {
            "id": 4,
            "can_act": true
          },
          {
            "id": 8,
            "can_act": true
          },
          {
            "id": 10,
            "can_act": true
          },
          {
            "id": 7,
            "can_act": true
          }
        ],
        "moderator": false,
        "admin": false,
        "staff": false,
        "group_moderator": true,
        "user_id": 16094,
        "hidden": false,
        "trust_level": 3,
        "deleted_at": null,
        "user_deleted": false,
        "edit_reason": null,
        "can_view_edit_history": true,
        "wiki": false,
        "post_url": "/t/live-session-agenda-30-01-2025/165830/1",
        "user_cakedate": "2023-01-25",
        "reactions": [],
        "current_user_reaction": null,
        "reaction_users_count": 0,
        "current_user_used_main_reaction": false,
        "can_accept_answer": false,
        "can_unaccept_answer": false,
        "accepted_answer": false,
        "topic_accepted_answer": null,
        "can_vote": false
      }
    ],
    "stream": [
      587806
    ]
  },
  "timeline_lookup": [
    [
      1,
      121
    ]
  ],
  "suggested_topics": [
    {
      "id": 173524,
      "title": "GA1 - Development Tools - Discussion Thread [TDS May 2025]",
      "fancy_title": "GA1 - Development Tools - Discussion Thread [TDS May 2025]",
      "slug": "ga1-development-tools-discussion-thread-tds-may-2025",
      "posts_count": 80,
      "reply_count": 51,
      "highest_post_number": 85,
      "image_url": null,
      "created_at": "2025-05-01T11:39:00.734Z",
      "last_posted_at": "2025-05-31T15:34:18.368Z",
      "bumped": true,
      "bumped_at": "2025-05-31T15:34:18.368Z",
      "archetype": "regular",
      "unseen": false,
      "last_read_post_number": 82,
      "unread": 0,
      "new_posts": 3,
      "unread_posts": 3,
      "pinned": false,
      "unpinned": null,
      "visible": true,
      "closed": false,
      "archived": false,
      "notification_level": 2,
      "bookmarked": false,
      "liked": false,
      "tags": [
        "term2-2025",
        "graded-assignment"
      ],
      "tags_descriptions": {},
      "like_count": 25,
      "views": 1155,
      "category_id": 34,
      "featured_link": null,
      "has_accepted_answer": false,
      "posters": [
        {
          "extras": null,
          "description": "Original Poster",
          "user": {
            "id": 9419,
            "username": "s.anand",
            "name": "Anand S",
            "avatar_template": "/user_avatar/discourse.onlinedegree.iitm.ac.in/s.anand/{size}/15264_2.png",
            "primary_group_name": "faculty",
            "flair_name": "faculty",
            "flair_url": "chalkboard-user",
            "flair_bg_color": "f2c26e",
            "flair_color": "000",
            "flair_group_id": 54,
            "trust_level": 4
          }
        },
        {
          "extras": null,
          "description": "Frequent Poster",
          "user": {
            "id": 22472,
            "username": "Advaith52",
            "name": "Advaith Sanil Kumar",
            "avatar_template": "/user_avatar/discourse.onlinedegree.iitm.ac.in/advaith52/{size}/67172_2.png",
            "primary_group_name": "ds-students",
            "flair_name": "ds-students",
            "flair_group_id": 294,
            "trust_level": 1
          }
        },
        {
          "extras": null,
          "description": "Frequent Poster",
          "user": {
            "id": 16094,
            "username": "carlton",
            "name": "Carlton D'Silva",
            "avatar_template": "/user_avatar/discourse.onlinedegree.iitm.ac.in/carlton/{size}/56317_2.png",
            "primary_group_name": "ds-students",
            "flair_name": "ds-students",
            "flair_group_id": 294,
            "trust_level": 3
          }
        },
        {
          "extras": null,
          "description": "Frequent Poster",
          "user": {
            "id": 15658,
            "username": "HritikRoshan_HRM",
            "name": "HRITIK ROSHAN MAURYA",
            "avatar_template": "/user_avatar/discourse.onlinedegree.iitm.ac.in/hritikroshan_hrm/{size}/66975_2.png",
            "primary_group_name": "ds-students",
            "flair_name": "ds-students",
            "flair_group_id": 294,
            "trust_level": 1
          }
        },
        {
          "extras": "latest",
          "description": "Most Recent Poster",
          "user": {
            "id": 12914,
            "username": "iAnimeshS",
            "name": "Animesh",
            "avatar_template": "/user_avatar/discourse.onlinedegree.iitm.ac.in/ianimeshs/{size}/12415_2.png",
            "primary_group_name": "ds-students",
            "flair_name": "ds-students",
            "flair_group_id": 294,
            "trust_level": 1
          }
        }
      ]
    },
    {
      "id": 176789,
      "title": "Vercel deployement error",
      "fancy_title": "Vercel deployement error",
      "slug": "vercel-deployement-error",
      "posts_count": 1,
      "reply_count": 0,
      "highest_post_number": 1,
      "image_url": null,
      "created_at": "2025-05-31T11:55:22.507Z",
      "last_posted_at": "2025-05-31T11:55:22.708Z",
      "bumped": true,
      "bumped_at": "2025-05-31T11:55:22.708Z",
      "archetype": "regular",
      "unseen": true,
      "pinned": false,
      "unpinned": null,
      "visible": true,
      "closed": false,
      "archived": false,
      "bookmarked": null,
      "liked": null,
      "tags": [
        "diploma-level",
        "term2-2025"
      ],
      "tags_descriptions": {},
      "like_count": 0,
      "views": 9,
      "category_id": 34,
      "featured_link": null,
      "has_accepted_answer": false,
      "posters": [
        {
          "extras": "latest single",
          "description": "Original Poster, Most Recent Poster",
          "user": {
            "id": 25506,
            "username": "23f3003724",
            "name": "Vedika Gupta",
            "avatar_template": "/user_avatar/discourse.onlinedegree.iitm.ac.in/23f3003724/{size}/68806_2.png",
            "primary_group_name": "ds-students",
            "flair_name": "ds-students",
            "flair_group_id": 294,
            "trust_level": 1
          }
        }
      ]
    }
  ],
  "tags": [
    "term1-2025",
    "tds",
    "live-session"
  ],
  "tags_descriptions": {},
  "id": 165830,
  "title": "Live Session Agenda - 30/01/2025",
  "fancy_title": "Live Session Agenda - 30/01/2025",
  "posts_count": 1,
  "created_at": "2025-01-30T09:31:29.488Z",
  "views": 25,
  "reply_count": 0,
  "like_count": 0,
  "last_posted_at": "2025-01-30T09:31:29.813Z",
  "visible": true,
  "closed": false,
  "archived": false,
  "has_summary": false,
  "archetype": "regular",
  "slug": "live-session-agenda-30-01-2025",
  "category_id": 34,
  "word_count": 59,
  "deleted_at": null,
  "user_id": 16094,
  "featured_link": null,
  "pinned_globally": false,
  "pinned_at": null,
  "pinned_until": null,
  "image_url": null,
  "slow_mode_seconds": 0,
  "draft": null,
  "draft_key": "topic_165830",
  "draft_sequence": 0,
  "unpinned": null,
  "pinned": false,
  "current_post_number": 1,
  "highest_post_number": 1,
  "deleted_by": null,
  "actions_summary": [
    {
      "id": 4,
      "count": 0,
      "hidden": false,
      "can_act": true
    },
    {
      "id": 8,
      "count": 0,
      "hidden": false,
      "can_act": true
    },
    {
      "id": 10,
      "count": 0,
      "hidden": false,
      "can_act": true
    },
    {
      "id": 7,
      "count": 0,
      "hidden": false,
      "can_act": true
    }
  ],
  "chunk_size": 20,
  "bookmarked": false,
  "topic_timer": null,
  "message_bus_last_id": 0,
  "participant_count": 1,
  "show_read_indicator": false,
  "thumbnails": null,
  "slow_mode_enabled_until": null,
  "tags_disable_ads": false,
  "related_topics": [
    {
      "id": 62208,
      "title": "Live sessions for TDS Sep 2022 Term?",
      "fancy_title": "Live sessions for TDS Sep 2022 Term?",
      "slug": "live-sessions-for-tds-sep-2022-term",
      "posts_count": 6,
      "reply_count": 4,
      "highest_post_number": 6,
      "image_url": "https://europe1.discourse-cdn.com/flex013/uploads/iitm/optimized/3X/9/8/98d50b6aafd70932060208e2046c8701193902aa_2_1024x631.png",
      "created_at": "2022-09-03T13:09:17.709Z",
      "last_posted_at": "2022-09-10T06:48:18.741Z",
      "bumped": true,
      "bumped_at": "2022-09-10T06:48:18.741Z",
      "archetype": "regular",
      "unseen": false,
      "pinned": false,
      "unpinned": null,
      "visible": true,
      "closed": false,
      "archived": false,
      "bookmarked": null,
      "liked": null,
      "tags": [
        "operational"
      ],
      "tags_descriptions": {},
      "like_count": 1,
      "views": 127,
      "category_id": 34,
      "featured_link": null,
      "has_accepted_answer": false,
      "posters": [
        {
          "extras": "latest",
          "description": "Original Poster, Most Recent Poster",
          "user": {
            "id": 11222,
            "username": "Bhupesh",
            "name": "Bhupesh Gupta",
            "avatar_template": "/user_avatar/discourse.onlinedegree.iitm.ac.in/bhupesh/{size}/16011_2.png",
            "primary_group_name": "ds-students",
            "flair_name": "ds-students",
            "flair_group_id": 294,
            "trust_level": 1
          }
        },
        {
          "extras": null,
          "description": "Frequent Poster",
          "user": {
            "id": 6871,
            "username": "21f2000560",
            "name": "Debashree Nandi",
            "avatar_template": "/user_avatar/discourse.onlinedegree.iitm.ac.in/21f2000560/{size}/1199_2.png",
            "primary_group_name": "ds-students",
            "flair_name": "ds-students",
            "flair_group_id": 294,
            "trust_level": 1
          }
        },
        {
          "extras": null,
          "description": "Frequent Poster",
          "user": {
            "id": 6142,
            "username": "Dixon",
            "name": "Dixon",
            "avatar_template": "/user_avatar/discourse.onlinedegree.iitm.ac.in/dixon/{size}/1027_2.png",
            "trust_level": 1
          }
        }
      ]
    },
    {
      "id": 164869,
      "title": "Agenda for Today's Live Session [Flask Tutorial]",
      "fancy_title": "Agenda for Today&rsquo;s Live Session [Flask Tutorial]",
      "slug": "agenda-for-todays-live-session-flask-tutorial",
      "posts_count": 4,
      "reply_count": 1,
      "highest_post_number": 4,
      "image_url": null,
      "created_at": "2025-01-23T08:19:14.359Z",
      "last_posted_at": "2025-01-24T08:43:13.776Z",
      "bumped": true,
      "bumped_at": "2025-01-24T08:43:13.776Z",
      "archetype": "regular",
      "unseen": false,
      "pinned": false,
      "unpinned": null,
      "visible": true,
      "closed": false,
      "archived": false,
      "bookmarked": null,
      "liked": null,
      "tags": [
        "diploma-level",
        "announcement",
        "live-session",
        "agenda"
      ],
      "tags_descriptions": {},
      "like_count": 3,
      "views": 53,
      "category_id": 34,
      "featured_link": null,
      "has_accepted_answer": true,
      "posters": [
        {
          "extras": "latest",
          "description": "Original Poster, Most Recent Poster, Accepted Answer",
          "user": {
            "id": 13078,
            "username": "Saransh_Saini",
            "name": "Saransh Saini",
            "avatar_template": "/user_avatar/discourse.onlinedegree.iitm.ac.in/saransh_saini/{size}/123495_2.png",
            "primary_group_name": "ds-students",
            "flair_name": "ds-students",
            "flair_group_id": 294,
            "trust_level": 1
          }
        },
        {
          "extras": null,
          "description": "Frequent Poster",
          "user": {
            "id": 25677,
            "username": "23f3003453",
            "name": "Avinash Prasad ",
            "avatar_template": "/user_avatar/discourse.onlinedegree.iitm.ac.in/23f3003453/{size}/111174_2.png",
            "primary_group_name": "ds-students",
            "flair_name": "ds-students",
            "flair_group_id": 294,
            "trust_level": 0
          }
        },
        {
          "extras": null,
          "description": "Frequent Poster",
          "user": {
            "id": 24086,
            "username": "23f2004097",
            "name": "DEEPANSHU",
            "avatar_template": "/user_avatar/discourse.onlinedegree.iitm.ac.in/23f2004097/{size}/68126_2.png",
            "primary_group_name": "ds-students",
            "flair_name": "ds-students",
            "flair_group_id": 294,
            "trust_level": 1
          }
        }
      ]
    },
    {
      "id": 130561,
      "title": "Live session May 2024",
      "fancy_title": "Live session May 2024",
      "slug": "live-session-may-2024",
      "posts_count": 5,
      "reply_count": 1,
      "highest_post_number": 5,
      "image_url": null,
      "created_at": "2024-06-03T17:13:40.375Z",
      "last_posted_at": "2024-06-06T06:27:51.175Z",
      "bumped": true,
      "bumped_at": "2024-06-06T06:27:51.175Z",
      "archetype": "regular",
      "unseen": false,
      "pinned": false,
      "unpinned": null,
      "visible": true,
      "closed": false,
      "archived": false,
      "bookmarked": null,
      "liked": null,
      "tags": [
        "operational"
      ],
      "tags_descriptions": {},
      "like_count": 2,
      "views": 86,
      "category_id": 34,
      "featured_link": null,
      "has_accepted_answer": true,
      "posters": [
        {
          "extras": null,
          "description": "Original Poster",
          "user": {
            "id": 16233,
            "username": "Access_Naren",
            "name": "DNarendran",
            "avatar_template": "/user_avatar/discourse.onlinedegree.iitm.ac.in/access_naren/{size}/56336_2.png",
            "primary_group_name": "ds-students",
            "flair_name": "ds-students",
            "flair_group_id": 294,
            "trust_level": 1
          }
        },
        {
          "extras": "latest",
          "description": "Most Recent Poster, Accepted Answer",
          "user": {
            "id": 16094,
            "username": "carlton",
            "name": "Carlton D'Silva",
            "avatar_template": "/user_avatar/discourse.onlinedegree.iitm.ac.in/carlton/{size}/56317_2.png",
            "primary_group_name": "ds-students",
            "flair_name": "ds-students",
            "flair_group_id": 294,
            "trust_level": 3
          }
        },
        {
          "extras": null,
          "description": "Frequent Poster",
          "user": {
            "id": 14169,
            "username": "akasharma",
            "name": "Akash Sharma ",
            "avatar_template": "/user_avatar/discourse.onlinedegree.iitm.ac.in/akasharma/{size}/116511_2.png",
            "primary_group_name": "ds-students",
            "flair_name": "ds-students",
            "flair_group_id": 294,
            "trust_level": 1
          }
        },
        {
          "extras": null,
          "description": "Frequent Poster",
          "user": {
            "id": 17918,
            "username": "23ds2000023",
            "name": "Monica Vaze",
            "avatar_template": "/user_avatar/discourse.onlinedegree.iitm.ac.in/23ds2000023/{size}/66814_2.png",
            "primary_group_name": "ds-students",
            "flair_name": "ds-students",
            "flair_group_id": 294,
            "trust_level": 1
          }
        }
      ]
    },
    {
      "id": 155326,
      "title": "Agenda for Today's TA session",
      "fancy_title": "Agenda for Today&rsquo;s TA session",
      "slug": "agenda-for-todays-ta-session",
      "posts_count": 3,
      "reply_count": 0,
      "highest_post_number": 4,
      "image_url": null,
      "created_at": "2024-11-02T12:06:17.202Z",
      "last_posted_at": "2024-11-04T10:31:39.445Z",
      "bumped": true,
      "bumped_at": "2024-11-04T10:29:05.593Z",
      "archetype": "regular",
      "unseen": false,
      "pinned": false,
      "unpinned": null,
      "visible": true,
      "closed": false,
      "archived": false,
      "bookmarked": null,
      "liked": null,
      "tags": [
        "term3-2024",
        "live-session-ta"
      ],
      "tags_descriptions": {},
      "like_count": 2,
      "views": 39,
      "category_id": 34,
      "featured_link": null,
      "has_accepted_answer": false,
      "posters": [
        {
          "extras": null,
          "description": "Original Poster",
          "user": {
            "id": 15651,
            "username": "Jivraj",
            "name": "Jivraj Singh Shekhawat",
            "avatar_template": "https://avatars.discourse-cdn.com/v4/letter/j/b9bd4f/{size}.png",
            "primary_group_name": "ds-students",
            "flair_name": "ds-students",
            "flair_group_id": 294,
            "trust_level": 2
          }
        },
        {
          "extras": "latest",
          "description": "Most Recent Poster",
          "user": {
            "id": 16094,
            "username": "carlton",
            "name": "Carlton D'Silva",
            "avatar_template": "/user_avatar/discourse.onlinedegree.iitm.ac.in/carlton/{size}/56317_2.png",
            "primary_group_name": "ds-students",
            "flair_name": "ds-students",
            "flair_group_id": 294,
            "trust_level": 3
          }
        }
      ]
    },
    {
      "id": 164460,
      "title": "Agenda for Today's(21/01/2025) session",
      "fancy_title": "Agenda for Today&rsquo;s(21/01/2025) session",
      "slug": "agenda-for-todays-21-01-2025-session",
      "posts_count": 1,
      "reply_count": 0,
      "highest_post_number": 1,
      "image_url": null,
      "created_at": "2025-01-21T06:58:25.360Z",
      "last_posted_at": "2025-01-21T06:58:25.515Z",
      "bumped": true,
      "bumped_at": "2025-01-21T06:58:25.515Z",
      "archetype": "regular",
      "unseen": false,
      "pinned": false,
      "unpinned": null,
      "visible": true,
      "closed": false,
      "archived": false,
      "bookmarked": null,
      "liked": null,
      "tags": [
        "week-1",
        "week-2",
        "agenda"
      ],
      "tags_descriptions": {},
      "like_count": 1,
      "views": 32,
      "category_id": 34,
      "featured_link": null,
      "has_accepted_answer": false,
      "posters": [
        {
          "extras": "latest single",
          "description": "Original Poster, Most Recent Poster",
          "user": {
            "id": 15651,
            "username": "Jivraj",
            "name": "Jivraj Singh Shekhawat",
            "avatar_template": "https://avatars.discourse-cdn.com/v4/letter/j/b9bd4f/{size}.png",
            "primary_group_name": "ds-students",
            "flair_name": "ds-students",
            "flair_group_id": 294,
            "trust_level": 2
          }
        }
      ]
    }
  ],
  "summarizable": false,
  "valid_reactions": [
    "heart",
    "+1",
    "laughing",
    "open_mouth",
    "clap",
    "confetti_ball",
    "rocket",
    "-1"
  ],
  "can_vote": false,
  "vote_count": 0,
  "user_voted": false,
  "discourse_zendesk_plugin_zendesk_id": null,
  "discourse_zendesk_plugin_zendesk_url": "https://your-url.zendesk.com/agent/tickets/",
  "details": {
    "can_edit": false,
    "notification_level": 1,
    "can_create_post": true,
    "can_reply_as_new_topic": true,
    "can_flag_topic": true,
    "participants": [
      {
        "id": 16094,
        "username": "carlton",
        "name": "Carlton D'Silva",
        "avatar_template": "/user_avatar/discourse.onlinedegree.iitm.ac.in/carlton/{size}/56317_2.png",
        "post_count": 1,
        "primary_group_name": "ds-students",
        "flair_name": "ds-students",
        "flair_url": null,
        "flair_color": "",
        "flair_bg_color": "",
        "flair_group_id": 294,
        "trust_level": 3
      }
    ],
    "created_by": {
      "id": 16094,
      "username": "carlton",
      "name": "Carlton D'Silva",
      "avatar_template": "/user_avatar/discourse.onlinedegree.iitm.ac.in/carlton/{size}/56317_2.png"
    },
    "last_poster": {
      "id": 16094,
      "username": "carlton",
      "name": "Carlton D'Silva",
      "avatar_template": "/user_avatar/discourse.onlinedegree.iitm.ac.in/carlton/{size}/56317_2.png"
    },
    "links": [
      {
        "url": "http://meet.google.com/brz-ksac-evo",
        "title": null,
        "internal": false,
        "attachment": false,
        "reflection": false,
        "clicks": 1,
        "user_id": 16094,
        "domain": "meet.google.com",
        "root_domain": "google.com"
      }
    ]
  },
  "pending_posts": [],
  "bookmarks": []
}