{
  "post_stream": {
    "posts": [
      {
        "id": 602891,
        "name": "Andrew David",
        "username": "23f1002382",
        "avatar_template": "/user_avatar/discourse.onlinedegree.iitm.ac.in/23f1002382/{size}/68945_2.png",
        "created_at": "2025-03-03T07:17:32.847Z",
        "cooked": "<h1><a name=\"p-602891-project-2-tds-solver-discussion-thread-1\" class=\"anchor\" href=\"#p-602891-project-2-tds-solver-discussion-thread-1\"></a>Project 2 - TDS Solver - Discussion Thread</h1>\n<h3><a name=\"p-602891-creating-this-thread-to-share-answers-and-questions-from-your-respective-assignments-2\" class=\"anchor\" href=\"#p-602891-creating-this-thread-to-share-answers-and-questions-from-your-respective-assignments-2\"></a>Creating this Thread to share answers and questions from your respective assignments</h3>\n<h3><a name=\"p-602891-why-3\" class=\"anchor\" href=\"#p-602891-why-3\"></a>Why? <img src=\"https://emoji.discourse-cdn.com/google/interrobang.png?v=12\" title=\":interrobang:\" class=\"emoji\" alt=\":interrobang:\" loading=\"lazy\" width=\"20\" height=\"20\"><img src=\"https://emoji.discourse-cdn.com/google/thinking.png?v=12\" title=\":thinking:\" class=\"emoji\" alt=\":thinking:\" loading=\"lazy\" width=\"20\" height=\"20\"></h3>\n<p>If we can Train the LLM with these Questions already, we can easily do well?</p>\n<h3><a name=\"p-602891-too-many-questions-for-llm-4\" class=\"anchor\" href=\"#p-602891-too-many-questions-for-llm-4\"></a>Too many Questions for LLM <img src=\"https://emoji.discourse-cdn.com/google/nerd_face.png?v=12\" title=\":nerd_face:\" class=\"emoji\" alt=\":nerd_face:\" loading=\"lazy\" width=\"20\" height=\"20\"><img src=\"https://emoji.discourse-cdn.com/google/nerd_face.png?v=12\" title=\":nerd_face:\" class=\"emoji\" alt=\":nerd_face:\" loading=\"lazy\" width=\"20\" height=\"20\"><img src=\"https://emoji.discourse-cdn.com/google/nerd_face.png?v=12\" title=\":nerd_face:\" class=\"emoji\" alt=\":nerd_face:\" loading=\"lazy\" width=\"20\" height=\"20\"></h3>\n<p>True we can use embeddings, map that stored in-system dictionary and use relevant questions from in-system data to send as context with answer</p>\n<h3><a name=\"p-602891-what-we-need-from-you-5\" class=\"anchor\" href=\"#p-602891-what-we-need-from-you-5\"></a>What We need from YOU 🫵🏽</h3>\n<p>Get to scraping your respective Graded Assignments and post the it?</p>\n<h3><a name=\"p-602891-how-6\" class=\"anchor\" href=\"#p-602891-how-6\"></a>How?</h3>\n<ul>\n<li>If answers are saved, Just Print (Ctrl+P) and save pdf, not really if this would work</li>\n<li>If you had saved code for each question, send the saved code and with a docstring as the question , This would be useful <img src=\"https://emoji.discourse-cdn.com/google/+1/3.png?v=12\" title=\":+1:t3:\" class=\"emoji\" alt=\":+1:t3:\" loading=\"lazy\" width=\"20\" height=\"20\"><img src=\"https://emoji.discourse-cdn.com/google/+1/3.png?v=12\" title=\":+1:t3:\" class=\"emoji\" alt=\":+1:t3:\" loading=\"lazy\" width=\"20\" height=\"20\"></li>\n</ul>\n<h3><a name=\"p-602891-where-7\" class=\"anchor\" href=\"#p-602891-where-7\"></a>Where?<img src=\"https://emoji.discourse-cdn.com/google/thinking.png?v=12\" title=\":thinking:\" class=\"emoji\" alt=\":thinking:\" loading=\"lazy\" width=\"20\" height=\"20\"><img src=\"https://emoji.discourse-cdn.com/google/man_shrugging/3.png?v=12\" title=\":man_shrugging:t3:\" class=\"emoji\" alt=\":man_shrugging:t3:\" loading=\"lazy\" width=\"20\" height=\"20\"><img src=\"https://emoji.discourse-cdn.com/google/man_shrugging/3.png?v=12\" title=\":man_shrugging:t3:\" class=\"emoji\" alt=\":man_shrugging:t3:\" loading=\"lazy\" width=\"20\" height=\"20\"></h3>\n<aside class=\"onebox githubblob\" data-onebox-src=\"https://github.com/ANdIeCOOl/TDS-Project2-QuestionBank/blob/main/README.md\">\n  <header class=\"source\">\n\n      <a href=\"https://github.com/ANdIeCOOl/TDS-Project2-QuestionBank/blob/main/README.md\" target=\"_blank\" rel=\"noopener nofollow ugc\">github.com/ANdIeCOOl/TDS-Project2-QuestionBank</a>\n  </header>\n\n  <article class=\"onebox-body\">\n    <h4><a href=\"https://github.com/ANdIeCOOl/TDS-Project2-QuestionBank/blob/main/README.md\" target=\"_blank\" rel=\"noopener nofollow ugc\">README.md</a></h4>\n\n<div class=\"git-blob-info\">\n  <a href=\"https://github.com/ANdIeCOOl/TDS-Project2-QuestionBank/blob/main/README.md\" rel=\"noopener nofollow ugc\"><code>main</code></a>\n</div>\n\n\n      <pre><code class=\"lang-md\"># TDS-Project2-QuestionBank\nQuestion Bank for all TDS assignments\n\n# Requested format\n## Student Assignments Directory Structure\n\nEach student has a folder named with their roll number. Inside each student's folder, there are multiple assignment folders (`Assignment_X`). Each assignment contains:\n- A `.txt` file with the question statement.\n- A corresponding `.py`, `.sh`, or `.js` file for the solution.\n\n### Example Directory Structure\nRollNo_12345/\n├── Assignment_1/\n│   ├── Q1.txt    # Question for Q1\n│   ├── Q1.py     # Solution in Python\n│   ├── Q2.txt    # Question for Q2\n│   ├── Q2.sh     # Solution in Bash\n│   ├── Q3.txt    # Question for Q3\n│   ├── Q3.js     # Solution in JavaScript\n├── Assignment_2/\n</code></pre>\n\n\n\n  This file has been truncated. <a href=\"https://github.com/ANdIeCOOl/TDS-Project2-QuestionBank/blob/main/README.md\" target=\"_blank\" rel=\"noopener nofollow ugc\">show original</a>\n\n  </article>\n\n  <div class=\"onebox-metadata\">\n    \n    \n  </div>\n\n  <div style=\"clear: both\"></div>\n</aside>\n\n<p>Please note, Please send the code it would make the LLM more idk “better”</p>\n<p>Cheers,<br>\nAndrew out. <img src=\"https://emoji.discourse-cdn.com/google/facepunch/4.png?v=12\" title=\":facepunch:t4:\" class=\"emoji\" alt=\":facepunch:t4:\" loading=\"lazy\" width=\"20\" height=\"20\"><br>\n<span class=\"mention\">@all</span></p>",
        "post_number": 1,
        "post_type": 1,
        "posts_count": 6,
        "updated_at": "2025-03-03T07:32:42.547Z",
        "reply_count": 0,
        "reply_to_post_number": null,
        "quote_count": 0,
        "incoming_link_count": 27,
        "reads": 135,
        "readers_count": 134,
        "score": 281.2,
        "yours": false,
        "topic_id": 169045,
        "topic_slug": "project-2-tds-solver-shared-data-pool",
        "display_username": "Andrew David",
        "primary_group_name": "ds-students",
        "flair_name": "ds-students",
        "flair_url": null,
        "flair_bg_color": "",
        "flair_color": "",
        "flair_group_id": 294,
        "badges_granted": [],
        "version": 3,
        "can_edit": false,
        "can_delete": false,
        "can_recover": false,
        "can_see_hidden_post": false,
        "can_wiki": false,
        "link_counts": [
          {
            "url": "https://github.com/ANdIeCOOl/TDS-Project2-QuestionBank/blob/main/README.md",
            "internal": false,
            "reflection": false,
            "title": "TDS-Project2-QuestionBank/README.md at main · ANdIeCOOl/TDS-Project2-QuestionBank · GitHub",
            "clicks": 72
          },
          {
            "url": "https://discourse.onlinedegree.iitm.ac.in/t/project-2-tds-solver-discussion-thread/169029/3",
            "internal": true,
            "reflection": true,
            "title": "Project 2 - TDS Solver - Discussion Thread",
            "clicks": 2
          }
        ],
        "read": true,
        "user_title": null,
        "bookmarked": false,
        "actions_summary": [
          {
            "id": 2,
            "count": 8,
            "can_act": true
          },
          {
            "id": 6,
            "can_act": true
          },
          {
            "id": 3,
            "can_act": true
          },
          {
            "id": 4,
            "can_act": true
          },
          {
            "id": 8,
            "can_act": true
          },
          {
            "id": 10,
            "can_act": true
          },
          {
            "id": 7,
            "can_act": true
          }
        ],
        "moderator": false,
        "admin": false,
        "staff": false,
        "user_id": 18297,
        "hidden": false,
        "trust_level": 1,
        "deleted_at": null,
        "user_deleted": false,
        "edit_reason": null,
        "can_view_edit_history": true,
        "wiki": false,
        "post_url": "/t/project-2-tds-solver-shared-data-pool/169045/1",
        "user_cakedate": "2023-06-05",
        "user_birthdate": "1904-01-05",
        "reactions": [
          {
            "id": "heart",
            "type": "emoji",
            "count": 5
          },
          {
            "id": "+1",
            "type": "emoji",
            "count": 3
          }
        ],
        "current_user_reaction": null,
        "reaction_users_count": 8,
        "current_user_used_main_reaction": false,
        "can_accept_answer": false,
        "can_unaccept_answer": false,
        "accepted_answer": false,
        "topic_accepted_answer": null,
        "can_vote": false
      },
      {
        "id": 602892,
        "name": "Andrew David",
        "username": "23f1002382",
        "avatar_template": "/user_avatar/discourse.onlinedegree.iitm.ac.in/23f1002382/{size}/68945_2.png",
        "created_at": "2025-03-03T07:20:38.141Z",
        "cooked": "<p>This time I’ll create a functioning script way before deadline for everyone to use .<br>\n<img src=\"https://europe1.discourse-cdn.com/flex013/uploads/iitm/original/3X/a/2/a2ca53960e1ef9d9566dd1648096df09332e6310.gif\" alt=\"OnePieceStrawhatsGIF\" data-base62-sha1=\"ne6PD7vhrLy6v5S21qlbK2Rdi0w\" width=\"498\" height=\"278\" class=\"animated\"></p>",
        "post_number": 2,
        "post_type": 1,
        "posts_count": 6,
        "updated_at": "2025-03-03T07:22:41.158Z",
        "reply_count": 0,
        "reply_to_post_number": null,
        "quote_count": 0,
        "incoming_link_count": 0,
        "reads": 125,
        "readers_count": 124,
        "score": 69.6,
        "yours": false,
        "topic_id": 169045,
        "topic_slug": "project-2-tds-solver-shared-data-pool",
        "display_username": "Andrew David",
        "primary_group_name": "ds-students",
        "flair_name": "ds-students",
        "flair_url": null,
        "flair_bg_color": "",
        "flair_color": "",
        "flair_group_id": 294,
        "badges_granted": [],
        "version": 1,
        "can_edit": false,
        "can_delete": false,
        "can_recover": false,
        "can_see_hidden_post": false,
        "can_wiki": false,
        "read": true,
        "user_title": null,
        "bookmarked": false,
        "actions_summary": [
          {
            "id": 2,
            "count": 3,
            "can_act": true
          },
          {
            "id": 6,
            "can_act": true
          },
          {
            "id": 3,
            "can_act": true
          },
          {
            "id": 4,
            "can_act": true
          },
          {
            "id": 8,
            "can_act": true
          },
          {
            "id": 10,
            "can_act": true
          },
          {
            "id": 7,
            "can_act": true
          }
        ],
        "moderator": false,
        "admin": false,
        "staff": false,
        "user_id": 18297,
        "hidden": false,
        "trust_level": 1,
        "deleted_at": null,
        "user_deleted": false,
        "edit_reason": null,
        "can_view_edit_history": true,
        "wiki": false,
        "post_url": "/t/project-2-tds-solver-shared-data-pool/169045/2",
        "user_cakedate": "2023-06-05",
        "user_birthdate": "1904-01-05",
        "reactions": [
          {
            "id": "heart",
            "type": "emoji",
            "count": 3
          }
        ],
        "current_user_reaction": null,
        "reaction_users_count": 3,
        "current_user_used_main_reaction": false,
        "can_accept_answer": false,
        "can_unaccept_answer": false,
        "accepted_answer": false,
        "topic_accepted_answer": null
      },
      {
        "id": 603007,
        "name": "Jivraj Singh Shekhawat",
        "username": "Jivraj",
        "avatar_template": "https://avatars.discourse-cdn.com/v4/letter/j/b9bd4f/{size}.png",
        "created_at": "2025-03-03T11:21:09.094Z",
        "cooked": "<p>Hi <a class=\"mention\" href=\"/u/23f1002382\">@23f1002382</a></p>\n<p>Great initiative, will be happy to see lot of PR’s on your repo.</p>",
        "post_number": 3,
        "post_type": 1,
        "posts_count": 6,
        "updated_at": "2025-03-03T11:21:09.094Z",
        "reply_count": 2,
        "reply_to_post_number": null,
        "quote_count": 0,
        "incoming_link_count": 0,
        "reads": 121,
        "readers_count": 120,
        "score": 48.8,
        "yours": false,
        "topic_id": 169045,
        "topic_slug": "project-2-tds-solver-shared-data-pool",
        "display_username": "Jivraj Singh Shekhawat",
        "primary_group_name": "ds-students",
        "flair_name": "ds-students",
        "flair_url": null,
        "flair_bg_color": "",
        "flair_color": "",
        "flair_group_id": 294,
        "badges_granted": [],
        "version": 1,
        "can_edit": false,
        "can_delete": false,
        "can_recover": false,
        "can_see_hidden_post": false,
        "can_wiki": false,
        "read": true,
        "user_title": "Course TA",
        "title_is_group": false,
        "bookmarked": false,
        "actions_summary": [
          {
            "id": 2,
            "count": 1,
            "can_act": true
          },
          {
            "id": 6,
            "can_act": true
          },
          {
            "id": 3,
            "can_act": true
          },
          {
            "id": 4,
            "can_act": true
          },
          {
            "id": 8,
            "can_act": true
          },
          {
            "id": 10,
            "can_act": true
          },
          {
            "id": 7,
            "can_act": true
          }
        ],
        "moderator": false,
        "admin": false,
        "staff": false,
        "group_moderator": true,
        "user_id": 15651,
        "hidden": false,
        "trust_level": 2,
        "deleted_at": null,
        "user_deleted": false,
        "edit_reason": null,
        "can_view_edit_history": true,
        "wiki": false,
        "post_url": "/t/project-2-tds-solver-shared-data-pool/169045/3",
        "user_cakedate": "2023-01-25",
        "reactions": [
          {
            "id": "heart",
            "type": "emoji",
            "count": 1
          }
        ],
        "current_user_reaction": null,
        "reaction_users_count": 1,
        "current_user_used_main_reaction": false,
        "can_accept_answer": false,
        "can_unaccept_answer": false,
        "accepted_answer": false,
        "topic_accepted_answer": null
      },
      {
        "id": 603030,
        "name": "Andrew David",
        "username": "23f1002382",
        "avatar_template": "/user_avatar/discourse.onlinedegree.iitm.ac.in/23f1002382/{size}/68945_2.png",
        "created_at": "2025-03-03T11:45:57.715Z",
        "cooked": "<aside class=\"quote group-ds-students\" data-username=\"Jivraj\" data-post=\"3\" data-topic=\"169045\">\n<div class=\"title\">\n<div class=\"quote-controls\"></div>\n<img alt=\"\" width=\"24\" height=\"24\" src=\"https://avatars.discourse-cdn.com/v4/letter/j/b9bd4f/48.png\" class=\"avatar\"> Jivraj:</div>\n<blockquote>\n<p>e, will be happy to see lot of PR’s on your re</p>\n</blockquote>\n</aside>\n<p>Will <img src=\"https://emoji.discourse-cdn.com/google/x.png?v=12\" title=\":x:\" class=\"emoji\" alt=\":x:\" loading=\"lazy\" width=\"20\" height=\"20\"><br>\nHopefully <img src=\"https://emoji.discourse-cdn.com/google/white_check_mark.png?v=12\" title=\":white_check_mark:\" class=\"emoji\" alt=\":white_check_mark:\" loading=\"lazy\" width=\"20\" height=\"20\"><br>\n…</p>",
        "post_number": 4,
        "post_type": 1,
        "posts_count": 6,
        "updated_at": "2025-03-03T11:45:57.715Z",
        "reply_count": 0,
        "reply_to_post_number": 3,
        "quote_count": 1,
        "incoming_link_count": 1,
        "reads": 122,
        "readers_count": 121,
        "score": 29.0,
        "yours": false,
        "topic_id": 169045,
        "topic_slug": "project-2-tds-solver-shared-data-pool",
        "display_username": "Andrew David",
        "primary_group_name": "ds-students",
        "flair_name": "ds-students",
        "flair_url": null,
        "flair_bg_color": "",
        "flair_color": "",
        "flair_group_id": 294,
        "badges_granted": [],
        "version": 1,
        "can_edit": false,
        "can_delete": false,
        "can_recover": false,
        "can_see_hidden_post": false,
        "can_wiki": false,
        "read": true,
        "user_title": null,
        "bookmarked": false,
        "actions_summary": [
          {
            "id": 2,
            "can_act": true
          },
          {
            "id": 6,
            "can_act": true
          },
          {
            "id": 3,
            "can_act": true
          },
          {
            "id": 4,
            "can_act": true
          },
          {
            "id": 8,
            "can_act": true
          },
          {
            "id": 10,
            "can_act": true
          },
          {
            "id": 7,
            "can_act": true
          }
        ],
        "moderator": false,
        "admin": false,
        "staff": false,
        "user_id": 18297,
        "hidden": false,
        "trust_level": 1,
        "deleted_at": null,
        "user_deleted": false,
        "edit_reason": null,
        "can_view_edit_history": true,
        "wiki": false,
        "post_url": "/t/project-2-tds-solver-shared-data-pool/169045/4",
        "user_cakedate": "2023-06-05",
        "user_birthdate": "1904-01-05",
        "reactions": [],
        "current_user_reaction": null,
        "reaction_users_count": 0,
        "current_user_used_main_reaction": false,
        "can_accept_answer": false,
        "can_unaccept_answer": false,
        "accepted_answer": false,
        "topic_accepted_answer": null
      },
      {
        "id": 603343,
        "name": "Aniruddha Mukherjee",
        "username": "23f1003186",
        "avatar_template": "/user_avatar/discourse.onlinedegree.iitm.ac.in/23f1003186/{size}/66745_2.png",
        "created_at": "2025-03-04T08:58:05.322Z",
        "cooked": "<p>Already did a PR although it was a minor formatting one xDD</p>",
        "post_number": 6,
        "post_type": 1,
        "posts_count": 6,
        "updated_at": "2025-03-04T08:58:05.322Z",
        "reply_count": 1,
        "reply_to_post_number": 3,
        "quote_count": 0,
        "incoming_link_count": 0,
        "reads": 108,
        "readers_count": 107,
        "score": 40.8,
        "yours": false,
        "topic_id": 169045,
        "topic_slug": "project-2-tds-solver-shared-data-pool",
        "display_username": "Aniruddha Mukherjee",
        "primary_group_name": "ds-students",
        "flair_name": "ds-students",
        "flair_url": null,
        "flair_bg_color": "",
        "flair_color": "",
        "flair_group_id": 294,
        "badges_granted": [],
        "version": 1,
        "can_edit": false,
        "can_delete": false,
        "can_recover": false,
        "can_see_hidden_post": false,
        "can_wiki": false,
        "read": true,
        "user_title": null,
        "reply_to_user": {
          "id": 15651,
          "username": "Jivraj",
          "name": "Jivraj Singh Shekhawat",
          "avatar_template": "https://avatars.discourse-cdn.com/v4/letter/j/b9bd4f/{size}.png"
        },
        "bookmarked": false,
        "actions_summary": [
          {
            "id": 2,
            "count": 1,
            "can_act": true
          },
          {
            "id": 6,
            "can_act": true
          },
          {
            "id": 3,
            "can_act": true
          },
          {
            "id": 4,
            "can_act": true
          },
          {
            "id": 8,
            "can_act": true
          },
          {
            "id": 10,
            "can_act": true
          },
          {
            "id": 7,
            "can_act": true
          }
        ],
        "moderator": false,
        "admin": false,
        "staff": false,
        "user_id": 19230,
        "hidden": false,
        "trust_level": 1,
        "deleted_at": null,
        "user_deleted": false,
        "edit_reason": null,
        "can_view_edit_history": true,
        "wiki": false,
        "post_url": "/t/project-2-tds-solver-shared-data-pool/169045/6",
        "user_cakedate": "2023-06-08",
        "user_birthdate": "1904-09-19",
        "reactions": [
          {
            "id": "heart",
            "type": "emoji",
            "count": 1
          }
        ],
        "current_user_reaction": null,
        "reaction_users_count": 1,
        "current_user_used_main_reaction": false,
        "can_accept_answer": false,
        "can_unaccept_answer": false,
        "accepted_answer": false,
        "topic_accepted_answer": null
      },
      {
        "id": 603352,
        "name": "Andrew David",
        "username": "23f1002382",
        "avatar_template": "/user_avatar/discourse.onlinedegree.iitm.ac.in/23f1002382/{size}/68945_2.png",
        "created_at": "2025-03-04T09:29:48.657Z",
        "cooked": "<p>yeah thanks that helped a lot actually</p>",
        "post_number": 7,
        "post_type": 1,
        "posts_count": 6,
        "updated_at": "2025-03-04T09:29:48.657Z",
        "reply_count": 0,
        "reply_to_post_number": 6,
        "quote_count": 0,
        "incoming_link_count": 1,
        "reads": 107,
        "readers_count": 106,
        "score": 40.6,
        "yours": false,
        "topic_id": 169045,
        "topic_slug": "project-2-tds-solver-shared-data-pool",
        "display_username": "Andrew David",
        "primary_group_name": "ds-students",
        "flair_name": "ds-students",
        "flair_url": null,
        "flair_bg_color": "",
        "flair_color": "",
        "flair_group_id": 294,
        "badges_granted": [],
        "version": 1,
        "can_edit": false,
        "can_delete": false,
        "can_recover": false,
        "can_see_hidden_post": false,
        "can_wiki": false,
        "read": true,
        "user_title": null,
        "reply_to_user": {
          "id": 19230,
          "username": "23f1003186",
          "name": "Aniruddha Mukherjee",
          "avatar_template": "/user_avatar/discourse.onlinedegree.iitm.ac.in/23f1003186/{size}/66745_2.png"
        },
        "bookmarked": false,
        "actions_summary": [
          {
            "id": 2,
            "count": 1,
            "can_act": true
          },
          {
            "id": 6,
            "can_act": true
          },
          {
            "id": 3,
            "can_act": true
          },
          {
            "id": 4,
            "can_act": true
          },
          {
            "id": 8,
            "can_act": true
          },
          {
            "id": 10,
            "can_act": true
          },
          {
            "id": 7,
            "can_act": true
          }
        ],
        "moderator": false,
        "admin": false,
        "staff": false,
        "user_id": 18297,
        "hidden": false,
        "trust_level": 1,
        "deleted_at": null,
        "user_deleted": false,
        "edit_reason": null,
        "can_view_edit_history": true,
        "wiki": false,
        "post_url": "/t/project-2-tds-solver-shared-data-pool/169045/7",
        "user_cakedate": "2023-06-05",
        "user_birthdate": "1904-01-05",
        "reactions": [
          {
            "id": "heart",
            "type": "emoji",
            "count": 1
          }
        ],
        "current_user_reaction": null,
        "reaction_users_count": 1,
        "current_user_used_main_reaction": false,
        "can_accept_answer": false,
        "can_unaccept_answer": false,
        "accepted_answer": false,
        "topic_accepted_answer": null
      }
    ],
    "stream": [
      602891,
      602892,
      603007,
      603030,
      603343,
      603352
    ]
  },
  "timeline_lookup": [
    [
      1,
      89
    ],
    [
      5,
      88
    ]
  ],
  "suggested_topics": [
    {
      "id": 173524,
      "title": "GA1 - Development Tools - Discussion Thread [TDS May 2025]",
      "fancy_title": "GA1 - Development Tools - Discussion Thread [TDS May 2025]",
      "slug": "ga1-development-tools-discussion-thread-tds-may-2025",
      "posts_count": 80,
      "reply_count": 51,
      "highest_post_number": 85,
      "image_url": null,
      "created_at": "2025-05-01T11:39:00.734Z",
      "last_posted_at": "2025-05-31T15:34:18.368Z",
      "bumped": true,
      "bumped_at": "2025-05-31T15:34:18.368Z",
      "archetype": "regular",
      "unseen": false,
      "last_read_post_number": 82,
      "unread": 0,
      "new_posts": 3,
      "unread_posts": 3,
      "pinned": false,
      "unpinned": null,
      "visible": true,
      "closed": false,
      "archived": false,
      "notification_level": 2,
      "bookmarked": false,
      "liked": false,
      "tags": [
        "term2-2025",
        "graded-assignment"
      ],
      "tags_descriptions": {},
      "like_count": 25,
      "views": 1155,
      "category_id": 34,
      "featured_link": null,
      "has_accepted_answer": false,
      "posters": [
        {
          "extras": null,
          "description": "Original Poster",
          "user": {
            "id": 9419,
            "username": "s.anand",
            "name": "Anand S",
            "avatar_template": "/user_avatar/discourse.onlinedegree.iitm.ac.in/s.anand/{size}/15264_2.png",
            "primary_group_name": "faculty",
            "flair_name": "faculty",
            "flair_url": "chalkboard-user",
            "flair_bg_color": "f2c26e",
            "flair_color": "000",
            "flair_group_id": 54,
            "trust_level": 4
          }
        },
        {
          "extras": null,
          "description": "Frequent Poster",
          "user": {
            "id": 22472,
            "username": "Advaith52",
            "name": "Advaith Sanil Kumar",
            "avatar_template": "/user_avatar/discourse.onlinedegree.iitm.ac.in/advaith52/{size}/67172_2.png",
            "primary_group_name": "ds-students",
            "flair_name": "ds-students",
            "flair_group_id": 294,
            "trust_level": 1
          }
        },
        {
          "extras": null,
          "description": "Frequent Poster",
          "user": {
            "id": 16094,
            "username": "carlton",
            "name": "Carlton D'Silva",
            "avatar_template": "/user_avatar/discourse.onlinedegree.iitm.ac.in/carlton/{size}/56317_2.png",
            "primary_group_name": "ds-students",
            "flair_name": "ds-students",
            "flair_group_id": 294,
            "trust_level": 3
          }
        },
        {
          "extras": null,
          "description": "Frequent Poster",
          "user": {
            "id": 15658,
            "username": "HritikRoshan_HRM",
            "name": "HRITIK ROSHAN MAURYA",
            "avatar_template": "/user_avatar/discourse.onlinedegree.iitm.ac.in/hritikroshan_hrm/{size}/66975_2.png",
            "primary_group_name": "ds-students",
            "flair_name": "ds-students",
            "flair_group_id": 294,
            "trust_level": 1
          }
        },
        {
          "extras": "latest",
          "description": "Most Recent Poster",
          "user": {
            "id": 12914,
            "username": "iAnimeshS",
            "name": "Animesh",
            "avatar_template": "/user_avatar/discourse.onlinedegree.iitm.ac.in/ianimeshs/{size}/12415_2.png",
            "primary_group_name": "ds-students",
            "flair_name": "ds-students",
            "flair_group_id": 294,
            "trust_level": 1
          }
        }
      ]
    },
    {
      "id": 176789,
      "title": "Vercel deployement error",
      "fancy_title": "Vercel deployement error",
      "slug": "vercel-deployement-error",
      "posts_count": 1,
      "reply_count": 0,
      "highest_post_number": 1,
      "image_url": null,
      "created_at": "2025-05-31T11:55:22.507Z",
      "last_posted_at": "2025-05-31T11:55:22.708Z",
      "bumped": true,
      "bumped_at": "2025-05-31T11:55:22.708Z",
      "archetype": "regular",
      "unseen": true,
      "pinned": false,
      "unpinned": null,
      "visible": true,
      "closed": false,
      "archived": false,
      "bookmarked": null,
      "liked": null,
      "tags": [
        "diploma-level",
        "term2-2025"
      ],
      "tags_descriptions": {},
      "like_count": 0,
      "views": 9,
      "category_id": 34,
      "featured_link": null,
      "has_accepted_answer": false,
      "posters": [
        {
          "extras": "latest single",
          "description": "Original Poster, Most Recent Poster",
          "user": {
            "id": 25506,
            "username": "23f3003724",
            "name": "Vedika Gupta",
            "avatar_template": "/user_avatar/discourse.onlinedegree.iitm.ac.in/23f3003724/{size}/68806_2.png",
            "primary_group_name": "ds-students",
            "flair_name": "ds-students",
            "flair_group_id": 294,
            "trust_level": 1
          }
        }
      ]
    }
  ],
  "tags": [
    "project-proposal",
    "tds-project-2"
  ],
  "tags_descriptions": {},
  "id": 169045,
  "title": "Project 2 - TDS Solver - Shared Data Pool",
  "fancy_title": "Project 2 - TDS Solver - Shared Data Pool",
  "posts_count": 6,
  "created_at": "2025-03-03T07:17:32.655Z",
  "views": 259,
  "reply_count": 4,
  "like_count": 14,
  "last_posted_at": "2025-03-04T09:29:48.657Z",
  "visible": true,
  "closed": false,
  "archived": false,
  "has_summary": false,
  "archetype": "regular",
  "slug": "project-2-tds-solver-shared-data-pool",
  "category_id": 34,
  "word_count": 231,
  "deleted_at": null,
  "user_id": 18297,
  "featured_link": null,
  "pinned_globally": false,
  "pinned_at": null,
  "pinned_until": null,
  "image_url": null,
  "slow_mode_seconds": 0,
  "draft": null,
  "draft_key": "topic_169045",
  "draft_sequence": 0,
  "posted": false,
  "unpinned": null,
  "pinned": false,
  "current_post_number": 1,
  "highest_post_number": 7,
  "last_read_post_number": 7,
  "last_read_post_id": 603352,
  "deleted_by": null,
  "actions_summary": [
    {
      "id": 4,
      "count": 0,
      "hidden": false,
      "can_act": true
    },
    {
      "id": 8,
      "count": 0,
      "hidden": false,
      "can_act": true
    },
    {
      "id": 10,
      "count": 0,
      "hidden": false,
      "can_act": true
    },
    {
      "id": 7,
      "count": 0,
      "hidden": false,
      "can_act": true
    }
  ],
  "chunk_size": 20,
  "bookmarked": false,
  "topic_timer": null,
  "message_bus_last_id": 0,
  "participant_count": 3,
  "show_read_indicator": false,
  "thumbnails": null,
  "slow_mode_enabled_until": null,
  "tags_disable_ads": false,
  "related_topics": [
    {
      "id": 169029,
      "title": "Project 2 - TDS Solver - Discussion Thread",
      "fancy_title": "Project 2 - TDS Solver - Discussion Thread",
      "slug": "project-2-tds-solver-discussion-thread",
      "posts_count": 690,
      "reply_count": 415,
      "highest_post_number": 715,
      "image_url": null,
      "created_at": "2025-03-03T03:42:18.928Z",
      "last_posted_at": "2025-04-25T17:08:56.564Z",
      "bumped": true,
      "bumped_at": "2025-04-25T17:08:56.564Z",
      "archetype": "regular",
      "unseen": false,
      "last_read_post_number": 591,
      "unread": 0,
      "new_posts": 0,
      "unread_posts": 0,
      "pinned": false,
      "unpinned": null,
      "visible": true,
      "closed": false,
      "archived": false,
      "notification_level": 1,
      "bookmarked": false,
      "liked": false,
      "tags": [
        "announcement",
        "term1-2025",
        "tds-project-2"
      ],
      "tags_descriptions": {},
      "like_count": 478,
      "views": 4456,
      "category_id": 34,
      "featured_link": null,
      "has_accepted_answer": false,
      "posters": [
        {
          "extras": null,
          "description": "Original Poster",
          "user": {
            "id": 9419,
            "username": "s.anand",
            "name": "Anand S",
            "avatar_template": "/user_avatar/discourse.onlinedegree.iitm.ac.in/s.anand/{size}/15264_2.png",
            "primary_group_name": "faculty",
            "flair_name": "faculty",
            "flair_url": "chalkboard-user",
            "flair_bg_color": "f2c26e",
            "flair_color": "000",
            "flair_group_id": 54,
            "trust_level": 4
          }
        },
        {
          "extras": null,
          "description": "Frequent Poster",
          "user": {
            "id": 18297,
            "username": "23f1002382",
            "name": "Andrew David",
            "avatar_template": "/user_avatar/discourse.onlinedegree.iitm.ac.in/23f1002382/{size}/68945_2.png",
            "primary_group_name": "ds-students",
            "flair_name": "ds-students",
            "flair_group_id": 294,
            "trust_level": 1
          }
        },
        {
          "extras": null,
          "description": "Frequent Poster",
          "user": {
            "id": 13078,
            "username": "Saransh_Saini",
            "name": "Saransh Saini",
            "avatar_template": "/user_avatar/discourse.onlinedegree.iitm.ac.in/saransh_saini/{size}/123495_2.png",
            "primary_group_name": "ds-students",
            "flair_name": "ds-students",
            "flair_group_id": 294,
            "trust_level": 1
          }
        },
        {
          "extras": null,
          "description": "Frequent Poster",
          "user": {
            "id": 15651,
            "username": "Jivraj",
            "name": "Jivraj Singh Shekhawat",
            "avatar_template": "https://avatars.discourse-cdn.com/v4/letter/j/b9bd4f/{size}.png",
            "primary_group_name": "ds-students",
            "flair_name": "ds-students",
            "flair_group_id": 294,
            "trust_level": 2
          }
        },
        {
          "extras": "latest",
          "description": "Most Recent Poster",
          "user": {
            "id": 35950,
            "username": "Algsoch",
            "name": "Vicky Kumar",
            "avatar_template": "/user_avatar/discourse.onlinedegree.iitm.ac.in/algsoch/{size}/111675_2.png",
            "primary_group_name": "ds-students",
            "flair_name": "ds-students",
            "flair_group_id": 294,
            "trust_level": 1
          }
        }
      ]
    },
    {
      "id": 61041,
      "title": "Project 1 and 2 Scores",
      "fancy_title": "Project 1 and 2 Scores",
      "slug": "project-1-and-2-scores",
      "posts_count": 109,
      "reply_count": 53,
      "highest_post_number": 111,
      "image_url": null,
      "created_at": "2022-08-10T15:36:14.564Z",
      "last_posted_at": "2022-11-20T13:17:21.399Z",
      "bumped": true,
      "bumped_at": "2022-11-20T13:17:21.399Z",
      "archetype": "regular",
      "unseen": false,
      "pinned": false,
      "unpinned": null,
      "visible": true,
      "closed": false,
      "archived": false,
      "bookmarked": null,
      "liked": null,
      "tags": [
        "operational",
        "term2-2022",
        "tds-project-1",
        "tds-project-2"
      ],
      "tags_descriptions": {},
      "like_count": 147,
      "views": 1828,
      "category_id": 34,
      "featured_link": null,
      "has_accepted_answer": false,
      "posters": [
        {
          "extras": null,
          "description": "Original Poster",
          "user": {
            "id": 1762,
            "username": "pphep",
            "name": "Pooja Pareek",
            "avatar_template": "/user_avatar/discourse.onlinedegree.iitm.ac.in/pphep/{size}/161_2.png",
            "primary_group_name": "ds-students",
            "flair_name": "ds-students",
            "flair_group_id": 294,
            "trust_level": 1
          }
        },
        {
          "extras": null,
          "description": "Frequent Poster",
          "user": {
            "id": 686,
            "username": "nmaddala",
            "name": "Narayana Maddala",
            "avatar_template": "/user_avatar/discourse.onlinedegree.iitm.ac.in/nmaddala/{size}/67626_2.png",
            "primary_group_name": "ds-students",
            "flair_name": "ds-students",
            "flair_group_id": 294,
            "trust_level": 1
          }
        },
        {
          "extras": null,
          "description": "Frequent Poster",
          "user": {
            "id": 8336,
            "username": "Thanisha",
            "name": "Thanisha Valliyodan",
            "avatar_template": "/user_avatar/discourse.onlinedegree.iitm.ac.in/thanisha/{size}/497_2.png",
            "primary_group_name": "ds-students",
            "flair_name": "ds-students",
            "flair_group_id": 294,
            "trust_level": 1
          }
        },
        {
          "extras": null,
          "description": "Frequent Poster",
          "user": {
            "id": 2847,
            "username": "srikanth.bg",
            "name": "Srikanth BG",
            "avatar_template": "/user_avatar/discourse.onlinedegree.iitm.ac.in/srikanth.bg/{size}/179_2.png",
            "primary_group_name": "ds-students",
            "flair_name": "ds-students",
            "flair_group_id": 294,
            "trust_level": 1
          }
        },
        {
          "extras": "latest",
          "description": "Most Recent Poster",
          "user": {
            "id": 3024,
            "username": "papadelta_5636",
            "name": "Preetodeep Dev",
            "avatar_template": "https://avatars.discourse-cdn.com/v4/letter/p/dc4da7/{size}.png",
            "primary_group_name": "ds-students",
            "flair_name": "Community-TA",
            "flair_url": "handshake-angle",
            "flair_bg_color": "717BF7",
            "flair_color": "6BEE3D",
            "flair_group_id": 89,
            "trust_level": 2
          }
        }
      ]
    },
    {
      "id": 157843,
      "title": "Project 2 Discussion Thread [Sep 2024 Term]",
      "fancy_title": "Project 2 Discussion Thread [Sep 2024 Term]",
      "slug": "project-2-discussion-thread-sep-2024-term",
      "posts_count": 449,
      "reply_count": 317,
      "highest_post_number": 480,
      "image_url": null,
      "created_at": "2024-12-02T09:46:58.902Z",
      "last_posted_at": "2024-12-27T06:01:48.107Z",
      "bumped": true,
      "bumped_at": "2024-12-27T06:01:48.107Z",
      "archetype": "regular",
      "unseen": false,
      "last_read_post_number": 1,
      "unread": 0,
      "new_posts": 0,
      "unread_posts": 0,
      "pinned": false,
      "unpinned": null,
      "visible": true,
      "closed": false,
      "archived": false,
      "notification_level": 1,
      "bookmarked": false,
      "liked": false,
      "tags": [
        "announcement"
      ],
      "tags_descriptions": {},
      "like_count": 152,
      "views": 4252,
      "category_id": 34,
      "featured_link": null,
      "has_accepted_answer": false,
      "posters": [
        {
          "extras": null,
          "description": "Original Poster",
          "user": {
            "id": 9419,
            "username": "s.anand",
            "name": "Anand S",
            "avatar_template": "/user_avatar/discourse.onlinedegree.iitm.ac.in/s.anand/{size}/15264_2.png",
            "primary_group_name": "faculty",
            "flair_name": "faculty",
            "flair_url": "chalkboard-user",
            "flair_bg_color": "f2c26e",
            "flair_color": "000",
            "flair_group_id": 54,
            "trust_level": 4
          }
        },
        {
          "extras": null,
          "description": "Frequent Poster",
          "user": {
            "id": 16094,
            "username": "carlton",
            "name": "Carlton D'Silva",
            "avatar_template": "/user_avatar/discourse.onlinedegree.iitm.ac.in/carlton/{size}/56317_2.png",
            "primary_group_name": "ds-students",
            "flair_name": "ds-students",
            "flair_group_id": 294,
            "trust_level": 3
          }
        },
        {
          "extras": null,
          "description": "Frequent Poster",
          "user": {
            "id": 16762,
            "username": "22f3003031",
            "name": "Sid",
            "avatar_template": "/user_avatar/discourse.onlinedegree.iitm.ac.in/22f3003031/{size}/94910_2.png",
            "primary_group_name": "ds-students",
            "flair_name": "ds-students",
            "flair_group_id": 294,
            "trust_level": 1
          }
        },
        {
          "extras": null,
          "description": "Frequent Poster",
          "user": {
            "id": 20690,
            "username": "23f2003124",
            "name": "Yash Maheshwari ",
            "avatar_template": "/user_avatar/discourse.onlinedegree.iitm.ac.in/23f2003124/{size}/66911_2.png",
            "primary_group_name": "ds-students",
            "flair_name": "ds-students",
            "flair_group_id": 294,
            "trust_level": 1
          }
        },
        {
          "extras": "latest",
          "description": "Most Recent Poster",
          "user": {
            "id": 3536,
            "username": "Che_ChinnarajC",
            "name": "Chinnaraja",
            "avatar_template": "/user_avatar/discourse.onlinedegree.iitm.ac.in/che_chinnarajc/{size}/322_2.png",
            "primary_group_name": "ds-students",
            "flair_name": "ds-students",
            "flair_group_id": 294,
            "trust_level": 1
          }
        }
      ]
    },
    {
      "id": 171054,
      "title": "Successfully Completed TDS Project 2 – Seeking Feedback & Demonstration Session",
      "fancy_title": "Successfully Completed TDS Project 2 – Seeking Feedback &amp; Demonstration Session",
      "slug": "successfully-completed-tds-project-2-seeking-feedback-demonstration-session",
      "posts_count": 6,
      "reply_count": 2,
      "highest_post_number": 6,
      "image_url": null,
      "created_at": "2025-03-27T11:40:53.435Z",
      "last_posted_at": "2025-03-31T07:29:24.499Z",
      "bumped": true,
      "bumped_at": "2025-03-31T07:29:24.499Z",
      "archetype": "regular",
      "unseen": false,
      "pinned": false,
      "unpinned": null,
      "visible": true,
      "closed": false,
      "archived": false,
      "bookmarked": null,
      "liked": null,
      "tags": [
        "diploma-level"
      ],
      "tags_descriptions": {},
      "like_count": 7,
      "views": 192,
      "category_id": 34,
      "featured_link": null,
      "has_accepted_answer": false,
      "posters": [
        {
          "extras": null,
          "description": "Original Poster",
          "user": {
            "id": 25223,
            "username": "23f2005702",
            "name": "Aarush saxena ",
            "avatar_template": "/user_avatar/discourse.onlinedegree.iitm.ac.in/23f2005702/{size}/88240_2.png",
            "primary_group_name": "ds-students",
            "flair_name": "ds-students",
            "flair_group_id": 294,
            "trust_level": 1
          }
        },
        {
          "extras": null,
          "description": "Frequent Poster",
          "user": {
            "id": 13078,
            "username": "Saransh_Saini",
            "name": "Saransh Saini",
            "avatar_template": "/user_avatar/discourse.onlinedegree.iitm.ac.in/saransh_saini/{size}/123495_2.png",
            "primary_group_name": "ds-students",
            "flair_name": "ds-students",
            "flair_group_id": 294,
            "trust_level": 1
          }
        },
        {
          "extras": null,
          "description": "Frequent Poster",
          "user": {
            "id": 7034,
            "username": "21f2000709",
            "name": "Pradeep Mondal",
            "avatar_template": "/user_avatar/discourse.onlinedegree.iitm.ac.in/21f2000709/{size}/92157_2.png",
            "primary_group_name": "ds-students",
            "flair_name": "ds-students",
            "flair_group_id": 294,
            "trust_level": 1
          }
        },
        {
          "extras": null,
          "description": "Frequent Poster",
          "user": {
            "id": 7193,
            "username": "lakshaygarg654",
            "name": "LAKSHAY",
            "avatar_template": "/user_avatar/discourse.onlinedegree.iitm.ac.in/lakshaygarg654/{size}/129814_2.png",
            "primary_group_name": "ds-students",
            "flair_name": "ds-students",
            "flair_group_id": 294,
            "trust_level": 1
          }
        },
        {
          "extras": "latest",
          "description": "Most Recent Poster",
          "user": {
            "id": 3146,
            "username": "Aryxn",
            "name": "Aryan Singh",
            "avatar_template": "https://avatars.discourse-cdn.com/v4/letter/a/9d8465/{size}.png",
            "primary_group_name": "ds-students",
            "flair_name": "ds-students",
            "flair_group_id": 294,
            "trust_level": 1
          }
        }
      ]
    },
    {
      "id": 68483,
      "title": "TDS Project 1 - Live session from May-21 Term",
      "fancy_title": "TDS Project 1 - Live session from May-21 Term",
      "slug": "tds-project-1-live-session-from-may-21-term",
      "posts_count": 17,
      "reply_count": 10,
      "highest_post_number": 19,
      "image_url": null,
      "created_at": "2022-10-22T17:02:58.593Z",
      "last_posted_at": "2022-10-29T16:13:44.319Z",
      "bumped": true,
      "bumped_at": "2022-10-29T16:13:44.319Z",
      "archetype": "regular",
      "unseen": false,
      "pinned": false,
      "unpinned": null,
      "visible": true,
      "closed": false,
      "archived": false,
      "bookmarked": null,
      "liked": null,
      "tags": [
        "tds-project-1"
      ],
      "tags_descriptions": {},
      "like_count": 27,
      "views": 265,
      "category_id": 34,
      "featured_link": null,
      "has_accepted_answer": false,
      "posters": [
        {
          "extras": null,
          "description": "Original Poster",
          "user": {
            "id": 4025,
            "username": "M_NAGARAJAN",
            "name": "M NAGARAJAN",
            "avatar_template": "/user_avatar/discourse.onlinedegree.iitm.ac.in/m_nagarajan/{size}/466_2.png",
            "primary_group_name": "ds-students",
            "flair_name": "ds-students",
            "flair_group_id": 294,
            "trust_level": 2
          }
        },
        {
          "extras": null,
          "description": "Frequent Poster",
          "user": {
            "id": 1859,
            "username": "21f1006304",
            "name": "Rajesh Saha",
            "avatar_template": "/user_avatar/discourse.onlinedegree.iitm.ac.in/21f1006304/{size}/1172_2.png",
            "primary_group_name": "ds-students",
            "flair_name": "ds-students",
            "flair_group_id": 294,
            "trust_level": 1
          }
        },
        {
          "extras": null,
          "description": "Frequent Poster",
          "user": {
            "id": 7905,
            "username": "rohithsrinivaas",
            "name": "Rohith Srinivaas M",
            "avatar_template": "/user_avatar/discourse.onlinedegree.iitm.ac.in/rohithsrinivaas/{size}/13866_2.png",
            "primary_group_name": "course_support",
            "flair_name": "course_support",
            "flair_url": "scale-balanced",
            "flair_bg_color": "0040ff",
            "flair_color": "1affc6",
            "flair_group_id": 41,
            "trust_level": 4
          }
        },
        {
          "extras": null,
          "description": "Frequent Poster",
          "user": {
            "id": 1605,
            "username": "shri_krishna",
            "name": "Shri krishna pandey",
            "avatar_template": "/user_avatar/discourse.onlinedegree.iitm.ac.in/shri_krishna/{size}/14146_2.png",
            "primary_group_name": "ds-students",
            "flair_name": "ds-students",
            "flair_group_id": 294,
            "trust_level": 1
          }
        },
        {
          "extras": "latest",
          "description": "Most Recent Poster",
          "user": {
            "id": 3024,
            "username": "papadelta_5636",
            "name": "Preetodeep Dev",
            "avatar_template": "https://avatars.discourse-cdn.com/v4/letter/p/dc4da7/{size}.png",
            "primary_group_name": "ds-students",
            "flair_name": "Community-TA",
            "flair_url": "handshake-angle",
            "flair_bg_color": "717BF7",
            "flair_color": "6BEE3D",
            "flair_group_id": 89,
            "trust_level": 2
          }
        }
      ]
    }
  ],
  "summarizable": false,
  "valid_reactions": [
    "heart",
    "+1",
    "laughing",
    "open_mouth",
    "clap",
    "confetti_ball",
    "rocket",
    "-1"
  ],
  "can_vote": false,
  "vote_count": 0,
  "user_voted": false,
  "discourse_zendesk_plugin_zendesk_id": null,
  "discourse_zendesk_plugin_zendesk_url": "https://your-url.zendesk.com/agent/tickets/",
  "details": {
    "can_edit": false,
    "notification_level": 1,
    "notifications_reason_id": null,
    "can_create_post": true,
    "can_reply_as_new_topic": true,
    "can_flag_topic": true,
    "participants": [
      {
        "id": 18297,
        "username": "23f1002382",
        "name": "Andrew David",
        "avatar_template": "/user_avatar/discourse.onlinedegree.iitm.ac.in/23f1002382/{size}/68945_2.png",
        "post_count": 4,
        "primary_group_name": "ds-students",
        "flair_name": "ds-students",
        "flair_url": null,
        "flair_color": "",
        "flair_bg_color": "",
        "flair_group_id": 294,
        "trust_level": 1
      },
      {
        "id": 19230,
        "username": "23f1003186",
        "name": "Aniruddha Mukherjee",
        "avatar_template": "/user_avatar/discourse.onlinedegree.iitm.ac.in/23f1003186/{size}/66745_2.png",
        "post_count": 1,
        "primary_group_name": "ds-students",
        "flair_name": "ds-students",
        "flair_url": null,
        "flair_color": "",
        "flair_bg_color": "",
        "flair_group_id": 294,
        "trust_level": 1
      },
      {
        "id": 15651,
        "username": "Jivraj",
        "name": "Jivraj Singh Shekhawat",
        "avatar_template": "https://avatars.discourse-cdn.com/v4/letter/j/b9bd4f/{size}.png",
        "post_count": 1,
        "primary_group_name": "ds-students",
        "flair_name": "ds-students",
        "flair_url": null,
        "flair_color": "",
        "flair_bg_color": "",
        "flair_group_id": 294,
        "trust_level": 2
      }
    ],
    "created_by": {
      "id": 18297,
      "username": "23f1002382",
      "name": "Andrew David",
      "avatar_template": "/user_avatar/discourse.onlinedegree.iitm.ac.in/23f1002382/{size}/68945_2.png"
    },
    "last_poster": {
      "id": 18297,
      "username": "23f1002382",
      "name": "Andrew David",
      "avatar_template": "/user_avatar/discourse.onlinedegree.iitm.ac.in/23f1002382/{size}/68945_2.png"
    },
    "links": [
      {
        "url": "https://github.com/ANdIeCOOl/TDS-Project2-QuestionBank/blob/main/README.md",
        "title": "TDS-Project2-QuestionBank/README.md at main · ANdIeCOOl/TDS-Project2-QuestionBank · GitHub",
        "internal": false,
        "attachment": false,
        "reflection": false,
        "clicks": 72,
        "user_id": 18297,
        "domain": "github.com",
        "root_domain": "github.com"
      },
      {
        "url": "https://discourse.onlinedegree.iitm.ac.in/t/project-2-tds-solver-discussion-thread/169029/3",
        "title": "Project 2 - TDS Solver - Discussion Thread",
        "internal": true,
        "attachment": false,
        "reflection": true,
        "clicks": 2,
        "user_id": 18297,
        "domain": "discourse.onlinedegree.iitm.ac.in",
        "root_domain": "iitm.ac.in"
      }
    ]
  },
  "pending_posts": [],
  "bookmarks": []
}