{
  "post_stream": {
    "posts": [
      {
        "id": 618362,
        "name": "Soham Haldar",
        "username": "SohamHaldar",
        "avatar_template": "/user_avatar/discourse.onlinedegree.iitm.ac.in/sohamhaldar/{size}/66863_2.png",
        "created_at": "2025-04-11T18:38:31.145Z",
        "cooked": "<p>I had been accidentally given a duplicate peer and assigned a new peer on 10th April with the evaluation deadline being 11th April 11:59 PM. I had asked for access to the Google Sheet for question 1 however I have not been given any access and the deadline is up. What to do?</p>",
        "post_number": 1,
        "post_type": 1,
        "posts_count": 4,
        "updated_at": "2025-04-11T18:38:31.145Z",
        "reply_count": 0,
        "reply_to_post_number": null,
        "quote_count": 0,
        "incoming_link_count": 5,
        "reads": 68,
        "readers_count": 67,
        "score": 38.0,
        "yours": false,
        "topic_id": 172471,
        "topic_slug": "what-to-do-if-peer-has-not-allowed-access-and-the-deadline-is-over-for-peer-review-in-project-2",
        "display_username": "Soham Haldar",
        "primary_group_name": "ds-students",
        "flair_name": "ds-students",
        "flair_url": null,
        "flair_bg_color": "",
        "flair_color": "",
        "flair_group_id": 294,
        "badges_granted": [],
        "version": 1,
        "can_edit": false,
        "can_delete": false,
        "can_recover": false,
        "can_see_hidden_post": false,
        "can_wiki": false,
        "read": false,
        "user_title": null,
        "bookmarked": false,
        "actions_summary": [
          {
            "id": 2,
            "can_act": true
          },
          {
            "id": 6,
            "can_act": true
          },
          {
            "id": 3,
            "can_act": true
          },
          {
            "id": 4,
            "can_act": true
          },
          {
            "id": 8,
            "can_act": true
          },
          {
            "id": 10,
            "can_act": true
          },
          {
            "id": 7,
            "can_act": true
          }
        ],
        "moderator": false,
        "admin": false,
        "staff": false,
        "user_id": 20031,
        "hidden": false,
        "trust_level": 0,
        "deleted_at": null,
        "user_deleted": false,
        "edit_reason": null,
        "can_view_edit_history": true,
        "wiki": false,
        "post_url": "/t/what-to-do-if-peer-has-not-allowed-access-and-the-deadline-is-over-for-peer-review-in-project-2/172471/1",
        "user_cakedate": "2023-06-12",
        "reactions": [],
        "current_user_reaction": null,
        "reaction_users_count": 0,
        "current_user_used_main_reaction": false,
        "can_accept_answer": false,
        "can_unaccept_answer": false,
        "accepted_answer": false,
        "topic_accepted_answer": true,
        "can_vote": false
      },
      {
        "id": 618377,
        "name": "Tanya kamboj",
        "username": "21f3000745",
        "avatar_template": "/user_avatar/discourse.onlinedegree.iitm.ac.in/21f3000745/{size}/638_2.png",
        "created_at": "2025-04-11T19:43:56.820Z",
        "cooked": "<p>Yes, same for me the links i got has not been accessed to me. I mailed regarding this. So i filled form for most of the peers. I was waiting for the response but didnt get any.</p>",
        "post_number": 2,
        "post_type": 1,
        "posts_count": 4,
        "updated_at": "2025-04-11T19:43:56.820Z",
        "reply_count": 1,
        "reply_to_post_number": null,
        "quote_count": 0,
        "incoming_link_count": 0,
        "reads": 65,
        "readers_count": 64,
        "score": 17.4,
        "yours": false,
        "topic_id": 172471,
        "topic_slug": "what-to-do-if-peer-has-not-allowed-access-and-the-deadline-is-over-for-peer-review-in-project-2",
        "display_username": "Tanya kamboj",
        "primary_group_name": "ds-students",
        "flair_name": "ds-students",
        "flair_url": null,
        "flair_bg_color": "",
        "flair_color": "",
        "flair_group_id": 294,
        "badges_granted": [],
        "version": 1,
        "can_edit": false,
        "can_delete": false,
        "can_recover": false,
        "can_see_hidden_post": false,
        "can_wiki": false,
        "read": false,
        "user_title": null,
        "bookmarked": false,
        "actions_summary": [
          {
            "id": 2,
            "can_act": true
          },
          {
            "id": 6,
            "can_act": true
          },
          {
            "id": 3,
            "can_act": true
          },
          {
            "id": 4,
            "can_act": true
          },
          {
            "id": 8,
            "can_act": true
          },
          {
            "id": 10,
            "can_act": true
          },
          {
            "id": 7,
            "can_act": true
          }
        ],
        "moderator": false,
        "admin": false,
        "staff": false,
        "user_id": 7742,
        "hidden": false,
        "trust_level": 1,
        "deleted_at": null,
        "user_deleted": false,
        "edit_reason": null,
        "can_view_edit_history": true,
        "wiki": false,
        "post_url": "/t/what-to-do-if-peer-has-not-allowed-access-and-the-deadline-is-over-for-peer-review-in-project-2/172471/2",
        "user_cakedate": "2021-10-08",
        "reactions": [],
        "current_user_reaction": null,
        "reaction_users_count": 0,
        "current_user_used_main_reaction": false,
        "can_accept_answer": false,
        "can_unaccept_answer": false,
        "accepted_answer": false,
        "topic_accepted_answer": true
      },
      {
        "id": 618411,
        "name": "Carlton D'Silva",
        "username": "carlton",
        "avatar_template": "/user_avatar/discourse.onlinedegree.iitm.ac.in/carlton/{size}/56317_2.png",
        "created_at": "2025-04-12T03:33:08.547Z",
        "cooked": "<p><a class=\"mention\" href=\"/u/sohamhaldar\">@SohamHaldar</a> <a class=\"mention\" href=\"/u/21f3000745\">@21f3000745</a> We had sent out an email with an extra non - duplicate peer and extended the deadline by a day to accommodate reviewing the extra peer. Please check your email with the subject.<br>\n[TDS Jan 25] Bonus peer</p>",
        "post_number": 3,
        "post_type": 1,
        "posts_count": 4,
        "updated_at": "2025-04-12T03:33:08.547Z",
        "reply_count": 1,
        "reply_to_post_number": 2,
        "quote_count": 0,
        "incoming_link_count": 0,
        "reads": 61,
        "readers_count": 60,
        "score": 16.6,
        "yours": false,
        "topic_id": 172471,
        "topic_slug": "what-to-do-if-peer-has-not-allowed-access-and-the-deadline-is-over-for-peer-review-in-project-2",
        "display_username": "Carlton D'Silva",
        "primary_group_name": "ds-students",
        "flair_name": "ds-students",
        "flair_url": null,
        "flair_bg_color": "",
        "flair_color": "",
        "flair_group_id": 294,
        "badges_granted": [],
        "version": 1,
        "can_edit": false,
        "can_delete": false,
        "can_recover": false,
        "can_see_hidden_post": false,
        "can_wiki": false,
        "read": false,
        "user_title": "Regular",
        "title_is_group": false,
        "reply_to_user": {
          "id": 7742,
          "username": "21f3000745",
          "name": "Tanya kamboj",
          "avatar_template": "/user_avatar/discourse.onlinedegree.iitm.ac.in/21f3000745/{size}/638_2.png"
        },
        "bookmarked": false,
        "actions_summary": [
          {
            "id": 2,
            "can_act": true
          },
          {
            "id": 6,
            "can_act": true
          },
          {
            "id": 3,
            "can_act": true
          },
          {
            "id": 4,
            "can_act": true
          },
          {
            "id": 8,
            "can_act": true
          },
          {
            "id": 10,
            "can_act": true
          },
          {
            "id": 7,
            "can_act": true
          }
        ],
        "moderator": false,
        "admin": false,
        "staff": false,
        "group_moderator": true,
        "user_id": 16094,
        "hidden": false,
        "trust_level": 3,
        "deleted_at": null,
        "user_deleted": false,
        "edit_reason": null,
        "can_view_edit_history": true,
        "wiki": false,
        "post_url": "/t/what-to-do-if-peer-has-not-allowed-access-and-the-deadline-is-over-for-peer-review-in-project-2/172471/3",
        "user_cakedate": "2023-01-25",
        "reactions": [],
        "current_user_reaction": null,
        "reaction_users_count": 0,
        "current_user_used_main_reaction": false,
        "can_accept_answer": false,
        "can_unaccept_answer": false,
        "accepted_answer": true,
        "topic_accepted_answer": true
      },
      {
        "id": 618557,
        "name": "Soham Haldar",
        "username": "SohamHaldar",
        "avatar_template": "/user_avatar/discourse.onlinedegree.iitm.ac.in/sohamhaldar/{size}/66863_2.png",
        "created_at": "2025-04-12T08:37:29.024Z",
        "cooked": "<p>Yes sir, but therein lies the problem, this extra peer (atleast for me) did not give me access to his Google Sheets and now the deadline is over and I could not submit a blank Google form.</p>",
        "post_number": 4,
        "post_type": 1,
        "posts_count": 4,
        "updated_at": "2025-04-12T08:37:29.024Z",
        "reply_count": 0,
        "reply_to_post_number": 3,
        "quote_count": 0,
        "incoming_link_count": 0,
        "reads": 52,
        "readers_count": 51,
        "score": 9.6,
        "yours": false,
        "topic_id": 172471,
        "topic_slug": "what-to-do-if-peer-has-not-allowed-access-and-the-deadline-is-over-for-peer-review-in-project-2",
        "display_username": "Soham Haldar",
        "primary_group_name": "ds-students",
        "flair_name": "ds-students",
        "flair_url": null,
        "flair_bg_color": "",
        "flair_color": "",
        "flair_group_id": 294,
        "badges_granted": [],
        "version": 1,
        "can_edit": false,
        "can_delete": false,
        "can_recover": false,
        "can_see_hidden_post": false,
        "can_wiki": false,
        "read": false,
        "user_title": null,
        "reply_to_user": {
          "id": 16094,
          "username": "carlton",
          "name": "Carlton D'Silva",
          "avatar_template": "/user_avatar/discourse.onlinedegree.iitm.ac.in/carlton/{size}/56317_2.png"
        },
        "bookmarked": false,
        "actions_summary": [
          {
            "id": 2,
            "can_act": true
          },
          {
            "id": 6,
            "can_act": true
          },
          {
            "id": 3,
            "can_act": true
          },
          {
            "id": 4,
            "can_act": true
          },
          {
            "id": 8,
            "can_act": true
          },
          {
            "id": 10,
            "can_act": true
          },
          {
            "id": 7,
            "can_act": true
          }
        ],
        "moderator": false,
        "admin": false,
        "staff": false,
        "user_id": 20031,
        "hidden": false,
        "trust_level": 0,
        "deleted_at": null,
        "user_deleted": false,
        "edit_reason": null,
        "can_view_edit_history": true,
        "wiki": false,
        "post_url": "/t/what-to-do-if-peer-has-not-allowed-access-and-the-deadline-is-over-for-peer-review-in-project-2/172471/4",
        "user_cakedate": "2023-06-12",
        "reactions": [],
        "current_user_reaction": null,
        "reaction_users_count": 0,
        "current_user_used_main_reaction": false,
        "can_accept_answer": false,
        "can_unaccept_answer": false,
        "accepted_answer": false,
        "topic_accepted_answer": true
      }
    ],
    "stream": [
      618362,
      618377,
      618411,
      618557
    ]
  },
  "timeline_lookup": [
    [
      1,
      50
    ],
    [
      4,
      49
    ]
  ],
  "suggested_topics": [
    {
      "id": 173524,
      "title": "GA1 - Development Tools - Discussion Thread [TDS May 2025]",
      "fancy_title": "GA1 - Development Tools - Discussion Thread [TDS May 2025]",
      "slug": "ga1-development-tools-discussion-thread-tds-may-2025",
      "posts_count": 80,
      "reply_count": 51,
      "highest_post_number": 85,
      "image_url": null,
      "created_at": "2025-05-01T11:39:00.734Z",
      "last_posted_at": "2025-05-31T15:34:18.368Z",
      "bumped": true,
      "bumped_at": "2025-05-31T15:34:18.368Z",
      "archetype": "regular",
      "unseen": false,
      "last_read_post_number": 82,
      "unread": 0,
      "new_posts": 3,
      "unread_posts": 3,
      "pinned": false,
      "unpinned": null,
      "visible": true,
      "closed": false,
      "archived": false,
      "notification_level": 2,
      "bookmarked": false,
      "liked": false,
      "tags": [
        "term2-2025",
        "graded-assignment"
      ],
      "tags_descriptions": {},
      "like_count": 25,
      "views": 1155,
      "category_id": 34,
      "featured_link": null,
      "has_accepted_answer": false,
      "posters": [
        {
          "extras": null,
          "description": "Original Poster",
          "user": {
            "id": 9419,
            "username": "s.anand",
            "name": "Anand S",
            "avatar_template": "/user_avatar/discourse.onlinedegree.iitm.ac.in/s.anand/{size}/15264_2.png",
            "primary_group_name": "faculty",
            "flair_name": "faculty",
            "flair_url": "chalkboard-user",
            "flair_bg_color": "f2c26e",
            "flair_color": "000",
            "flair_group_id": 54,
            "trust_level": 4
          }
        },
        {
          "extras": null,
          "description": "Frequent Poster",
          "user": {
            "id": 22472,
            "username": "Advaith52",
            "name": "Advaith Sanil Kumar",
            "avatar_template": "/user_avatar/discourse.onlinedegree.iitm.ac.in/advaith52/{size}/67172_2.png",
            "primary_group_name": "ds-students",
            "flair_name": "ds-students",
            "flair_group_id": 294,
            "trust_level": 1
          }
        },
        {
          "extras": null,
          "description": "Frequent Poster",
          "user": {
            "id": 16094,
            "username": "carlton",
            "name": "Carlton D'Silva",
            "avatar_template": "/user_avatar/discourse.onlinedegree.iitm.ac.in/carlton/{size}/56317_2.png",
            "primary_group_name": "ds-students",
            "flair_name": "ds-students",
            "flair_group_id": 294,
            "trust_level": 3
          }
        },
        {
          "extras": null,
          "description": "Frequent Poster",
          "user": {
            "id": 15658,
            "username": "HritikRoshan_HRM",
            "name": "HRITIK ROSHAN MAURYA",
            "avatar_template": "/user_avatar/discourse.onlinedegree.iitm.ac.in/hritikroshan_hrm/{size}/66975_2.png",
            "primary_group_name": "ds-students",
            "flair_name": "ds-students",
            "flair_group_id": 294,
            "trust_level": 1
          }
        },
        {
          "extras": "latest",
          "description": "Most Recent Poster",
          "user": {
            "id": 12914,
            "username": "iAnimeshS",
            "name": "Animesh",
            "avatar_template": "/user_avatar/discourse.onlinedegree.iitm.ac.in/ianimeshs/{size}/12415_2.png",
            "primary_group_name": "ds-students",
            "flair_name": "ds-students",
            "flair_group_id": 294,
            "trust_level": 1
          }
        }
      ]
    },
    {
      "id": 176789,
      "title": "Vercel deployement error",
      "fancy_title": "Vercel deployement error",
      "slug": "vercel-deployement-error",
      "posts_count": 1,
      "reply_count": 0,
      "highest_post_number": 1,
      "image_url": null,
      "created_at": "2025-05-31T11:55:22.507Z",
      "last_posted_at": "2025-05-31T11:55:22.708Z",
      "bumped": true,
      "bumped_at": "2025-05-31T11:55:22.708Z",
      "archetype": "regular",
      "unseen": true,
      "pinned": false,
      "unpinned": null,
      "visible": true,
      "closed": false,
      "archived": false,
      "bookmarked": null,
      "liked": null,
      "tags": [
        "diploma-level",
        "term2-2025"
      ],
      "tags_descriptions": {},
      "like_count": 0,
      "views": 9,
      "category_id": 34,
      "featured_link": null,
      "has_accepted_answer": false,
      "posters": [
        {
          "extras": "latest single",
          "description": "Original Poster, Most Recent Poster",
          "user": {
            "id": 25506,
            "username": "23f3003724",
            "name": "Vedika Gupta",
            "avatar_template": "/user_avatar/discourse.onlinedegree.iitm.ac.in/23f3003724/{size}/68806_2.png",
            "primary_group_name": "ds-students",
            "flair_name": "ds-students",
            "flair_group_id": 294,
            "trust_level": 1
          }
        }
      ]
    }
  ],
  "tags": [
    "clarification"
  ],
  "tags_descriptions": {},
  "id": 172471,
  "title": "What to do if peer has not allowed access and the deadline is over for peer review in Project 2",
  "fancy_title": "What to do if peer has not allowed access and the deadline is over for peer review in Project 2",
  "posts_count": 4,
  "created_at": "2025-04-11T18:38:30.975Z",
  "views": 81,
  "reply_count": 2,
  "like_count": 0,
  "last_posted_at": "2025-04-12T08:37:29.024Z",
  "visible": true,
  "closed": false,
  "archived": false,
  "has_summary": false,
  "archetype": "regular",
  "slug": "what-to-do-if-peer-has-not-allowed-access-and-the-deadline-is-over-for-peer-review-in-project-2",
  "category_id": 34,
  "word_count": 167,
  "deleted_at": null,
  "user_id": 20031,
  "featured_link": null,
  "pinned_globally": false,
  "pinned_at": null,
  "pinned_until": null,
  "image_url": null,
  "slow_mode_seconds": 0,
  "draft": null,
  "draft_key": "topic_172471",
  "draft_sequence": 0,
  "unpinned": null,
  "pinned": false,
  "current_post_number": 1,
  "highest_post_number": 4,
  "deleted_by": null,
  "actions_summary": [
    {
      "id": 4,
      "count": 0,
      "hidden": false,
      "can_act": true
    },
    {
      "id": 8,
      "count": 0,
      "hidden": false,
      "can_act": true
    },
    {
      "id": 10,
      "count": 0,
      "hidden": false,
      "can_act": true
    },
    {
      "id": 7,
      "count": 0,
      "hidden": false,
      "can_act": true
    }
  ],
  "chunk_size": 20,
  "bookmarked": false,
  "topic_timer": null,
  "message_bus_last_id": 0,
  "participant_count": 3,
  "show_read_indicator": false,
  "thumbnails": null,
  "slow_mode_enabled_until": null,
  "tags_disable_ads": false,
  "related_topics": [
    {
      "id": 171541,
      "title": "Peer review clarificaiton",
      "fancy_title": "Peer review clarificaiton",
      "slug": "peer-review-clarificaiton",
      "posts_count": 5,
      "reply_count": 0,
      "highest_post_number": 5,
      "image_url": null,
      "created_at": "2025-04-01T17:58:36.436Z",
      "last_posted_at": "2025-04-04T05:37:33.980Z",
      "bumped": true,
      "bumped_at": "2025-04-04T05:37:33.980Z",
      "archetype": "regular",
      "unseen": false,
      "pinned": false,
      "unpinned": null,
      "visible": true,
      "closed": false,
      "archived": false,
      "bookmarked": null,
      "liked": null,
      "tags": [
        "clarification"
      ],
      "tags_descriptions": {},
      "like_count": 0,
      "views": 85,
      "category_id": 34,
      "featured_link": null,
      "has_accepted_answer": false,
      "posters": [
        {
          "extras": null,
          "description": "Original Poster",
          "user": {
            "id": 31621,
            "username": "AbhinavOhri",
            "name": "Abhinav",
            "avatar_template": "/user_avatar/discourse.onlinedegree.iitm.ac.in/abhinavohri/{size}/66966_2.png",
            "primary_group_name": "ds-students",
            "flair_name": "ds-students",
            "flair_group_id": 294,
            "trust_level": 1
          }
        },
        {
          "extras": null,
          "description": "Frequent Poster",
          "user": {
            "id": 26538,
            "username": "parthivn28",
            "name": "Parthiv",
            "avatar_template": "/user_avatar/discourse.onlinedegree.iitm.ac.in/parthivn28/{size}/132632_2.png",
            "primary_group_name": "ds-students",
            "flair_name": "ds-students",
            "flair_group_id": 294,
            "trust_level": 1
          }
        },
        {
          "extras": null,
          "description": "Frequent Poster",
          "user": {
            "id": 16094,
            "username": "carlton",
            "name": "Carlton D'Silva",
            "avatar_template": "/user_avatar/discourse.onlinedegree.iitm.ac.in/carlton/{size}/56317_2.png",
            "primary_group_name": "ds-students",
            "flair_name": "ds-students",
            "flair_group_id": 294,
            "trust_level": 3
          }
        },
        {
          "extras": null,
          "description": "Frequent Poster",
          "user": {
            "id": 26889,
            "username": "_Riddhi",
            "name": "Riddhi Chatterjee",
            "avatar_template": "/user_avatar/discourse.onlinedegree.iitm.ac.in/_riddhi/{size}/67270_2.png",
            "primary_group_name": "ds-students",
            "flair_name": "ds-students",
            "flair_group_id": 294,
            "trust_level": 1
          }
        },
        {
          "extras": "latest",
          "description": "Most Recent Poster",
          "user": {
            "id": 15817,
            "username": "22f3001832",
            "name": "Aryan Kohli",
            "avatar_template": "/user_avatar/discourse.onlinedegree.iitm.ac.in/22f3001832/{size}/97892_2.png",
            "primary_group_name": "ds-students",
            "flair_name": "ds-students",
            "flair_group_id": 294,
            "trust_level": 1
          }
        }
      ]
    },
    {
      "id": 141159,
      "title": "I cant access my third project to review because the person has not given public access",
      "fancy_title": "I cant access my third project to review because the person has not given public access",
      "slug": "i-cant-access-my-third-project-to-review-because-the-person-has-not-given-public-access",
      "posts_count": 6,
      "reply_count": 1,
      "highest_post_number": 6,
      "image_url": null,
      "created_at": "2024-07-27T05:45:26.251Z",
      "last_posted_at": "2024-07-27T13:19:05.328Z",
      "bumped": true,
      "bumped_at": "2024-07-27T13:19:05.328Z",
      "archetype": "regular",
      "unseen": false,
      "pinned": false,
      "unpinned": null,
      "visible": true,
      "closed": false,
      "archived": false,
      "bookmarked": null,
      "liked": null,
      "tags": [
        "clarification",
        "miscellaneous"
      ],
      "tags_descriptions": {},
      "like_count": 0,
      "views": 42,
      "category_id": 34,
      "featured_link": null,
      "has_accepted_answer": false,
      "posters": [
        {
          "extras": null,
          "description": "Original Poster",
          "user": {
            "id": 24453,
            "username": "22f3001534",
            "name": "Divyansh Tiwari",
            "avatar_template": "/user_avatar/discourse.onlinedegree.iitm.ac.in/22f3001534/{size}/68126_2.png",
            "primary_group_name": "ds-students",
            "flair_name": "ds-students",
            "flair_group_id": 294,
            "trust_level": 1
          }
        },
        {
          "extras": null,
          "description": "Frequent Poster",
          "user": {
            "id": 13240,
            "username": "nsr333",
            "name": "Sivarajan N",
            "avatar_template": "/user_avatar/discourse.onlinedegree.iitm.ac.in/nsr333/{size}/91954_2.png",
            "primary_group_name": "ds-students",
            "flair_name": "ds-students",
            "flair_group_id": 294,
            "trust_level": 1
          }
        },
        {
          "extras": null,
          "description": "Frequent Poster",
          "user": {
            "id": 13078,
            "username": "Saransh_Saini",
            "name": "Saransh Saini",
            "avatar_template": "/user_avatar/discourse.onlinedegree.iitm.ac.in/saransh_saini/{size}/123495_2.png",
            "primary_group_name": "ds-students",
            "flair_name": "ds-students",
            "flair_group_id": 294,
            "trust_level": 1
          }
        },
        {
          "extras": null,
          "description": "Frequent Poster",
          "user": {
            "id": 6563,
            "username": "21f3000759",
            "name": "Swati Jain",
            "avatar_template": "/user_avatar/discourse.onlinedegree.iitm.ac.in/21f3000759/{size}/23528_2.png",
            "primary_group_name": "ds-students",
            "flair_name": "ds-students",
            "flair_group_id": 294,
            "trust_level": 1
          }
        },
        {
          "extras": "latest",
          "description": "Most Recent Poster",
          "user": {
            "id": 19950,
            "username": "Shrinidhi7",
            "name": "Shrinidhi Kumar ",
            "avatar_template": "/user_avatar/discourse.onlinedegree.iitm.ac.in/shrinidhi7/{size}/66754_2.png",
            "primary_group_name": "ds-students",
            "flair_name": "ds-students",
            "flair_group_id": 294,
            "trust_level": 1
          }
        }
      ]
    },
    {
      "id": 141245,
      "title": "TDS Project 1 Peer Review Deadline Date",
      "fancy_title": "TDS Project 1 Peer Review Deadline Date",
      "slug": "tds-project-1-peer-review-deadline-date",
      "posts_count": 10,
      "reply_count": 3,
      "highest_post_number": 10,
      "image_url": null,
      "created_at": "2024-07-27T19:09:31.077Z",
      "last_posted_at": "2024-07-31T04:48:39.861Z",
      "bumped": true,
      "bumped_at": "2024-07-31T04:48:39.861Z",
      "archetype": "regular",
      "unseen": false,
      "pinned": false,
      "unpinned": null,
      "visible": true,
      "closed": false,
      "archived": false,
      "bookmarked": null,
      "liked": null,
      "tags": [
        "tds-project-1"
      ],
      "tags_descriptions": {},
      "like_count": 7,
      "views": 135,
      "category_id": 34,
      "featured_link": null,
      "has_accepted_answer": false,
      "posters": [
        {
          "extras": null,
          "description": "Original Poster",
          "user": {
            "id": 24620,
            "username": "22f3003197",
            "name": "SHREYAS S",
            "avatar_template": "/user_avatar/discourse.onlinedegree.iitm.ac.in/22f3003197/{size}/66738_2.png",
            "primary_group_name": "ds-students",
            "flair_name": "ds-students",
            "flair_group_id": 294,
            "trust_level": 0
          }
        },
        {
          "extras": null,
          "description": "Frequent Poster",
          "user": {
            "id": 9432,
            "username": "22f1000044",
            "name": "Nandini Singh",
            "avatar_template": "/user_avatar/discourse.onlinedegree.iitm.ac.in/22f1000044/{size}/15046_2.png",
            "primary_group_name": "ds-students",
            "flair_name": "ds-students",
            "flair_group_id": 294,
            "trust_level": 1
          }
        },
        {
          "extras": null,
          "description": "Frequent Poster",
          "user": {
            "id": 12620,
            "username": "shruthiB",
            "name": "Shruthi B",
            "avatar_template": "/user_avatar/discourse.onlinedegree.iitm.ac.in/shruthib/{size}/92643_2.png",
            "primary_group_name": "ds-students",
            "flair_name": "ds-students",
            "flair_group_id": 294,
            "trust_level": 1
          }
        },
        {
          "extras": null,
          "description": "Frequent Poster",
          "user": {
            "id": 22458,
            "username": "Aditya27",
            "name": "Mukund",
            "avatar_template": "/user_avatar/discourse.onlinedegree.iitm.ac.in/aditya27/{size}/67200_2.png",
            "primary_group_name": "ds-students",
            "flair_name": "ds-students",
            "flair_group_id": 294,
            "trust_level": 1
          }
        },
        {
          "extras": "latest",
          "description": "Most Recent Poster",
          "user": {
            "id": 15826,
            "username": "iitmanupam",
            "name": "Anupam Chandra",
            "avatar_template": "/user_avatar/discourse.onlinedegree.iitm.ac.in/iitmanupam/{size}/56694_2.png",
            "primary_group_name": "ds-students",
            "flair_name": "ds-students",
            "flair_group_id": 294,
            "trust_level": 2
          }
        }
      ]
    },
    {
      "id": 141584,
      "title": "Peer review pending",
      "fancy_title": "Peer review pending",
      "slug": "peer-review-pending",
      "posts_count": 3,
      "reply_count": 1,
      "highest_post_number": 3,
      "image_url": null,
      "created_at": "2024-07-30T11:14:45.507Z",
      "last_posted_at": "2024-07-31T03:28:41.210Z",
      "bumped": true,
      "bumped_at": "2024-07-31T03:28:41.210Z",
      "archetype": "regular",
      "unseen": false,
      "pinned": false,
      "unpinned": null,
      "visible": true,
      "closed": false,
      "archived": false,
      "bookmarked": null,
      "liked": null,
      "tags": [
        "clarification"
      ],
      "tags_descriptions": {},
      "like_count": 1,
      "views": 43,
      "category_id": 34,
      "featured_link": null,
      "has_accepted_answer": true,
      "posters": [
        {
          "extras": null,
          "description": "Original Poster",
          "user": {
            "id": 19251,
            "username": "23f1001749",
            "name": "Smita Dhadhal",
            "avatar_template": "/user_avatar/discourse.onlinedegree.iitm.ac.in/23f1001749/{size}/107968_2.png",
            "primary_group_name": "ds-students",
            "flair_name": "ds-students",
            "flair_group_id": 294,
            "trust_level": 1
          }
        },
        {
          "extras": "latest",
          "description": "Most Recent Poster, Accepted Answer",
          "user": {
            "id": 16094,
            "username": "carlton",
            "name": "Carlton D'Silva",
            "avatar_template": "/user_avatar/discourse.onlinedegree.iitm.ac.in/carlton/{size}/56317_2.png",
            "primary_group_name": "ds-students",
            "flair_name": "ds-students",
            "flair_group_id": 294,
            "trust_level": 3
          }
        },
        {
          "extras": null,
          "description": "Frequent Poster",
          "user": {
            "id": 6563,
            "username": "21f3000759",
            "name": "Swati Jain",
            "avatar_template": "/user_avatar/discourse.onlinedegree.iitm.ac.in/21f3000759/{size}/23528_2.png",
            "primary_group_name": "ds-students",
            "flair_name": "ds-students",
            "flair_group_id": 294,
            "trust_level": 1
          }
        }
      ]
    },
    {
      "id": 141233,
      "title": "TDS Project 1 Peer review",
      "fancy_title": "TDS Project 1 Peer review",
      "slug": "tds-project-1-peer-review",
      "posts_count": 2,
      "reply_count": 0,
      "highest_post_number": 2,
      "image_url": null,
      "created_at": "2024-07-27T17:00:55.016Z",
      "last_posted_at": "2024-07-27T18:22:52.085Z",
      "bumped": true,
      "bumped_at": "2024-07-27T18:22:52.085Z",
      "archetype": "regular",
      "unseen": false,
      "pinned": false,
      "unpinned": null,
      "visible": true,
      "closed": false,
      "archived": false,
      "bookmarked": null,
      "liked": null,
      "tags": [
        "clarification"
      ],
      "tags_descriptions": {},
      "like_count": 0,
      "views": 45,
      "category_id": 34,
      "featured_link": null,
      "has_accepted_answer": false,
      "posters": [
        {
          "extras": null,
          "description": "Original Poster",
          "user": {
            "id": 23576,
            "username": "23ds3000223",
            "name": "Anusha Chaudhury ",
            "avatar_template": "/user_avatar/discourse.onlinedegree.iitm.ac.in/23ds3000223/{size}/67379_2.png",
            "primary_group_name": "ds-students",
            "flair_name": "ds-students",
            "flair_group_id": 294,
            "trust_level": 1
          }
        },
        {
          "extras": "latest",
          "description": "Most Recent Poster",
          "user": {
            "id": 11330,
            "username": "21f3001740",
            "name": "Aditya Swaroop",
            "avatar_template": "/user_avatar/discourse.onlinedegree.iitm.ac.in/21f3001740/{size}/35806_2.png",
            "primary_group_name": "ds-students",
            "flair_name": "ds-students",
            "flair_group_id": 294,
            "trust_level": 1
          }
        }
      ]
    }
  ],
  "summarizable": false,
  "valid_reactions": [
    "heart",
    "+1",
    "laughing",
    "open_mouth",
    "clap",
    "confetti_ball",
    "rocket",
    "-1"
  ],
  "accepted_answer": {
    "post_number": 3,
    "username": "carlton",
    "name": null,
    "excerpt": "<a class=\"mention\" href=\"/u/sohamhaldar\">@SohamHaldar</a> <a class=\"mention\" href=\"/u/21f3000745\">@21f3000745</a> We had sent out an email with an extra non - duplicate peer and extended the deadline by a day to accommodate reviewing the extra peer. Please check your email with the subject. \n[TDS Jan 25] Bonus peer",
    "accepter_name": null,
    "accepter_username": "carlton"
  },
  "can_vote": false,
  "vote_count": 0,
  "user_voted": false,
  "discourse_zendesk_plugin_zendesk_id": null,
  "discourse_zendesk_plugin_zendesk_url": "https://your-url.zendesk.com/agent/tickets/",
  "details": {
    "can_edit": false,
    "notification_level": 1,
    "can_create_post": true,
    "can_reply_as_new_topic": true,
    "can_flag_topic": true,
    "participants": [
      {
        "id": 20031,
        "username": "SohamHaldar",
        "name": "Soham Haldar",
        "avatar_template": "/user_avatar/discourse.onlinedegree.iitm.ac.in/sohamhaldar/{size}/66863_2.png",
        "post_count": 2,
        "primary_group_name": "ds-students",
        "flair_name": "ds-students",
        "flair_url": null,
        "flair_color": "",
        "flair_bg_color": "",
        "flair_group_id": 294,
        "trust_level": 0
      },
      {
        "id": 7742,
        "username": "21f3000745",
        "name": "Tanya kamboj",
        "avatar_template": "/user_avatar/discourse.onlinedegree.iitm.ac.in/21f3000745/{size}/638_2.png",
        "post_count": 1,
        "primary_group_name": "ds-students",
        "flair_name": "ds-students",
        "flair_url": null,
        "flair_color": "",
        "flair_bg_color": "",
        "flair_group_id": 294,
        "trust_level": 1
      },
      {
        "id": 16094,
        "username": "carlton",
        "name": "Carlton D'Silva",
        "avatar_template": "/user_avatar/discourse.onlinedegree.iitm.ac.in/carlton/{size}/56317_2.png",
        "post_count": 1,
        "primary_group_name": "ds-students",
        "flair_name": "ds-students",
        "flair_url": null,
        "flair_color": "",
        "flair_bg_color": "",
        "flair_group_id": 294,
        "trust_level": 3
      }
    ],
    "created_by": {
      "id": 20031,
      "username": "SohamHaldar",
      "name": "Soham Haldar",
      "avatar_template": "/user_avatar/discourse.onlinedegree.iitm.ac.in/sohamhaldar/{size}/66863_2.png"
    },
    "last_poster": {
      "id": 20031,
      "username": "SohamHaldar",
      "name": "Soham Haldar",
      "avatar_template": "/user_avatar/discourse.onlinedegree.iitm.ac.in/sohamhaldar/{size}/66863_2.png"
    }
  },
  "pending_posts": [],
  "bookmarks": []
}