{
  "post_stream": {
    "posts": [
      {
        "id": 590718,
        "name": "HariOm Pandey",
        "username": "21f3002112",
        "avatar_template": "/user_avatar/discourse.onlinedegree.iitm.ac.in/21f3002112/{size}/584_2.png",
        "created_at": "2025-02-05T05:04:10.385Z",
        "cooked": "<p>The lectures primarily focus on surface-level explanations without ensuring a strong foundational understanding of the topics. Key concepts, such as Large Language Models (LLMs) and related technologies, are not explained in a structured manner, making it difficult for students to follow.</p>",
        "post_number": 1,
        "post_type": 1,
        "posts_count": 3,
        "updated_at": "2025-02-05T05:04:10.385Z",
        "reply_count": 0,
        "reply_to_post_number": null,
        "quote_count": 0,
        "incoming_link_count": 2,
        "reads": 75,
        "readers_count": 74,
        "score": 24.6,
        "yours": false,
        "topic_id": 166303,
        "topic_slug": "llm-what-rocket-science-going-on-here",
        "display_username": "HariOm Pandey",
        "primary_group_name": "ds-students",
        "flair_name": "ds-students",
        "flair_url": null,
        "flair_bg_color": "",
        "flair_color": "",
        "flair_group_id": 294,
        "badges_granted": [],
        "version": 1,
        "can_edit": false,
        "can_delete": false,
        "can_recover": false,
        "can_see_hidden_post": false,
        "can_wiki": false,
        "read": false,
        "user_title": null,
        "bookmarked": false,
        "actions_summary": [
          {
            "id": 2,
            "can_act": true
          },
          {
            "id": 6,
            "can_act": true
          },
          {
            "id": 3,
            "can_act": true
          },
          {
            "id": 4,
            "can_act": true
          },
          {
            "id": 8,
            "can_act": true
          },
          {
            "id": 10,
            "can_act": true
          },
          {
            "id": 7,
            "can_act": true
          }
        ],
        "moderator": false,
        "admin": false,
        "staff": false,
        "user_id": 8119,
        "hidden": false,
        "trust_level": 1,
        "deleted_at": null,
        "user_deleted": false,
        "edit_reason": null,
        "can_view_edit_history": true,
        "wiki": false,
        "post_url": "/t/llm-what-rocket-science-going-on-here/166303/1",
        "user_cakedate": "2021-12-29",
        "reactions": [],
        "current_user_reaction": null,
        "reaction_users_count": 0,
        "current_user_used_main_reaction": false,
        "can_accept_answer": false,
        "can_unaccept_answer": false,
        "accepted_answer": false,
        "topic_accepted_answer": null,
        "can_vote": false
      },
      {
        "id": 590720,
        "name": "HariOm Pandey",
        "username": "21f3002112",
        "avatar_template": "/user_avatar/discourse.onlinedegree.iitm.ac.in/21f3002112/{size}/584_2.png",
        "created_at": "2025-02-05T05:06:15.787Z",
        "cooked": "<p><a class=\"mention\" href=\"/u/carlton\">@carlton</a> sir i watch live session recording , but still not getting some useful from it , I am talking about week 3 content in llm , these words are never heard by us so please try to tech from basic things please . At least tell us , what is llm and what is use of , everything is going to above of our head .</p>",
        "post_number": 2,
        "post_type": 1,
        "posts_count": 3,
        "updated_at": "2025-02-05T05:15:47.433Z",
        "reply_count": 1,
        "reply_to_post_number": null,
        "quote_count": 0,
        "incoming_link_count": 0,
        "reads": 73,
        "readers_count": 72,
        "score": 34.2,
        "yours": false,
        "topic_id": 166303,
        "topic_slug": "llm-what-rocket-science-going-on-here",
        "display_username": "HariOm Pandey",
        "primary_group_name": "ds-students",
        "flair_name": "ds-students",
        "flair_url": null,
        "flair_bg_color": "",
        "flair_color": "",
        "flair_group_id": 294,
        "badges_granted": [],
        "version": 2,
        "can_edit": false,
        "can_delete": false,
        "can_recover": false,
        "can_see_hidden_post": false,
        "can_wiki": false,
        "read": false,
        "user_title": null,
        "bookmarked": false,
        "actions_summary": [
          {
            "id": 2,
            "count": 1,
            "can_act": true
          },
          {
            "id": 6,
            "can_act": true
          },
          {
            "id": 3,
            "can_act": true
          },
          {
            "id": 4,
            "can_act": true
          },
          {
            "id": 8,
            "can_act": true
          },
          {
            "id": 10,
            "can_act": true
          },
          {
            "id": 7,
            "can_act": true
          }
        ],
        "moderator": false,
        "admin": false,
        "staff": false,
        "user_id": 8119,
        "hidden": false,
        "trust_level": 1,
        "deleted_at": null,
        "user_deleted": false,
        "edit_reason": null,
        "can_view_edit_history": true,
        "wiki": false,
        "post_url": "/t/llm-what-rocket-science-going-on-here/166303/2",
        "user_cakedate": "2021-12-29",
        "reactions": [
          {
            "id": "heart",
            "type": "emoji",
            "count": 1
          }
        ],
        "current_user_reaction": null,
        "reaction_users_count": 1,
        "current_user_used_main_reaction": false,
        "can_accept_answer": false,
        "can_unaccept_answer": false,
        "accepted_answer": false,
        "topic_accepted_answer": null
      },
      {
        "id": 591055,
        "name": "Carlton D'Silva",
        "username": "carlton",
        "avatar_template": "/user_avatar/discourse.onlinedegree.iitm.ac.in/carlton/{size}/56317_2.png",
        "created_at": "2025-02-06T05:49:08.446Z",
        "cooked": "<p>Hi Hari,</p>\n<p>The goal of the course was never to go deep into specific technologies, with perhaps the exception of LLMs as major tooling capability for data science. Due to the volume of the content in the first 3 weeks it was decided to at least get students sufficient information to be able to do the Graded Assignments. One of the criticisms we received last term was that the sessions were too slow because we were covering from the very basics. So it was a conscious decision to speed up and shorten the explanations. Of course this is always difficult to get right because we respond to students in sessions. This is why attending the sessions is more valuable than watching the sessions. We cannot effectively gauge what level to pitch at if the audience is silent or not involved. We can only guess the level of the vast silent mass of students. The quality of sessions only improve when the sessions are interactive and well attended.</p>\n<p>Have you watched this session in particular?</p><div class=\"youtube-onebox lazy-video-container\" data-video-id=\"lmSMQ5LWa30\" data-video-title=\"2025-01-28 Week 3 - Session 1 - TDS Jan 25\" data-video-start-time=\"3133\" data-provider-name=\"youtube\">\n  <a href=\"https://www.youtube.com/watch?v=lmSMQ5LWa30&amp;t=3133\" target=\"_blank\" class=\"video-thumbnail\" rel=\"noopener nofollow ugc\">\n    <img class=\"youtube-thumbnail\" src=\"https://europe1.discourse-cdn.com/flex013/uploads/iitm/original/3X/5/f/5f761086e44617c54e405c03db45772d8428e8df.jpeg\" title=\"2025-01-28 Week 3 - Session 1 - TDS Jan 25\" data-dominant-color=\"595B5F\" width=\"690\" height=\"388\">\n  </a>\n</div>\n\n<p>If thats insufficient for you last term we did a 2hr 48 min session on just introducing it</p><div class=\"youtube-onebox lazy-video-container\" data-video-id=\"3OdReZsvi2w\" data-video-title=\"TA Session 11 July: LLM APi Setup and Use\" data-video-start-time=\"\" data-provider-name=\"youtube\">\n  <a href=\"https://www.youtube.com/watch?v=3OdReZsvi2w\" target=\"_blank\" class=\"video-thumbnail\" rel=\"noopener nofollow ugc\">\n    <img class=\"youtube-thumbnail\" src=\"https://europe1.discourse-cdn.com/flex013/uploads/iitm/original/3X/c/3/c37c79aa38f5d6c672b5a13b4f99a012a7e5da74.jpeg\" title=\"TA Session 11 July: LLM APi Setup and Use\" data-dominant-color=\"844D39\" width=\"690\" height=\"388\">\n  </a>\n</div>\n\n<p>followed by another 2 hour detailed explanation of the more advanced use cases</p><div class=\"youtube-onebox lazy-video-container\" data-video-id=\"ELZf0n_0u9w\" data-video-title=\"&quot;TA session 12 July : week 5 , LLM API and embedding&quot;\" data-video-start-time=\"\" data-provider-name=\"youtube\">\n  <a href=\"https://www.youtube.com/watch?v=ELZf0n_0u9w\" target=\"_blank\" class=\"video-thumbnail\" rel=\"noopener nofollow ugc\">\n    <img class=\"youtube-thumbnail\" src=\"https://europe1.discourse-cdn.com/flex013/uploads/iitm/original/3X/6/f/6f939856a1a40a564cc355f6fd4a217178902967.jpeg\" title=\"&quot;TA session 12 July : week 5 , LLM API and embedding&quot;\" data-dominant-color=\"838585\" width=\"690\" height=\"388\">\n  </a>\n</div>\n\n<p>But of course does everyone want to watch 5.5 hours of sessions to understand it? That depends on the student.</p>\n<p>Ultimately the best you can get out of sessions is by actually attending them because only then can we address gaps in understanding.</p>\n<p>Kind regards</p>",
        "post_number": 3,
        "post_type": 1,
        "posts_count": 3,
        "updated_at": "2025-02-06T05:49:08.446Z",
        "reply_count": 0,
        "reply_to_post_number": 2,
        "quote_count": 0,
        "incoming_link_count": 3,
        "reads": 43,
        "readers_count": 42,
        "score": 38.2,
        "yours": false,
        "topic_id": 166303,
        "topic_slug": "llm-what-rocket-science-going-on-here",
        "display_username": "Carlton D'Silva",
        "primary_group_name": "ds-students",
        "flair_name": "ds-students",
        "flair_url": null,
        "flair_bg_color": "",
        "flair_color": "",
        "flair_group_id": 294,
        "badges_granted": [],
        "version": 1,
        "can_edit": false,
        "can_delete": false,
        "can_recover": false,
        "can_see_hidden_post": false,
        "can_wiki": false,
        "link_counts": [
          {
            "url": "https://www.youtube.com/watch?v=3OdReZsvi2w",
            "internal": false,
            "reflection": false,
            "clicks": 0
          },
          {
            "url": "https://www.youtube.com/watch?v=ELZf0n_0u9w",
            "internal": false,
            "reflection": false,
            "clicks": 0
          },
          {
            "url": "https://www.youtube.com/watch?v=lmSMQ5LWa30",
            "internal": false,
            "reflection": false,
            "clicks": 0
          },
          {
            "url": "https://www.youtube.com/watch?v=lmSMQ5LWa30&t=3133",
            "internal": false,
            "reflection": false,
            "clicks": 0
          }
        ],
        "read": false,
        "user_title": "Regular",
        "title_is_group": false,
        "reply_to_user": {
          "id": 8119,
          "username": "21f3002112",
          "name": "HariOm Pandey",
          "avatar_template": "/user_avatar/discourse.onlinedegree.iitm.ac.in/21f3002112/{size}/584_2.png"
        },
        "bookmarked": false,
        "actions_summary": [
          {
            "id": 2,
            "count": 1,
            "can_act": true
          },
          {
            "id": 6,
            "can_act": true
          },
          {
            "id": 3,
            "can_act": true
          },
          {
            "id": 4,
            "can_act": true
          },
          {
            "id": 8,
            "can_act": true
          },
          {
            "id": 10,
            "can_act": true
          },
          {
            "id": 7,
            "can_act": true
          }
        ],
        "moderator": false,
        "admin": false,
        "staff": false,
        "group_moderator": true,
        "user_id": 16094,
        "hidden": false,
        "trust_level": 3,
        "deleted_at": null,
        "user_deleted": false,
        "edit_reason": null,
        "can_view_edit_history": true,
        "wiki": false,
        "post_url": "/t/llm-what-rocket-science-going-on-here/166303/3",
        "user_cakedate": "2023-01-25",
        "reactions": [
          {
            "id": "heart",
            "type": "emoji",
            "count": 1
          }
        ],
        "current_user_reaction": null,
        "reaction_users_count": 1,
        "current_user_used_main_reaction": false,
        "can_accept_answer": false,
        "can_unaccept_answer": false,
        "accepted_answer": false,
        "topic_accepted_answer": null
      }
    ],
    "stream": [
      590718,
      590720,
      591055
    ]
  },
  "timeline_lookup": [
    [
      1,
      115
    ],
    [
      3,
      114
    ]
  ],
  "suggested_topics": [
    {
      "id": 173524,
      "title": "GA1 - Development Tools - Discussion Thread [TDS May 2025]",
      "fancy_title": "GA1 - Development Tools - Discussion Thread [TDS May 2025]",
      "slug": "ga1-development-tools-discussion-thread-tds-may-2025",
      "posts_count": 80,
      "reply_count": 51,
      "highest_post_number": 85,
      "image_url": null,
      "created_at": "2025-05-01T11:39:00.734Z",
      "last_posted_at": "2025-05-31T15:34:18.368Z",
      "bumped": true,
      "bumped_at": "2025-05-31T15:34:18.368Z",
      "archetype": "regular",
      "unseen": false,
      "last_read_post_number": 82,
      "unread": 0,
      "new_posts": 3,
      "unread_posts": 3,
      "pinned": false,
      "unpinned": null,
      "visible": true,
      "closed": false,
      "archived": false,
      "notification_level": 2,
      "bookmarked": false,
      "liked": false,
      "tags": [
        "term2-2025",
        "graded-assignment"
      ],
      "tags_descriptions": {},
      "like_count": 25,
      "views": 1155,
      "category_id": 34,
      "featured_link": null,
      "has_accepted_answer": false,
      "posters": [
        {
          "extras": null,
          "description": "Original Poster",
          "user": {
            "id": 9419,
            "username": "s.anand",
            "name": "Anand S",
            "avatar_template": "/user_avatar/discourse.onlinedegree.iitm.ac.in/s.anand/{size}/15264_2.png",
            "primary_group_name": "faculty",
            "flair_name": "faculty",
            "flair_url": "chalkboard-user",
            "flair_bg_color": "f2c26e",
            "flair_color": "000",
            "flair_group_id": 54,
            "trust_level": 4
          }
        },
        {
          "extras": null,
          "description": "Frequent Poster",
          "user": {
            "id": 22472,
            "username": "Advaith52",
            "name": "Advaith Sanil Kumar",
            "avatar_template": "/user_avatar/discourse.onlinedegree.iitm.ac.in/advaith52/{size}/67172_2.png",
            "primary_group_name": "ds-students",
            "flair_name": "ds-students",
            "flair_group_id": 294,
            "trust_level": 1
          }
        },
        {
          "extras": null,
          "description": "Frequent Poster",
          "user": {
            "id": 16094,
            "username": "carlton",
            "name": "Carlton D'Silva",
            "avatar_template": "/user_avatar/discourse.onlinedegree.iitm.ac.in/carlton/{size}/56317_2.png",
            "primary_group_name": "ds-students",
            "flair_name": "ds-students",
            "flair_group_id": 294,
            "trust_level": 3
          }
        },
        {
          "extras": null,
          "description": "Frequent Poster",
          "user": {
            "id": 15658,
            "username": "HritikRoshan_HRM",
            "name": "HRITIK ROSHAN MAURYA",
            "avatar_template": "/user_avatar/discourse.onlinedegree.iitm.ac.in/hritikroshan_hrm/{size}/66975_2.png",
            "primary_group_name": "ds-students",
            "flair_name": "ds-students",
            "flair_group_id": 294,
            "trust_level": 1
          }
        },
        {
          "extras": "latest",
          "description": "Most Recent Poster",
          "user": {
            "id": 12914,
            "username": "iAnimeshS",
            "name": "Animesh",
            "avatar_template": "/user_avatar/discourse.onlinedegree.iitm.ac.in/ianimeshs/{size}/12415_2.png",
            "primary_group_name": "ds-students",
            "flair_name": "ds-students",
            "flair_group_id": 294,
            "trust_level": 1
          }
        }
      ]
    },
    {
      "id": 176789,
      "title": "Vercel deployement error",
      "fancy_title": "Vercel deployement error",
      "slug": "vercel-deployement-error",
      "posts_count": 1,
      "reply_count": 0,
      "highest_post_number": 1,
      "image_url": null,
      "created_at": "2025-05-31T11:55:22.507Z",
      "last_posted_at": "2025-05-31T11:55:22.708Z",
      "bumped": true,
      "bumped_at": "2025-05-31T11:55:22.708Z",
      "archetype": "regular",
      "unseen": true,
      "pinned": false,
      "unpinned": null,
      "visible": true,
      "closed": false,
      "archived": false,
      "bookmarked": null,
      "liked": null,
      "tags": [
        "diploma-level",
        "term2-2025"
      ],
      "tags_descriptions": {},
      "like_count": 0,
      "views": 9,
      "category_id": 34,
      "featured_link": null,
      "has_accepted_answer": false,
      "posters": [
        {
          "extras": "latest single",
          "description": "Original Poster, Most Recent Poster",
          "user": {
            "id": 25506,
            "username": "23f3003724",
            "name": "Vedika Gupta",
            "avatar_template": "/user_avatar/discourse.onlinedegree.iitm.ac.in/23f3003724/{size}/68806_2.png",
            "primary_group_name": "ds-students",
            "flair_name": "ds-students",
            "flair_group_id": 294,
            "trust_level": 1
          }
        }
      ]
    }
  ],
  "tags": [
    "diploma-level"
  ],
  "tags_descriptions": {},
  "id": 166303,
  "title": "LLM what rocket science going on here",
  "fancy_title": "LLM what rocket science going on here",
  "posts_count": 3,
  "created_at": "2025-02-05T05:04:10.130Z",
  "views": 88,
  "reply_count": 1,
  "like_count": 2,
  "last_posted_at": "2025-02-06T05:49:08.446Z",
  "visible": true,
  "closed": false,
  "archived": false,
  "has_summary": false,
  "archetype": "regular",
  "slug": "llm-what-rocket-science-going-on-here",
  "category_id": 34,
  "word_count": 373,
  "deleted_at": null,
  "user_id": 8119,
  "featured_link": null,
  "pinned_globally": false,
  "pinned_at": null,
  "pinned_until": null,
  "image_url": null,
  "slow_mode_seconds": 0,
  "draft": null,
  "draft_key": "topic_166303",
  "draft_sequence": 0,
  "unpinned": null,
  "pinned": false,
  "current_post_number": 1,
  "highest_post_number": 3,
  "deleted_by": null,
  "actions_summary": [
    {
      "id": 4,
      "count": 0,
      "hidden": false,
      "can_act": true
    },
    {
      "id": 8,
      "count": 0,
      "hidden": false,
      "can_act": true
    },
    {
      "id": 10,
      "count": 0,
      "hidden": false,
      "can_act": true
    },
    {
      "id": 7,
      "count": 0,
      "hidden": false,
      "can_act": true
    }
  ],
  "chunk_size": 20,
  "bookmarked": false,
  "topic_timer": null,
  "message_bus_last_id": 0,
  "participant_count": 2,
  "show_read_indicator": false,
  "thumbnails": null,
  "slow_mode_enabled_until": null,
  "tags_disable_ads": false,
  "related_topics": [
    {
      "id": 26049,
      "title": "Need help with tools in data science",
      "fancy_title": "Need help with tools in data science",
      "slug": "need-help-with-tools-in-data-science",
      "posts_count": 4,
      "reply_count": 1,
      "highest_post_number": 4,
      "image_url": null,
      "created_at": "2022-01-04T05:50:20.229Z",
      "last_posted_at": "2022-01-05T03:24:00.872Z",
      "bumped": true,
      "bumped_at": "2022-01-05T03:24:00.872Z",
      "archetype": "regular",
      "unseen": false,
      "pinned": false,
      "unpinned": null,
      "visible": true,
      "closed": false,
      "archived": false,
      "bookmarked": null,
      "liked": null,
      "tags": [
        "clarification",
        "week-1",
        "week-2"
      ],
      "tags_descriptions": {},
      "like_count": 12,
      "views": 167,
      "category_id": 34,
      "featured_link": null,
      "has_accepted_answer": true,
      "posters": [
        {
          "extras": "latest",
          "description": "Original Poster, Most Recent Poster",
          "user": {
            "id": 2276,
            "username": "alphaeplisonpi",
            "name": "Steve Richards",
            "avatar_template": "/user_avatar/discourse.onlinedegree.iitm.ac.in/alphaeplisonpi/{size}/2476_2.png",
            "primary_group_name": "ds-students",
            "flair_name": "ds-students",
            "flair_group_id": 294,
            "trust_level": 1
          }
        },
        {
          "extras": null,
          "description": "Frequent Poster, Accepted Answer",
          "user": {
            "id": 933,
            "username": "Anand",
            "name": "Anand Iyer",
            "avatar_template": "/user_avatar/discourse.onlinedegree.iitm.ac.in/anand/{size}/1555_2.png",
            "primary_group_name": "ds-students",
            "flair_name": "ds-students",
            "flair_group_id": 294,
            "trust_level": 2
          }
        },
        {
          "extras": null,
          "description": "Frequent Poster",
          "user": {
            "id": 7906,
            "username": "sathiesh",
            "name": "Sathiesh",
            "avatar_template": "/user_avatar/discourse.onlinedegree.iitm.ac.in/sathiesh/{size}/12463_2.png",
            "primary_group_name": "course_support",
            "flair_name": "course_support",
            "flair_url": "scale-balanced",
            "flair_bg_color": "0040ff",
            "flair_color": "1affc6",
            "flair_group_id": 41,
            "trust_level": 4
          }
        }
      ]
    },
    {
      "id": 160097,
      "title": "My Feedback for this Course",
      "fancy_title": "My Feedback for this Course",
      "slug": "my-feedback-for-this-course",
      "posts_count": 5,
      "reply_count": 1,
      "highest_post_number": 5,
      "image_url": null,
      "created_at": "2024-12-23T10:59:36.850Z",
      "last_posted_at": "2025-04-29T12:31:33.572Z",
      "bumped": true,
      "bumped_at": "2025-04-29T12:31:33.572Z",
      "archetype": "regular",
      "unseen": false,
      "pinned": false,
      "unpinned": null,
      "visible": true,
      "closed": false,
      "archived": false,
      "bookmarked": null,
      "liked": null,
      "tags": [
        "miscellaneous"
      ],
      "tags_descriptions": {},
      "like_count": 3,
      "views": 166,
      "category_id": 34,
      "featured_link": null,
      "has_accepted_answer": false,
      "posters": [
        {
          "extras": "latest",
          "description": "Original Poster, Most Recent Poster",
          "user": {
            "id": 21929,
            "username": "23f1001947",
            "name": "amit_kulkarni",
            "avatar_template": "/user_avatar/discourse.onlinedegree.iitm.ac.in/23f1001947/{size}/133968_2.png",
            "primary_group_name": "ds-students",
            "flair_name": "ds-students",
            "flair_group_id": 294,
            "trust_level": 1
          }
        },
        {
          "extras": null,
          "description": "Frequent Poster",
          "user": {
            "id": 16094,
            "username": "carlton",
            "name": "Carlton D'Silva",
            "avatar_template": "/user_avatar/discourse.onlinedegree.iitm.ac.in/carlton/{size}/56317_2.png",
            "primary_group_name": "ds-students",
            "flair_name": "ds-students",
            "flair_group_id": 294,
            "trust_level": 3
          }
        },
        {
          "extras": null,
          "description": "Frequent Poster",
          "user": {
            "id": 29417,
            "username": "lifelonglearner",
            "name": "Prasad",
            "avatar_template": "/user_avatar/discourse.onlinedegree.iitm.ac.in/lifelonglearner/{size}/67019_2.png",
            "primary_group_name": "ds-students",
            "flair_name": "ds-students",
            "flair_group_id": 294,
            "trust_level": 1
          }
        },
        {
          "extras": null,
          "description": "Frequent Poster",
          "user": {
            "id": 17759,
            "username": "23f1001823",
            "name": "SHOBHIT SHARMA",
            "avatar_template": "/user_avatar/discourse.onlinedegree.iitm.ac.in/23f1001823/{size}/66937_2.png",
            "primary_group_name": "ds-students",
            "flair_name": "ds-students",
            "flair_group_id": 294,
            "trust_level": 1
          }
        }
      ]
    },
    {
      "id": 156882,
      "title": "Tools in Data Science Course Lecture Videos",
      "fancy_title": "Tools in Data Science Course Lecture Videos",
      "slug": "tools-in-data-science-course-lecture-videos",
      "posts_count": 14,
      "reply_count": 9,
      "highest_post_number": 15,
      "image_url": null,
      "created_at": "2024-11-20T03:09:06.155Z",
      "last_posted_at": "2024-11-22T19:14:37.321Z",
      "bumped": true,
      "bumped_at": "2024-11-23T05:14:39.598Z",
      "archetype": "regular",
      "unseen": false,
      "pinned": false,
      "unpinned": null,
      "visible": true,
      "closed": false,
      "archived": false,
      "bookmarked": null,
      "liked": null,
      "tags": [
        "diploma-level",
        "term3-2024"
      ],
      "tags_descriptions": {},
      "like_count": 20,
      "views": 263,
      "category_id": 34,
      "featured_link": null,
      "has_accepted_answer": false,
      "posters": [
        {
          "extras": null,
          "description": "Original Poster",
          "user": {
            "id": 15994,
            "username": "23f1000178",
            "name": "Sridhar S",
            "avatar_template": "/user_avatar/discourse.onlinedegree.iitm.ac.in/23f1000178/{size}/87445_2.png",
            "primary_group_name": "ds-students",
            "flair_name": "ds-students",
            "flair_group_id": 294,
            "trust_level": 1
          }
        },
        {
          "extras": null,
          "description": "Frequent Poster",
          "user": {
            "id": 19342,
            "username": "23ds2000091",
            "name": "S Rajakumari",
            "avatar_template": "/user_avatar/discourse.onlinedegree.iitm.ac.in/23ds2000091/{size}/66833_2.png",
            "primary_group_name": "ds-students",
            "flair_name": "ds-students",
            "flair_group_id": 294,
            "trust_level": 1
          }
        },
        {
          "extras": null,
          "description": "Frequent Poster",
          "user": {
            "id": 16762,
            "username": "22f3003031",
            "name": "Sid",
            "avatar_template": "/user_avatar/discourse.onlinedegree.iitm.ac.in/22f3003031/{size}/94910_2.png",
            "primary_group_name": "ds-students",
            "flair_name": "ds-students",
            "flair_group_id": 294,
            "trust_level": 1
          }
        },
        {
          "extras": null,
          "description": "Frequent Poster",
          "user": {
            "id": 9419,
            "username": "s.anand",
            "name": "Anand S",
            "avatar_template": "/user_avatar/discourse.onlinedegree.iitm.ac.in/s.anand/{size}/15264_2.png",
            "primary_group_name": "faculty",
            "flair_name": "faculty",
            "flair_url": "chalkboard-user",
            "flair_bg_color": "f2c26e",
            "flair_color": "000",
            "flair_group_id": 54,
            "trust_level": 4
          }
        },
        {
          "extras": "latest",
          "description": "Most Recent Poster",
          "user": {
            "id": 40077,
            "username": "24ds3000100",
            "name": "Bahni Roy",
            "avatar_template": "/user_avatar/discourse.onlinedegree.iitm.ac.in/24ds3000100/{size}/113366_2.png",
            "primary_group_name": "ds-students",
            "flair_name": "ds-students",
            "flair_group_id": 294,
            "trust_level": 1
          }
        }
      ]
    },
    {
      "id": 65662,
      "title": "Live sessions issues",
      "fancy_title": "Live sessions issues",
      "slug": "live-sessions-issues",
      "posts_count": 2,
      "reply_count": 0,
      "highest_post_number": 2,
      "image_url": null,
      "created_at": "2022-09-24T15:14:06.371Z",
      "last_posted_at": "2022-09-24T15:52:06.364Z",
      "bumped": true,
      "bumped_at": "2022-09-24T15:52:06.364Z",
      "archetype": "regular",
      "unseen": false,
      "pinned": false,
      "unpinned": null,
      "visible": true,
      "closed": false,
      "archived": false,
      "bookmarked": null,
      "liked": null,
      "tags": [
        "clarification"
      ],
      "tags_descriptions": {},
      "like_count": 3,
      "views": 22,
      "category_id": 33,
      "featured_link": null,
      "has_accepted_answer": false,
      "posters": [
        {
          "extras": null,
          "description": "Original Poster",
          "user": {
            "id": 8391,
            "username": "21f1004594",
            "name": "Amal roy",
            "avatar_template": "/user_avatar/discourse.onlinedegree.iitm.ac.in/21f1004594/{size}/14204_2.png",
            "primary_group_name": "ds-students",
            "flair_name": "ds-students",
            "flair_group_id": 294,
            "trust_level": 1
          }
        },
        {
          "extras": "latest",
          "description": "Most Recent Poster",
          "user": {
            "id": 2,
            "username": "debajyoti",
            "name": "Debajyoti Biswas",
            "avatar_template": "/user_avatar/discourse.onlinedegree.iitm.ac.in/debajyoti/{size}/11_2.png",
            "trust_level": 1
          }
        }
      ]
    },
    {
      "id": 168709,
      "title": "Difficulty in Understanding Lectures – Request for Alternative Learning Options",
      "fancy_title": "Difficulty in Understanding Lectures – Request for Alternative Learning Options",
      "slug": "difficulty-in-understanding-lectures-request-for-alternative-learning-options",
      "posts_count": 4,
      "reply_count": 1,
      "highest_post_number": 4,
      "image_url": null,
      "created_at": "2025-02-27T19:54:48.406Z",
      "last_posted_at": "2025-03-05T16:15:22.000Z",
      "bumped": true,
      "bumped_at": "2025-03-05T16:15:22.000Z",
      "archetype": "regular",
      "unseen": false,
      "pinned": false,
      "unpinned": null,
      "visible": true,
      "closed": false,
      "archived": false,
      "bookmarked": null,
      "liked": null,
      "tags": [
        "extra-resources",
        "diploma-level",
        "guidelines"
      ],
      "tags_descriptions": {},
      "like_count": 0,
      "views": 90,
      "category_id": 28,
      "featured_link": null,
      "has_accepted_answer": false,
      "posters": [
        {
          "extras": "latest",
          "description": "Original Poster, Most Recent Poster",
          "user": {
            "id": 33494,
            "username": "Pranjal24",
            "name": "Pranjal agrawal",
            "avatar_template": "/user_avatar/discourse.onlinedegree.iitm.ac.in/pranjal24/{size}/100199_2.png",
            "primary_group_name": "ds-students",
            "flair_name": "ds-students",
            "flair_group_id": 294,
            "trust_level": 0
          }
        },
        {
          "extras": null,
          "description": "Frequent Poster",
          "user": {
            "id": 16102,
            "username": "22f3001517",
            "name": "Anant Kumar",
            "avatar_template": "/user_avatar/discourse.onlinedegree.iitm.ac.in/22f3001517/{size}/56886_2.png",
            "primary_group_name": "ds-students",
            "flair_name": "ds-students",
            "flair_group_id": 294,
            "trust_level": 1
          }
        },
        {
          "extras": null,
          "description": "Frequent Poster",
          "user": {
            "id": 37762,
            "username": "24f2008036",
            "name": "Sudipto Karmakar",
            "avatar_template": "/user_avatar/discourse.onlinedegree.iitm.ac.in/24f2008036/{size}/111669_2.png",
            "primary_group_name": "ds-students",
            "flair_name": "ds-students",
            "flair_group_id": 294,
            "trust_level": 1
          }
        }
      ]
    }
  ],
  "summarizable": false,
  "valid_reactions": [
    "heart",
    "+1",
    "laughing",
    "open_mouth",
    "clap",
    "confetti_ball",
    "rocket",
    "-1"
  ],
  "can_vote": false,
  "vote_count": 0,
  "user_voted": false,
  "discourse_zendesk_plugin_zendesk_id": null,
  "discourse_zendesk_plugin_zendesk_url": "https://your-url.zendesk.com/agent/tickets/",
  "details": {
    "can_edit": false,
    "notification_level": 1,
    "can_create_post": true,
    "can_reply_as_new_topic": true,
    "can_flag_topic": true,
    "participants": [
      {
        "id": 8119,
        "username": "21f3002112",
        "name": "HariOm Pandey",
        "avatar_template": "/user_avatar/discourse.onlinedegree.iitm.ac.in/21f3002112/{size}/584_2.png",
        "post_count": 2,
        "primary_group_name": "ds-students",
        "flair_name": "ds-students",
        "flair_url": null,
        "flair_color": "",
        "flair_bg_color": "",
        "flair_group_id": 294,
        "trust_level": 1
      },
      {
        "id": 16094,
        "username": "carlton",
        "name": "Carlton D'Silva",
        "avatar_template": "/user_avatar/discourse.onlinedegree.iitm.ac.in/carlton/{size}/56317_2.png",
        "post_count": 1,
        "primary_group_name": "ds-students",
        "flair_name": "ds-students",
        "flair_url": null,
        "flair_color": "",
        "flair_bg_color": "",
        "flair_group_id": 294,
        "trust_level": 3
      }
    ],
    "created_by": {
      "id": 8119,
      "username": "21f3002112",
      "name": "HariOm Pandey",
      "avatar_template": "/user_avatar/discourse.onlinedegree.iitm.ac.in/21f3002112/{size}/584_2.png"
    },
    "last_poster": {
      "id": 16094,
      "username": "carlton",
      "name": "Carlton D'Silva",
      "avatar_template": "/user_avatar/discourse.onlinedegree.iitm.ac.in/carlton/{size}/56317_2.png"
    }
  },
  "pending_posts": [],
  "bookmarks": []
}