{
  "post_stream": {
    "posts": [
      {
        "id": 602435,
        "name": "Saanvi Gandhi",
        "username": "23f2000093",
        "avatar_template": "/user_avatar/discourse.onlinedegree.iitm.ac.in/23f2000093/{size}/79890_2.png",
        "created_at": "2025-03-02T13:51:41.678Z",
        "cooked": "<p><a class=\"mention\" href=\"/u/carlton\">@carlton</a> <a class=\"mention\" href=\"/u/jivraj\">@Jivraj</a><br>\nI wanted to let you know that I was unable to attend the ROE session today. I’ve been running a high fever since yesterday, and while I managed to complete my JAVA OPPE this morning, I started feeling much worse afterward. I felt it was necessary to get checked out by a doctor and unfortunately had to miss ROE as a result.</p>\n<p>I was wondering if there might be any possibility of taking the ROE at a later time? Please let me know if there’s anything I can do or if any arrangements can be made.</p>",
        "post_number": 1,
        "post_type": 1,
        "posts_count": 2,
        "updated_at": "2025-03-02T13:51:41.678Z",
        "reply_count": 0,
        "reply_to_post_number": null,
        "quote_count": 0,
        "incoming_link_count": 2,
        "reads": 46,
        "readers_count": 45,
        "score": 18.8,
        "yours": false,
        "topic_id": 168987,
        "topic_slug": "unable-to-attend-the-roe",
        "display_username": "Saanvi Gandhi",
        "primary_group_name": "ds-students",
        "flair_name": "ds-students",
        "flair_url": null,
        "flair_bg_color": "",
        "flair_color": "",
        "flair_group_id": 294,
        "badges_granted": [],
        "version": 1,
        "can_edit": false,
        "can_delete": false,
        "can_recover": false,
        "can_see_hidden_post": false,
        "can_wiki": false,
        "read": true,
        "user_title": null,
        "bookmarked": false,
        "actions_summary": [
          {
            "id": 2,
            "can_act": true
          },
          {
            "id": 6,
            "can_act": true
          },
          {
            "id": 3,
            "can_act": true
          },
          {
            "id": 4,
            "can_act": true
          },
          {
            "id": 8,
            "can_act": true
          },
          {
            "id": 10,
            "can_act": true
          },
          {
            "id": 7,
            "can_act": true
          }
        ],
        "moderator": false,
        "admin": false,
        "staff": false,
        "user_id": 20455,
        "hidden": false,
        "trust_level": 0,
        "deleted_at": null,
        "user_deleted": false,
        "edit_reason": null,
        "can_view_edit_history": true,
        "wiki": false,
        "post_url": "/t/unable-to-attend-the-roe/168987/1",
        "user_cakedate": "2023-06-13",
        "reactions": [],
        "current_user_reaction": null,
        "reaction_users_count": 0,
        "current_user_used_main_reaction": false,
        "can_accept_answer": false,
        "can_unaccept_answer": false,
        "accepted_answer": false,
        "topic_accepted_answer": null,
        "can_vote": false
      },
      {
        "id": 603015,
        "name": "Jivraj Singh Shekhawat",
        "username": "Jivraj",
        "avatar_template": "https://avatars.discourse-cdn.com/v4/letter/j/b9bd4f/{size}.png",
        "created_at": "2025-03-03T11:27:52.737Z",
        "cooked": "",
        "post_number": 2,
        "post_type": 3,
        "posts_count": 2,
        "updated_at": "2025-03-03T11:27:52.737Z",
        "reply_count": 0,
        "reply_to_post_number": null,
        "quote_count": 0,
        "incoming_link_count": 0,
        "reads": 19,
        "readers_count": 18,
        "score": 3.4,
        "yours": false,
        "topic_id": 168987,
        "topic_slug": "unable-to-attend-the-roe",
        "display_username": "Jivraj Singh Shekhawat",
        "primary_group_name": "ds-students",
        "flair_name": "ds-students",
        "flair_url": null,
        "flair_bg_color": "",
        "flair_color": "",
        "flair_group_id": 294,
        "badges_granted": [],
        "version": 1,
        "can_edit": false,
        "can_delete": false,
        "can_recover": false,
        "can_see_hidden_post": false,
        "can_wiki": false,
        "read": true,
        "user_title": "Course TA",
        "title_is_group": false,
        "bookmarked": false,
        "actions_summary": [
          {
            "id": 2,
            "can_act": true
          },
          {
            "id": 6,
            "can_act": true
          },
          {
            "id": 3,
            "can_act": true
          },
          {
            "id": 4,
            "can_act": true
          },
          {
            "id": 8,
            "can_act": true
          },
          {
            "id": 10,
            "can_act": true
          },
          {
            "id": 7,
            "can_act": true
          }
        ],
        "moderator": false,
        "admin": false,
        "staff": false,
        "group_moderator": true,
        "user_id": 15651,
        "hidden": false,
        "trust_level": 2,
        "deleted_at": null,
        "user_deleted": false,
        "edit_reason": null,
        "can_view_edit_history": true,
        "wiki": false,
        "action_code": "assigned",
        "action_code_who": "carlton",
        "post_url": "/t/unable-to-attend-the-roe/168987/2",
        "user_cakedate": "2023-01-25",
        "reactions": [],
        "current_user_reaction": null,
        "reaction_users_count": 0,
        "current_user_used_main_reaction": false,
        "can_accept_answer": false,
        "can_unaccept_answer": false,
        "accepted_answer": false,
        "topic_accepted_answer": null
      }
    ],
    "stream": [
      602435,
      603015
    ]
  },
  "timeline_lookup": [
    [
      1,
      90
    ],
    [
      2,
      89
    ]
  ],
  "suggested_topics": [
    {
      "id": 173524,
      "title": "GA1 - Development Tools - Discussion Thread [TDS May 2025]",
      "fancy_title": "GA1 - Development Tools - Discussion Thread [TDS May 2025]",
      "slug": "ga1-development-tools-discussion-thread-tds-may-2025",
      "posts_count": 80,
      "reply_count": 51,
      "highest_post_number": 85,
      "image_url": null,
      "created_at": "2025-05-01T11:39:00.734Z",
      "last_posted_at": "2025-05-31T15:34:18.368Z",
      "bumped": true,
      "bumped_at": "2025-05-31T15:34:18.368Z",
      "archetype": "regular",
      "unseen": false,
      "last_read_post_number": 82,
      "unread": 0,
      "new_posts": 3,
      "unread_posts": 3,
      "pinned": false,
      "unpinned": null,
      "visible": true,
      "closed": false,
      "archived": false,
      "notification_level": 2,
      "bookmarked": false,
      "liked": false,
      "tags": [
        "term2-2025",
        "graded-assignment"
      ],
      "tags_descriptions": {},
      "like_count": 25,
      "views": 1155,
      "category_id": 34,
      "featured_link": null,
      "has_accepted_answer": false,
      "posters": [
        {
          "extras": null,
          "description": "Original Poster",
          "user": {
            "id": 9419,
            "username": "s.anand",
            "name": "Anand S",
            "avatar_template": "/user_avatar/discourse.onlinedegree.iitm.ac.in/s.anand/{size}/15264_2.png",
            "primary_group_name": "faculty",
            "flair_name": "faculty",
            "flair_url": "chalkboard-user",
            "flair_bg_color": "f2c26e",
            "flair_color": "000",
            "flair_group_id": 54,
            "trust_level": 4
          }
        },
        {
          "extras": null,
          "description": "Frequent Poster",
          "user": {
            "id": 22472,
            "username": "Advaith52",
            "name": "Advaith Sanil Kumar",
            "avatar_template": "/user_avatar/discourse.onlinedegree.iitm.ac.in/advaith52/{size}/67172_2.png",
            "primary_group_name": "ds-students",
            "flair_name": "ds-students",
            "flair_group_id": 294,
            "trust_level": 1
          }
        },
        {
          "extras": null,
          "description": "Frequent Poster",
          "user": {
            "id": 16094,
            "username": "carlton",
            "name": "Carlton D'Silva",
            "avatar_template": "/user_avatar/discourse.onlinedegree.iitm.ac.in/carlton/{size}/56317_2.png",
            "primary_group_name": "ds-students",
            "flair_name": "ds-students",
            "flair_group_id": 294,
            "trust_level": 3
          }
        },
        {
          "extras": null,
          "description": "Frequent Poster",
          "user": {
            "id": 15658,
            "username": "HritikRoshan_HRM",
            "name": "HRITIK ROSHAN MAURYA",
            "avatar_template": "/user_avatar/discourse.onlinedegree.iitm.ac.in/hritikroshan_hrm/{size}/66975_2.png",
            "primary_group_name": "ds-students",
            "flair_name": "ds-students",
            "flair_group_id": 294,
            "trust_level": 1
          }
        },
        {
          "extras": "latest",
          "description": "Most Recent Poster",
          "user": {
            "id": 12914,
            "username": "iAnimeshS",
            "name": "Animesh",
            "avatar_template": "/user_avatar/discourse.onlinedegree.iitm.ac.in/ianimeshs/{size}/12415_2.png",
            "primary_group_name": "ds-students",
            "flair_name": "ds-students",
            "flair_group_id": 294,
            "trust_level": 1
          }
        }
      ]
    },
    {
      "id": 176789,
      "title": "Vercel deployement error",
      "fancy_title": "Vercel deployement error",
      "slug": "vercel-deployement-error",
      "posts_count": 1,
      "reply_count": 0,
      "highest_post_number": 1,
      "image_url": null,
      "created_at": "2025-05-31T11:55:22.507Z",
      "last_posted_at": "2025-05-31T11:55:22.708Z",
      "bumped": true,
      "bumped_at": "2025-05-31T11:55:22.708Z",
      "archetype": "regular",
      "unseen": true,
      "pinned": false,
      "unpinned": null,
      "visible": true,
      "closed": false,
      "archived": false,
      "bookmarked": null,
      "liked": null,
      "tags": [
        "diploma-level",
        "term2-2025"
      ],
      "tags_descriptions": {},
      "like_count": 0,
      "views": 9,
      "category_id": 34,
      "featured_link": null,
      "has_accepted_answer": false,
      "posters": [
        {
          "extras": "latest single",
          "description": "Original Poster, Most Recent Poster",
          "user": {
            "id": 25506,
            "username": "23f3003724",
            "name": "Vedika Gupta",
            "avatar_template": "/user_avatar/discourse.onlinedegree.iitm.ac.in/23f3003724/{size}/68806_2.png",
            "primary_group_name": "ds-students",
            "flair_name": "ds-students",
            "flair_group_id": 294,
            "trust_level": 1
          }
        }
      ]
    }
  ],
  "tags": [
    "clarification",
    "miscellaneous"
  ],
  "tags_descriptions": {},
  "id": 168987,
  "title": "Unable to attend the ROE",
  "fancy_title": "Unable to attend the ROE",
  "posts_count": 2,
  "created_at": "2025-03-02T13:51:41.403Z",
  "views": 60,
  "reply_count": 0,
  "like_count": 0,
  "last_posted_at": "2025-03-03T11:27:52.737Z",
  "visible": true,
  "closed": false,
  "archived": false,
  "has_summary": false,
  "archetype": "regular",
  "slug": "unable-to-attend-the-roe",
  "category_id": 34,
  "word_count": 100,
  "deleted_at": null,
  "user_id": 20455,
  "featured_link": null,
  "pinned_globally": false,
  "pinned_at": null,
  "pinned_until": null,
  "image_url": null,
  "slow_mode_seconds": 0,
  "draft": null,
  "draft_key": "topic_168987",
  "draft_sequence": 0,
  "posted": false,
  "unpinned": null,
  "pinned": false,
  "current_post_number": 1,
  "highest_post_number": 2,
  "last_read_post_number": 2,
  "last_read_post_id": 603015,
  "deleted_by": null,
  "actions_summary": [
    {
      "id": 4,
      "count": 0,
      "hidden": false,
      "can_act": true
    },
    {
      "id": 8,
      "count": 0,
      "hidden": false,
      "can_act": true
    },
    {
      "id": 10,
      "count": 0,
      "hidden": false,
      "can_act": true
    },
    {
      "id": 7,
      "count": 0,
      "hidden": false,
      "can_act": true
    }
  ],
  "chunk_size": 20,
  "bookmarked": false,
  "topic_timer": null,
  "message_bus_last_id": 0,
  "participant_count": 1,
  "show_read_indicator": false,
  "thumbnails": null,
  "slow_mode_enabled_until": null,
  "tags_disable_ads": false,
  "related_topics": [
    {
      "id": 110280,
      "title": "Unable to attend ROE for TDS",
      "fancy_title": "Unable to attend ROE for TDS",
      "slug": "unable-to-attend-roe-for-tds",
      "posts_count": 1,
      "reply_count": 0,
      "highest_post_number": 1,
      "image_url": null,
      "created_at": "2023-11-25T15:24:53.936Z",
      "last_posted_at": "2023-11-25T15:24:54.088Z",
      "bumped": true,
      "bumped_at": "2023-11-25T15:24:54.088Z",
      "archetype": "regular",
      "unseen": false,
      "pinned": false,
      "unpinned": null,
      "visible": true,
      "closed": false,
      "archived": false,
      "bookmarked": null,
      "liked": null,
      "tags": [
        "operational",
        "guide"
      ],
      "tags_descriptions": {},
      "like_count": 3,
      "views": 62,
      "category_id": 34,
      "featured_link": null,
      "has_accepted_answer": false,
      "posters": [
        {
          "extras": "latest single",
          "description": "Original Poster, Most Recent Poster",
          "user": {
            "id": 20663,
            "username": "Hriddhima",
            "name": "23ds1000088",
            "avatar_template": "/user_avatar/discourse.onlinedegree.iitm.ac.in/hriddhima/{size}/67291_2.png",
            "primary_group_name": "ds-students",
            "flair_name": "ds-students",
            "flair_group_id": 294,
            "trust_level": 1
          }
        }
      ]
    },
    {
      "id": 123657,
      "title": "Retest for ROE",
      "fancy_title": "Retest for ROE",
      "slug": "retest-for-roe",
      "posts_count": 1,
      "reply_count": 0,
      "highest_post_number": 1,
      "image_url": null,
      "created_at": "2024-03-11T00:11:04.450Z",
      "last_posted_at": "2024-03-11T00:11:04.720Z",
      "bumped": true,
      "bumped_at": "2024-03-11T00:11:04.720Z",
      "archetype": "regular",
      "unseen": false,
      "pinned": false,
      "unpinned": null,
      "visible": true,
      "closed": false,
      "archived": false,
      "bookmarked": null,
      "liked": null,
      "tags": [
        "clarification",
        "miscellaneous"
      ],
      "tags_descriptions": {},
      "like_count": 1,
      "views": 64,
      "category_id": 34,
      "featured_link": null,
      "has_accepted_answer": false,
      "posters": [
        {
          "extras": "latest single",
          "description": "Original Poster, Most Recent Poster",
          "user": {
            "id": 6248,
            "username": "21f2001158",
            "name": "ASHWIN S",
            "avatar_template": "/user_avatar/discourse.onlinedegree.iitm.ac.in/21f2001158/{size}/62593_2.png",
            "primary_group_name": "ds-students",
            "flair_name": "ds-students",
            "flair_group_id": 294,
            "trust_level": 1
          }
        }
      ]
    },
    {
      "id": 110298,
      "title": "Regarding ROE(Remote Online Exam) for TDS(Tools in Data Science) re-attempt",
      "fancy_title": "Regarding ROE(Remote Online Exam) for TDS(Tools in Data Science) re-attempt",
      "slug": "regarding-roe-remote-online-exam-for-tds-tools-in-data-science-re-attempt",
      "posts_count": 2,
      "reply_count": 0,
      "highest_post_number": 2,
      "image_url": null,
      "created_at": "2023-11-25T17:21:15.895Z",
      "last_posted_at": "2023-11-25T17:49:27.656Z",
      "bumped": true,
      "bumped_at": "2023-11-25T17:49:27.656Z",
      "archetype": "regular",
      "unseen": false,
      "pinned": false,
      "unpinned": null,
      "visible": true,
      "closed": false,
      "archived": false,
      "bookmarked": null,
      "liked": null,
      "tags": [
        "clarification",
        "operational"
      ],
      "tags_descriptions": {},
      "like_count": 6,
      "views": 98,
      "category_id": 34,
      "featured_link": null,
      "has_accepted_answer": false,
      "posters": [
        {
          "extras": null,
          "description": "Original Poster",
          "user": {
            "id": 57,
            "username": "PMalik",
            "name": "Priyaansh Malik",
            "avatar_template": "/user_avatar/discourse.onlinedegree.iitm.ac.in/pmalik/{size}/174_2.png",
            "primary_group_name": "ds-students",
            "flair_name": "ds-students",
            "flair_group_id": 294,
            "trust_level": 1
          }
        },
        {
          "extras": "latest",
          "description": "Most Recent Poster",
          "user": {
            "id": 19335,
            "username": "21f2000143",
            "name": "Sachin Kumar",
            "avatar_template": "/user_avatar/discourse.onlinedegree.iitm.ac.in/21f2000143/{size}/66863_2.png",
            "primary_group_name": "ds-students",
            "flair_name": "ds-students",
            "flair_group_id": 294,
            "trust_level": 1
          }
        }
      ]
    },
    {
      "id": 160075,
      "title": "No updates regarding the ROE score",
      "fancy_title": "No updates regarding the ROE score",
      "slug": "no-updates-regarding-the-roe-score",
      "posts_count": 2,
      "reply_count": 0,
      "highest_post_number": 2,
      "image_url": null,
      "created_at": "2024-12-23T08:16:22.673Z",
      "last_posted_at": "2024-12-23T08:31:28.545Z",
      "bumped": true,
      "bumped_at": "2024-12-23T08:31:28.545Z",
      "archetype": "regular",
      "unseen": false,
      "pinned": false,
      "unpinned": null,
      "visible": true,
      "closed": false,
      "archived": false,
      "bookmarked": null,
      "liked": null,
      "tags": [
        "clarification",
        "diploma-level"
      ],
      "tags_descriptions": {},
      "like_count": 1,
      "views": 61,
      "category_id": 34,
      "featured_link": null,
      "has_accepted_answer": true,
      "posters": [
        {
          "extras": null,
          "description": "Original Poster",
          "user": {
            "id": 24501,
            "username": "23f2004112",
            "name": "Rishabh Barthwal",
            "avatar_template": "/user_avatar/discourse.onlinedegree.iitm.ac.in/23f2004112/{size}/68114_2.png",
            "primary_group_name": "ds-students",
            "flair_name": "ds-students",
            "flair_group_id": 294,
            "trust_level": 1
          }
        },
        {
          "extras": "latest",
          "description": "Most Recent Poster, Accepted Answer",
          "user": {
            "id": 16094,
            "username": "carlton",
            "name": "Carlton D'Silva",
            "avatar_template": "/user_avatar/discourse.onlinedegree.iitm.ac.in/carlton/{size}/56317_2.png",
            "primary_group_name": "ds-students",
            "flair_name": "ds-students",
            "flair_group_id": 294,
            "trust_level": 3
          }
        }
      ]
    },
    {
      "id": 156816,
      "title": "Request to make ROE questions accessible/visible for practice",
      "fancy_title": "Request to make ROE questions accessible/visible for practice",
      "slug": "request-to-make-roe-questions-accessible-visible-for-practice",
      "posts_count": 1,
      "reply_count": 0,
      "highest_post_number": 1,
      "image_url": null,
      "created_at": "2024-11-19T04:37:17.602Z",
      "last_posted_at": "2024-11-19T04:37:17.848Z",
      "bumped": true,
      "bumped_at": "2024-11-19T04:37:17.848Z",
      "archetype": "regular",
      "unseen": false,
      "pinned": false,
      "unpinned": null,
      "visible": true,
      "closed": false,
      "archived": false,
      "bookmarked": null,
      "liked": null,
      "tags": [
        "operational",
        "extra-resources",
        "diploma-level"
      ],
      "tags_descriptions": {},
      "like_count": 2,
      "views": 71,
      "category_id": 34,
      "featured_link": null,
      "has_accepted_answer": false,
      "posters": [
        {
          "extras": "latest single",
          "description": "Original Poster, Most Recent Poster",
          "user": {
            "id": 26413,
            "username": "24ds1000042",
            "name": "PREENA SALIM",
            "avatar_template": "/user_avatar/discourse.onlinedegree.iitm.ac.in/24ds1000042/{size}/67340_2.png",
            "primary_group_name": "ds-students",
            "flair_name": "ds-students",
            "flair_group_id": 294,
            "trust_level": 1
          }
        }
      ]
    }
  ],
  "summarizable": false,
  "assigned_to_user": {
    "username": "carlton",
    "name": "Carlton D'Silva",
    "avatar_template": "/user_avatar/discourse.onlinedegree.iitm.ac.in/carlton/{size}/56317_2.png"
  },
  "assignment_note": null,
  "valid_reactions": [
    "heart",
    "+1",
    "laughing",
    "open_mouth",
    "clap",
    "confetti_ball",
    "rocket",
    "-1"
  ],
  "can_vote": false,
  "vote_count": 0,
  "user_voted": false,
  "discourse_zendesk_plugin_zendesk_id": null,
  "discourse_zendesk_plugin_zendesk_url": "https://your-url.zendesk.com/agent/tickets/",
  "details": {
    "can_edit": false,
    "notification_level": 1,
    "notifications_reason_id": null,
    "can_create_post": true,
    "can_reply_as_new_topic": true,
    "can_flag_topic": true,
    "participants": [
      {
        "id": 20455,
        "username": "23f2000093",
        "name": "Saanvi Gandhi",
        "avatar_template": "/user_avatar/discourse.onlinedegree.iitm.ac.in/23f2000093/{size}/79890_2.png",
        "post_count": 1,
        "primary_group_name": "ds-students",
        "flair_name": "ds-students",
        "flair_url": null,
        "flair_color": "",
        "flair_bg_color": "",
        "flair_group_id": 294,
        "trust_level": 0
      }
    ],
    "created_by": {
      "id": 20455,
      "username": "23f2000093",
      "name": "Saanvi Gandhi",
      "avatar_template": "/user_avatar/discourse.onlinedegree.iitm.ac.in/23f2000093/{size}/79890_2.png"
    },
    "last_poster": {
      "id": 15651,
      "username": "Jivraj",
      "name": "Jivraj Singh Shekhawat",
      "avatar_template": "https://avatars.discourse-cdn.com/v4/letter/j/b9bd4f/{size}.png"
    }
  },
  "pending_posts": [],
  "bookmarks": []
}