{
  "post_stream": {
    "posts": [
      {
        "id": 601985,
        "name": "HARISH. S",
        "username": "HARISH.S",
        "avatar_template": "/user_avatar/discourse.onlinedegree.iitm.ac.in/harish.s/{size}/67995_2.png",
        "created_at": "2025-03-02T04:22:49.352Z",
        "cooked": "<p>My project 1 marks are not showing in the dashboard. please check on that. i submitted my project on 16.02,2025<br>\n23f3000975@ds.study.iitm.ac.in  - my id</p>",
        "post_number": 1,
        "post_type": 1,
        "posts_count": 23,
        "updated_at": "2025-03-02T04:25:23.832Z",
        "reply_count": 0,
        "reply_to_post_number": null,
        "quote_count": 0,
        "incoming_link_count": 3,
        "reads": 132,
        "readers_count": 131,
        "score": 40.8,
        "yours": false,
        "topic_id": 168916,
        "topic_slug": "project-1-tds-score-not-showing-i",
        "display_username": "HARISH. S",
        "primary_group_name": "ds-students",
        "flair_name": "ds-students",
        "flair_url": null,
        "flair_bg_color": "",
        "flair_color": "",
        "flair_group_id": 294,
        "badges_granted": [],
        "version": 1,
        "can_edit": false,
        "can_delete": false,
        "can_recover": false,
        "can_see_hidden_post": false,
        "can_wiki": false,
        "read": true,
        "user_title": null,
        "bookmarked": false,
        "actions_summary": [
          {
            "id": 2,
            "can_act": true
          },
          {
            "id": 6,
            "can_act": true
          },
          {
            "id": 3,
            "can_act": true
          },
          {
            "id": 4,
            "can_act": true
          },
          {
            "id": 8,
            "can_act": true
          },
          {
            "id": 10,
            "can_act": true
          },
          {
            "id": 7,
            "can_act": true
          }
        ],
        "moderator": false,
        "admin": false,
        "staff": false,
        "user_id": 23180,
        "hidden": false,
        "trust_level": 1,
        "deleted_at": null,
        "user_deleted": false,
        "edit_reason": null,
        "can_view_edit_history": true,
        "wiki": false,
        "post_url": "/t/project-1-tds-score-not-showing-i/168916/1",
        "user_cakedate": "2023-10-04",
        "reactions": [],
        "current_user_reaction": null,
        "reaction_users_count": 0,
        "current_user_used_main_reaction": false,
        "can_accept_answer": false,
        "can_unaccept_answer": false,
        "accepted_answer": false,
        "topic_accepted_answer": null,
        "can_vote": false
      },
      {
        "id": 602014,
        "name": "Sakthivel S",
        "username": "23f2000237",
        "avatar_template": "/user_avatar/discourse.onlinedegree.iitm.ac.in/23f2000237/{size}/66999_2.png",
        "created_at": "2025-03-02T05:18:57.250Z",
        "cooked": "<p>Project results have not been released yet. They have posponed everything.<br>\nPlease look into this post.</p>\n<aside class=\"quote\" data-post=\"1\" data-topic=\"168506\">\n  <div class=\"title\">\n    <div class=\"quote-controls\"></div>\n    <img alt=\"\" width=\"24\" height=\"24\" src=\"https://dub1.discourse-cdn.com/flex013/user_avatar/discourse.onlinedegree.iitm.ac.in/s.anand/48/15264_2.png\" class=\"avatar\">\n    <a href=\"https://discourse.onlinedegree.iitm.ac.in/t/revised-dates-tds-jan-2025/168506\">Revised dates [TDS Jan 2025]</a> <a class=\"badge-category__wrapper \" href=\"/c/courses/tds-kb/34\"><span data-category-id=\"34\" style=\"--category-badge-color: #0088CC; --category-badge-text-color: #FFFFFF; --parent-category-badge-color: #3AB54A;\" data-parent-category-id=\"9\" data-drop-close=\"true\" class=\"badge-category --has-parent\" title=\"This category is created to address subject-specific queries related to Tools in Data Science\"><span class=\"badge-category__name\">Tools in Data Science</span></span></a>\n  </div>\n  <blockquote>\n    A few updates on dates. Hope this eases pressure a little. \n\nGraded Assignment 6 moved from 14 Feb to 28 Feb 2025. Submission date moved from 9 Mar to 16 Mar 2025.\nProject 2 moved from 21 Feb to 3 Mar 2025. Submission date moved from 17 Mar to 31 Mar 2025.\nGraded Assignment 7 moved from 28 Feb to 7 Mar 2025. Submission date moved from 16 Mar to 26 Mar 2025.\nProject 1 results will be released by 16 Mar 2025.\n\nThe <a href=\"https://tds.s-anand.net/\" rel=\"noopener nofollow ugc\">TDS course page</a> now reflects these dates.\n  </blockquote>\n</aside>\n",
        "post_number": 2,
        "post_type": 1,
        "posts_count": 23,
        "updated_at": "2025-03-02T05:18:57.250Z",
        "reply_count": 0,
        "reply_to_post_number": null,
        "quote_count": 0,
        "incoming_link_count": 0,
        "reads": 126,
        "readers_count": 125,
        "score": 39.6,
        "yours": false,
        "topic_id": 168916,
        "topic_slug": "project-1-tds-score-not-showing-i",
        "display_username": "Sakthivel S",
        "primary_group_name": "ds-students",
        "flair_name": "ds-students",
        "flair_url": null,
        "flair_bg_color": "",
        "flair_color": "",
        "flair_group_id": 294,
        "badges_granted": [],
        "version": 1,
        "can_edit": false,
        "can_delete": false,
        "can_recover": false,
        "can_see_hidden_post": false,
        "can_wiki": false,
        "link_counts": [
          {
            "url": "https://discourse.onlinedegree.iitm.ac.in/t/revised-dates-tds-jan-2025/168506",
            "internal": true,
            "reflection": false,
            "title": "Revised dates [TDS Jan 2025]",
            "clicks": 0
          }
        ],
        "read": true,
        "user_title": "",
        "bookmarked": false,
        "actions_summary": [
          {
            "id": 2,
            "count": 1,
            "can_act": true
          },
          {
            "id": 6,
            "can_act": true
          },
          {
            "id": 3,
            "can_act": true
          },
          {
            "id": 4,
            "can_act": true
          },
          {
            "id": 8,
            "can_act": true
          },
          {
            "id": 10,
            "can_act": true
          },
          {
            "id": 7,
            "can_act": true
          }
        ],
        "moderator": false,
        "admin": false,
        "staff": false,
        "user_id": 17862,
        "hidden": false,
        "trust_level": 1,
        "deleted_at": null,
        "user_deleted": false,
        "edit_reason": null,
        "can_view_edit_history": true,
        "wiki": false,
        "post_url": "/t/project-1-tds-score-not-showing-i/168916/2",
        "user_cakedate": "2023-06-03",
        "user_birthdate": "1904-08-13",
        "reactions": [
          {
            "id": "+1",
            "type": "emoji",
            "count": 1
          }
        ],
        "current_user_reaction": null,
        "reaction_users_count": 1,
        "current_user_used_main_reaction": false,
        "can_accept_answer": false,
        "can_unaccept_answer": false,
        "accepted_answer": false,
        "topic_accepted_answer": null
      },
      {
        "id": 611830,
        "name": "Ajit",
        "username": "Nomad",
        "avatar_template": "/user_avatar/discourse.onlinedegree.iitm.ac.in/nomad/{size}/345_2.png",
        "created_at": "2025-03-27T07:45:03.147Z",
        "cooked": "<p>Hi <a class=\"mention\" href=\"/u/carlton\">@carlton</a>,<br>\nMy Project 1 scores are not visible on the part, I have definitely submitted before the deadline and on the grades section - its coming as not submitted. I have mailed support team as well. Will it be possible to check the same in any manner.</p>\n<p>Regards,<br>\nAjit</p>",
        "post_number": 4,
        "post_type": 1,
        "posts_count": 23,
        "updated_at": "2025-03-27T07:45:03.147Z",
        "reply_count": 1,
        "reply_to_post_number": null,
        "quote_count": 0,
        "incoming_link_count": 2,
        "reads": 90,
        "readers_count": 89,
        "score": 32.4,
        "yours": false,
        "topic_id": 168916,
        "topic_slug": "project-1-tds-score-not-showing-i",
        "display_username": "Ajit",
        "primary_group_name": "ds-students",
        "flair_name": "ds-students",
        "flair_url": null,
        "flair_bg_color": "",
        "flair_color": "",
        "flair_group_id": 294,
        "badges_granted": [],
        "version": 1,
        "can_edit": false,
        "can_delete": false,
        "can_recover": false,
        "can_see_hidden_post": false,
        "can_wiki": false,
        "read": true,
        "user_title": null,
        "bookmarked": false,
        "actions_summary": [
          {
            "id": 2,
            "can_act": true
          },
          {
            "id": 6,
            "can_act": true
          },
          {
            "id": 3,
            "can_act": true
          },
          {
            "id": 4,
            "can_act": true
          },
          {
            "id": 8,
            "can_act": true
          },
          {
            "id": 10,
            "can_act": true
          },
          {
            "id": 7,
            "can_act": true
          }
        ],
        "moderator": false,
        "admin": false,
        "staff": false,
        "user_id": 5168,
        "hidden": false,
        "trust_level": 1,
        "deleted_at": null,
        "user_deleted": false,
        "edit_reason": null,
        "can_view_edit_history": true,
        "wiki": false,
        "post_url": "/t/project-1-tds-score-not-showing-i/168916/4",
        "user_cakedate": "2021-05-09",
        "reactions": [],
        "current_user_reaction": null,
        "reaction_users_count": 0,
        "current_user_used_main_reaction": false,
        "can_accept_answer": false,
        "can_unaccept_answer": false,
        "accepted_answer": false,
        "topic_accepted_answer": null
      },
      {
        "id": 611833,
        "name": "Carlton D'Silva",
        "username": "carlton",
        "avatar_template": "/user_avatar/discourse.onlinedegree.iitm.ac.in/carlton/{size}/56317_2.png",
        "created_at": "2025-03-27T07:49:58.069Z",
        "cooked": "<p>No one has received their Project 1 scores yet. We are hoping to very soon announce preliminary results. (maybe in 24 hours or so). Depends how many bugs we get bitten by.</p>\n<p>Kind regards</p>",
        "post_number": 5,
        "post_type": 1,
        "posts_count": 23,
        "updated_at": "2025-03-27T07:49:58.069Z",
        "reply_count": 1,
        "reply_to_post_number": 4,
        "quote_count": 0,
        "incoming_link_count": 0,
        "reads": 82,
        "readers_count": 81,
        "score": 36.0,
        "yours": false,
        "topic_id": 168916,
        "topic_slug": "project-1-tds-score-not-showing-i",
        "display_username": "Carlton D'Silva",
        "primary_group_name": "ds-students",
        "flair_name": "ds-students",
        "flair_url": null,
        "flair_bg_color": "",
        "flair_color": "",
        "flair_group_id": 294,
        "badges_granted": [],
        "version": 1,
        "can_edit": false,
        "can_delete": false,
        "can_recover": false,
        "can_see_hidden_post": false,
        "can_wiki": false,
        "read": true,
        "user_title": "Regular",
        "title_is_group": false,
        "reply_to_user": {
          "id": 5168,
          "username": "Nomad",
          "name": "Ajit",
          "avatar_template": "/user_avatar/discourse.onlinedegree.iitm.ac.in/nomad/{size}/345_2.png"
        },
        "bookmarked": false,
        "actions_summary": [
          {
            "id": 2,
            "count": 1,
            "can_act": true
          },
          {
            "id": 6,
            "can_act": true
          },
          {
            "id": 3,
            "can_act": true
          },
          {
            "id": 4,
            "can_act": true
          },
          {
            "id": 8,
            "can_act": true
          },
          {
            "id": 10,
            "can_act": true
          },
          {
            "id": 7,
            "can_act": true
          }
        ],
        "moderator": false,
        "admin": false,
        "staff": false,
        "group_moderator": true,
        "user_id": 16094,
        "hidden": false,
        "trust_level": 3,
        "deleted_at": null,
        "user_deleted": false,
        "edit_reason": null,
        "can_view_edit_history": true,
        "wiki": false,
        "post_url": "/t/project-1-tds-score-not-showing-i/168916/5",
        "user_cakedate": "2023-01-25",
        "reactions": [
          {
            "id": "heart",
            "type": "emoji",
            "count": 1
          }
        ],
        "current_user_reaction": null,
        "reaction_users_count": 1,
        "current_user_used_main_reaction": false,
        "can_accept_answer": false,
        "can_unaccept_answer": false,
        "accepted_answer": false,
        "topic_accepted_answer": null
      },
      {
        "id": 612137,
        "name": "Pradeep Mondal",
        "username": "21f2000709",
        "avatar_template": "/user_avatar/discourse.onlinedegree.iitm.ac.in/21f2000709/{size}/92157_2.png",
        "created_at": "2025-03-28T08:08:38.183Z",
        "cooked": "<p><a class=\"mention\" href=\"/u/carlton\">@carlton</a> any updates on the Project 1 results?</p>",
        "post_number": 6,
        "post_type": 1,
        "posts_count": 23,
        "updated_at": "2025-03-28T08:08:38.183Z",
        "reply_count": 1,
        "reply_to_post_number": 5,
        "quote_count": 0,
        "incoming_link_count": 0,
        "reads": 80,
        "readers_count": 79,
        "score": 20.6,
        "yours": false,
        "topic_id": 168916,
        "topic_slug": "project-1-tds-score-not-showing-i",
        "display_username": "Pradeep Mondal",
        "primary_group_name": "ds-students",
        "flair_name": "ds-students",
        "flair_url": null,
        "flair_bg_color": "",
        "flair_color": "",
        "flair_group_id": 294,
        "badges_granted": [],
        "version": 1,
        "can_edit": false,
        "can_delete": false,
        "can_recover": false,
        "can_see_hidden_post": false,
        "can_wiki": false,
        "read": true,
        "user_title": null,
        "reply_to_user": {
          "id": 16094,
          "username": "carlton",
          "name": "Carlton D'Silva",
          "avatar_template": "/user_avatar/discourse.onlinedegree.iitm.ac.in/carlton/{size}/56317_2.png"
        },
        "bookmarked": false,
        "actions_summary": [
          {
            "id": 2,
            "can_act": true
          },
          {
            "id": 6,
            "can_act": true
          },
          {
            "id": 3,
            "can_act": true
          },
          {
            "id": 4,
            "can_act": true
          },
          {
            "id": 8,
            "can_act": true
          },
          {
            "id": 10,
            "can_act": true
          },
          {
            "id": 7,
            "can_act": true
          }
        ],
        "moderator": false,
        "admin": false,
        "staff": false,
        "user_id": 7034,
        "hidden": false,
        "trust_level": 1,
        "deleted_at": null,
        "user_deleted": false,
        "edit_reason": null,
        "can_view_edit_history": true,
        "wiki": false,
        "post_url": "/t/project-1-tds-score-not-showing-i/168916/6",
        "user_cakedate": "2021-09-09",
        "reactions": [],
        "current_user_reaction": null,
        "reaction_users_count": 0,
        "current_user_used_main_reaction": false,
        "can_accept_answer": false,
        "can_unaccept_answer": false,
        "accepted_answer": false,
        "topic_accepted_answer": null
      },
      {
        "id": 612148,
        "name": "Carlton D'Silva",
        "username": "carlton",
        "avatar_template": "/user_avatar/discourse.onlinedegree.iitm.ac.in/carlton/{size}/56317_2.png",
        "created_at": "2025-03-28T08:59:17.000Z",
        "cooked": "<p>We are releasing them today. You will get an email with lots of goodies in it <img src=\"https://emoji.discourse-cdn.com/google/slight_smile.png?v=14\" title=\":slight_smile:\" class=\"emoji\" alt=\":slight_smile:\" loading=\"lazy\" width=\"20\" height=\"20\"></p>\n<p>Kind regards</p>",
        "post_number": 7,
        "post_type": 1,
        "posts_count": 23,
        "updated_at": "2025-03-28T08:59:57.331Z",
        "reply_count": 3,
        "reply_to_post_number": 6,
        "quote_count": 0,
        "incoming_link_count": 0,
        "reads": 80,
        "readers_count": 79,
        "score": 90.6,
        "yours": false,
        "topic_id": 168916,
        "topic_slug": "project-1-tds-score-not-showing-i",
        "display_username": "Carlton D'Silva",
        "primary_group_name": "ds-students",
        "flair_name": "ds-students",
        "flair_url": null,
        "flair_bg_color": "",
        "flair_color": "",
        "flair_group_id": 294,
        "badges_granted": [],
        "version": 1,
        "can_edit": false,
        "can_delete": false,
        "can_recover": false,
        "can_see_hidden_post": false,
        "can_wiki": false,
        "read": true,
        "user_title": "Regular",
        "title_is_group": false,
        "reply_to_user": {
          "id": 7034,
          "username": "21f2000709",
          "name": "Pradeep Mondal",
          "avatar_template": "/user_avatar/discourse.onlinedegree.iitm.ac.in/21f2000709/{size}/92157_2.png"
        },
        "bookmarked": false,
        "actions_summary": [
          {
            "id": 2,
            "count": 4,
            "can_act": true
          },
          {
            "id": 6,
            "can_act": true
          },
          {
            "id": 3,
            "can_act": true
          },
          {
            "id": 4,
            "can_act": true
          },
          {
            "id": 8,
            "can_act": true
          },
          {
            "id": 10,
            "can_act": true
          },
          {
            "id": 7,
            "can_act": true
          }
        ],
        "moderator": false,
        "admin": false,
        "staff": false,
        "group_moderator": true,
        "user_id": 16094,
        "hidden": false,
        "trust_level": 3,
        "deleted_at": null,
        "user_deleted": false,
        "edit_reason": null,
        "can_view_edit_history": true,
        "wiki": false,
        "via_email": true,
        "post_url": "/t/project-1-tds-score-not-showing-i/168916/7",
        "user_cakedate": "2023-01-25",
        "reactions": [
          {
            "id": "heart",
            "type": "emoji",
            "count": 4
          }
        ],
        "current_user_reaction": null,
        "reaction_users_count": 4,
        "current_user_used_main_reaction": false,
        "can_accept_answer": false,
        "can_unaccept_answer": false,
        "accepted_answer": false,
        "topic_accepted_answer": null
      },
      {
        "id": 612152,
        "name": "Pradeep Mondal",
        "username": "21f2000709",
        "avatar_template": "/user_avatar/discourse.onlinedegree.iitm.ac.in/21f2000709/{size}/92157_2.png",
        "created_at": "2025-03-28T09:19:54.084Z",
        "cooked": "<aside class=\"quote group-ds-students\" data-username=\"carlton\" data-post=\"7\" data-topic=\"168916\">\n<div class=\"title\">\n<div class=\"quote-controls\"></div>\n<img alt=\"\" width=\"24\" height=\"24\" src=\"https://dub1.discourse-cdn.com/flex013/user_avatar/discourse.onlinedegree.iitm.ac.in/carlton/48/56317_2.png\" class=\"avatar\"> carlton:</div>\n<blockquote>\n<p>lots of goodies in it <img src=\"https://emoji.discourse-cdn.com/google/slight_smile.png?v=14\" title=\":slight_smile:\" class=\"emoji\" alt=\":slight_smile:\" loading=\"lazy\" width=\"20\" height=\"20\"></p>\n</blockquote>\n</aside>\n<p>It is more frightening now…</p>",
        "post_number": 8,
        "post_type": 1,
        "posts_count": 23,
        "updated_at": "2025-03-28T09:19:54.084Z",
        "reply_count": 0,
        "reply_to_post_number": 7,
        "quote_count": 1,
        "incoming_link_count": 0,
        "reads": 76,
        "readers_count": 75,
        "score": 44.8,
        "yours": false,
        "topic_id": 168916,
        "topic_slug": "project-1-tds-score-not-showing-i",
        "display_username": "Pradeep Mondal",
        "primary_group_name": "ds-students",
        "flair_name": "ds-students",
        "flair_url": null,
        "flair_bg_color": "",
        "flair_color": "",
        "flair_group_id": 294,
        "badges_granted": [],
        "version": 1,
        "can_edit": false,
        "can_delete": false,
        "can_recover": false,
        "can_see_hidden_post": false,
        "can_wiki": false,
        "read": false,
        "user_title": null,
        "bookmarked": false,
        "actions_summary": [
          {
            "id": 2,
            "count": 2,
            "can_act": true
          },
          {
            "id": 6,
            "can_act": true
          },
          {
            "id": 3,
            "can_act": true
          },
          {
            "id": 4,
            "can_act": true
          },
          {
            "id": 8,
            "can_act": true
          },
          {
            "id": 10,
            "can_act": true
          },
          {
            "id": 7,
            "can_act": true
          }
        ],
        "moderator": false,
        "admin": false,
        "staff": false,
        "user_id": 7034,
        "hidden": false,
        "trust_level": 1,
        "deleted_at": null,
        "user_deleted": false,
        "edit_reason": null,
        "can_view_edit_history": true,
        "wiki": false,
        "post_url": "/t/project-1-tds-score-not-showing-i/168916/8",
        "user_cakedate": "2021-09-09",
        "reactions": [
          {
            "id": "heart",
            "type": "emoji",
            "count": 2
          }
        ],
        "current_user_reaction": null,
        "reaction_users_count": 2,
        "current_user_used_main_reaction": false,
        "can_accept_answer": false,
        "can_unaccept_answer": false,
        "accepted_answer": false,
        "topic_accepted_answer": null
      },
      {
        "id": 612166,
        "name": "Shouvik Roy ",
        "username": "roy2003",
        "avatar_template": "/user_avatar/discourse.onlinedegree.iitm.ac.in/roy2003/{size}/66760_2.png",
        "created_at": "2025-03-28T09:33:09.741Z",
        "cooked": "<p>If we failed in project1 then we will be awarded free marks in Project2 Please conform that <a class=\"mention\" href=\"/u/carlton\">@carlton</a> at least give us some awards for our hard work (Summer special offer), what do you say?</p>",
        "post_number": 9,
        "post_type": 1,
        "posts_count": 23,
        "updated_at": "2025-03-28T09:33:09.741Z",
        "reply_count": 0,
        "reply_to_post_number": null,
        "quote_count": 0,
        "incoming_link_count": 0,
        "reads": 76,
        "readers_count": 75,
        "score": 29.8,
        "yours": false,
        "topic_id": 168916,
        "topic_slug": "project-1-tds-score-not-showing-i",
        "display_username": "Shouvik Roy ",
        "primary_group_name": "ds-students",
        "flair_name": "ds-students",
        "flair_url": null,
        "flair_bg_color": "",
        "flair_color": "",
        "flair_group_id": 294,
        "badges_granted": [],
        "version": 1,
        "can_edit": false,
        "can_delete": false,
        "can_recover": false,
        "can_see_hidden_post": false,
        "can_wiki": false,
        "read": false,
        "user_title": null,
        "bookmarked": false,
        "actions_summary": [
          {
            "id": 2,
            "count": 1,
            "can_act": true
          },
          {
            "id": 6,
            "can_act": true
          },
          {
            "id": 3,
            "can_act": true
          },
          {
            "id": 4,
            "can_act": true
          },
          {
            "id": 8,
            "can_act": true
          },
          {
            "id": 10,
            "can_act": true
          },
          {
            "id": 7,
            "can_act": true
          }
        ],
        "moderator": false,
        "admin": false,
        "staff": false,
        "user_id": 17483,
        "hidden": false,
        "trust_level": 1,
        "deleted_at": null,
        "user_deleted": false,
        "edit_reason": null,
        "can_view_edit_history": true,
        "wiki": false,
        "post_url": "/t/project-1-tds-score-not-showing-i/168916/9",
        "user_cakedate": "2023-06-03",
        "reactions": [
          {
            "id": "heart",
            "type": "emoji",
            "count": 1
          }
        ],
        "current_user_reaction": null,
        "reaction_users_count": 1,
        "current_user_used_main_reaction": false,
        "can_accept_answer": false,
        "can_unaccept_answer": false,
        "accepted_answer": false,
        "topic_accepted_answer": null
      },
      {
        "id": 612270,
        "name": "LAKSHAY",
        "username": "lakshaygarg654",
        "avatar_template": "/user_avatar/discourse.onlinedegree.iitm.ac.in/lakshaygarg654/{size}/129814_2.png",
        "created_at": "2025-03-28T16:02:30.298Z",
        "cooked": "<p>I think something heavy is coming… But it’s 9:30, and nothing’s here yet. Taking their time, I see!<img src=\"https://emoji.discourse-cdn.com/google/grinning_face_with_smiling_eyes.png?v=14\" title=\":grinning_face_with_smiling_eyes:\" class=\"emoji\" alt=\":grinning_face_with_smiling_eyes:\" loading=\"lazy\" width=\"20\" height=\"20\"></p>",
        "post_number": 10,
        "post_type": 1,
        "posts_count": 23,
        "updated_at": "2025-03-28T16:02:30.298Z",
        "reply_count": 1,
        "reply_to_post_number": 7,
        "quote_count": 0,
        "incoming_link_count": 1,
        "reads": 70,
        "readers_count": 69,
        "score": 53.6,
        "yours": false,
        "topic_id": 168916,
        "topic_slug": "project-1-tds-score-not-showing-i",
        "display_username": "LAKSHAY",
        "primary_group_name": "ds-students",
        "flair_name": "ds-students",
        "flair_url": null,
        "flair_bg_color": "",
        "flair_color": "",
        "flair_group_id": 294,
        "badges_granted": [],
        "version": 1,
        "can_edit": false,
        "can_delete": false,
        "can_recover": false,
        "can_see_hidden_post": false,
        "can_wiki": false,
        "read": false,
        "user_title": null,
        "reply_to_user": {
          "id": 16094,
          "username": "carlton",
          "name": "Carlton D'Silva",
          "avatar_template": "/user_avatar/discourse.onlinedegree.iitm.ac.in/carlton/{size}/56317_2.png"
        },
        "bookmarked": false,
        "actions_summary": [
          {
            "id": 2,
            "count": 2,
            "can_act": true
          },
          {
            "id": 6,
            "can_act": true
          },
          {
            "id": 3,
            "can_act": true
          },
          {
            "id": 4,
            "can_act": true
          },
          {
            "id": 8,
            "can_act": true
          },
          {
            "id": 10,
            "can_act": true
          },
          {
            "id": 7,
            "can_act": true
          }
        ],
        "moderator": false,
        "admin": false,
        "staff": false,
        "user_id": 7193,
        "hidden": false,
        "trust_level": 1,
        "deleted_at": null,
        "user_deleted": false,
        "edit_reason": null,
        "can_view_edit_history": true,
        "wiki": false,
        "post_url": "/t/project-1-tds-score-not-showing-i/168916/10",
        "user_cakedate": "2021-09-12",
        "reactions": [
          {
            "id": "heart",
            "type": "emoji",
            "count": 1
          },
          {
            "id": "rocket",
            "type": "emoji",
            "count": 1
          }
        ],
        "current_user_reaction": null,
        "reaction_users_count": 2,
        "current_user_used_main_reaction": false,
        "can_accept_answer": false,
        "can_unaccept_answer": false,
        "accepted_answer": false,
        "topic_accepted_answer": null
      },
      {
        "id": 612280,
        "name": "Carlton D'Silva",
        "username": "carlton",
        "avatar_template": "/user_avatar/discourse.onlinedegree.iitm.ac.in/carlton/{size}/56317_2.png",
        "created_at": "2025-03-28T16:58:47.000Z",
        "cooked": "<p>We have marks but we are sending you a package of items as well, for your benefit.</p>",
        "post_number": 11,
        "post_type": 1,
        "posts_count": 23,
        "updated_at": "2025-03-28T16:59:05.497Z",
        "reply_count": 1,
        "reply_to_post_number": 10,
        "quote_count": 0,
        "incoming_link_count": 3,
        "reads": 72,
        "readers_count": 71,
        "score": 94.0,
        "yours": false,
        "topic_id": 168916,
        "topic_slug": "project-1-tds-score-not-showing-i",
        "display_username": "Carlton D'Silva",
        "primary_group_name": "ds-students",
        "flair_name": "ds-students",
        "flair_url": null,
        "flair_bg_color": "",
        "flair_color": "",
        "flair_group_id": 294,
        "badges_granted": [],
        "version": 1,
        "can_edit": false,
        "can_delete": false,
        "can_recover": false,
        "can_see_hidden_post": false,
        "can_wiki": false,
        "read": false,
        "user_title": "Regular",
        "title_is_group": false,
        "reply_to_user": {
          "id": 7193,
          "username": "lakshaygarg654",
          "name": "LAKSHAY",
          "avatar_template": "/user_avatar/discourse.onlinedegree.iitm.ac.in/lakshaygarg654/{size}/129814_2.png"
        },
        "bookmarked": false,
        "actions_summary": [
          {
            "id": 2,
            "count": 4,
            "can_act": true
          },
          {
            "id": 6,
            "can_act": true
          },
          {
            "id": 3,
            "can_act": true
          },
          {
            "id": 4,
            "can_act": true
          },
          {
            "id": 8,
            "can_act": true
          },
          {
            "id": 10,
            "can_act": true
          },
          {
            "id": 7,
            "can_act": true
          }
        ],
        "moderator": false,
        "admin": false,
        "staff": false,
        "group_moderator": true,
        "user_id": 16094,
        "hidden": false,
        "trust_level": 3,
        "deleted_at": null,
        "user_deleted": false,
        "edit_reason": null,
        "can_view_edit_history": true,
        "wiki": false,
        "via_email": true,
        "post_url": "/t/project-1-tds-score-not-showing-i/168916/11",
        "user_cakedate": "2023-01-25",
        "reactions": [
          {
            "id": "heart",
            "type": "emoji",
            "count": 3
          },
          {
            "id": "clap",
            "type": "emoji",
            "count": 1
          }
        ],
        "current_user_reaction": null,
        "reaction_users_count": 4,
        "current_user_used_main_reaction": false,
        "can_accept_answer": false,
        "can_unaccept_answer": false,
        "accepted_answer": false,
        "topic_accepted_answer": null
      },
      {
        "id": 612316,
        "name": "ABHIJEET KUMAR ",
        "username": "23f2004912",
        "avatar_template": "/user_avatar/discourse.onlinedegree.iitm.ac.in/23f2004912/{size}/108710_2.png",
        "created_at": "2025-03-28T18:29:24.959Z",
        "cooked": "<p>We have been waiting for you for a month… and our patience is wearing thin<br>\n<div class=\"lightbox-wrapper\"><a class=\"lightbox\" href=\"https://europe1.discourse-cdn.com/flex013/uploads/iitm/original/3X/c/2/c2b3cf40d7c5b4b3540661aadd70ad58532b671b.jpeg\" data-download-href=\"/uploads/short-url/rMpRUrwuZPSaj2S3vHDgxyNy8oH.jpeg?dl=1\" title=\"1306411745_marco_telugu-jpg-1\" rel=\"noopener nofollow ugc\"><img src=\"https://europe1.discourse-cdn.com/flex013/uploads/iitm/optimized/3X/c/2/c2b3cf40d7c5b4b3540661aadd70ad58532b671b_2_690x388.jpeg\" alt=\"1306411745_marco_telugu-jpg-1\" data-base62-sha1=\"rMpRUrwuZPSaj2S3vHDgxyNy8oH\" width=\"690\" height=\"388\" srcset=\"https://europe1.discourse-cdn.com/flex013/uploads/iitm/optimized/3X/c/2/c2b3cf40d7c5b4b3540661aadd70ad58532b671b_2_690x388.jpeg, https://europe1.discourse-cdn.com/flex013/uploads/iitm/optimized/3X/c/2/c2b3cf40d7c5b4b3540661aadd70ad58532b671b_2_1035x582.jpeg 1.5x, https://europe1.discourse-cdn.com/flex013/uploads/iitm/original/3X/c/2/c2b3cf40d7c5b4b3540661aadd70ad58532b671b.jpeg 2x\" data-dominant-color=\"757473\"><div class=\"meta\"><svg class=\"fa d-icon d-icon-far-image svg-icon\" aria-hidden=\"true\"><use href=\"#far-image\"></use></svg><span class=\"filename\">1306411745_marco_telugu-jpg-1</span><span class=\"informations\">1280×720 133 KB</span><svg class=\"fa d-icon d-icon-discourse-expand svg-icon\" aria-hidden=\"true\"><use href=\"#discourse-expand\"></use></svg></div></a></div></p>",
        "post_number": 12,
        "post_type": 1,
        "posts_count": 23,
        "updated_at": "2025-03-28T18:29:24.959Z",
        "reply_count": 2,
        "reply_to_post_number": 11,
        "quote_count": 0,
        "incoming_link_count": 12,
        "reads": 70,
        "readers_count": 69,
        "score": 173.6,
        "yours": false,
        "topic_id": 168916,
        "topic_slug": "project-1-tds-score-not-showing-i",
        "display_username": "ABHIJEET KUMAR ",
        "primary_group_name": "ds-students",
        "flair_name": "ds-students",
        "flair_url": null,
        "flair_bg_color": "",
        "flair_color": "",
        "flair_group_id": 294,
        "badges_granted": [],
        "version": 1,
        "can_edit": false,
        "can_delete": false,
        "can_recover": false,
        "can_see_hidden_post": false,
        "can_wiki": false,
        "read": false,
        "user_title": null,
        "reply_to_user": {
          "id": 16094,
          "username": "carlton",
          "name": "Carlton D'Silva",
          "avatar_template": "/user_avatar/discourse.onlinedegree.iitm.ac.in/carlton/{size}/56317_2.png"
        },
        "bookmarked": false,
        "actions_summary": [
          {
            "id": 2,
            "count": 6,
            "can_act": true
          },
          {
            "id": 6,
            "can_act": true
          },
          {
            "id": 3,
            "can_act": true
          },
          {
            "id": 4,
            "can_act": true
          },
          {
            "id": 8,
            "can_act": true
          },
          {
            "id": 10,
            "can_act": true
          },
          {
            "id": 7,
            "can_act": true
          }
        ],
        "moderator": false,
        "admin": false,
        "staff": false,
        "user_id": 21980,
        "hidden": false,
        "trust_level": 1,
        "deleted_at": null,
        "user_deleted": false,
        "edit_reason": null,
        "can_view_edit_history": true,
        "wiki": false,
        "post_url": "/t/project-1-tds-score-not-showing-i/168916/12",
        "user_cakedate": "2023-09-18",
        "reactions": [
          {
            "id": "laughing",
            "type": "emoji",
            "count": 5
          },
          {
            "id": "open_mouth",
            "type": "emoji",
            "count": 1
          }
        ],
        "current_user_reaction": null,
        "reaction_users_count": 6,
        "current_user_used_main_reaction": false,
        "can_accept_answer": false,
        "can_unaccept_answer": false,
        "accepted_answer": false,
        "topic_accepted_answer": null
      },
      {
        "id": 612556,
        "name": "Shouvik Roy ",
        "username": "roy2003",
        "avatar_template": "/user_avatar/discourse.onlinedegree.iitm.ac.in/roy2003/{size}/66760_2.png",
        "created_at": "2025-03-29T08:27:09.865Z",
        "cooked": "<p>you are dealing with the wrong wrong person</p>",
        "post_number": 13,
        "post_type": 1,
        "posts_count": 23,
        "updated_at": "2025-03-29T08:27:09.865Z",
        "reply_count": 0,
        "reply_to_post_number": 12,
        "quote_count": 0,
        "incoming_link_count": 0,
        "reads": 54,
        "readers_count": 53,
        "score": 10.4,
        "yours": false,
        "topic_id": 168916,
        "topic_slug": "project-1-tds-score-not-showing-i",
        "display_username": "Shouvik Roy ",
        "primary_group_name": "ds-students",
        "flair_name": "ds-students",
        "flair_url": null,
        "flair_bg_color": "",
        "flair_color": "",
        "flair_group_id": 294,
        "badges_granted": [],
        "version": 1,
        "can_edit": false,
        "can_delete": false,
        "can_recover": false,
        "can_see_hidden_post": false,
        "can_wiki": false,
        "read": false,
        "user_title": null,
        "reply_to_user": {
          "id": 21980,
          "username": "23f2004912",
          "name": "ABHIJEET KUMAR ",
          "avatar_template": "/user_avatar/discourse.onlinedegree.iitm.ac.in/23f2004912/{size}/108710_2.png"
        },
        "bookmarked": false,
        "actions_summary": [
          {
            "id": 2,
            "can_act": true
          },
          {
            "id": 6,
            "can_act": true
          },
          {
            "id": 3,
            "can_act": true
          },
          {
            "id": 4,
            "can_act": true
          },
          {
            "id": 8,
            "can_act": true
          },
          {
            "id": 10,
            "can_act": true
          },
          {
            "id": 7,
            "can_act": true
          }
        ],
        "moderator": false,
        "admin": false,
        "staff": false,
        "user_id": 17483,
        "hidden": false,
        "trust_level": 1,
        "deleted_at": null,
        "user_deleted": false,
        "edit_reason": null,
        "can_view_edit_history": true,
        "wiki": false,
        "post_url": "/t/project-1-tds-score-not-showing-i/168916/13",
        "user_cakedate": "2023-06-03",
        "reactions": [],
        "current_user_reaction": null,
        "reaction_users_count": 0,
        "current_user_used_main_reaction": false,
        "can_accept_answer": false,
        "can_unaccept_answer": false,
        "accepted_answer": false,
        "topic_accepted_answer": null
      },
      {
        "id": 613018,
        "name": "Diya Dogra",
        "username": "22f3000118",
        "avatar_template": "/user_avatar/discourse.onlinedegree.iitm.ac.in/22f3000118/{size}/119476_2.png",
        "created_at": "2025-03-29T17:41:52.273Z",
        "cooked": "<p>sir its not showing anything for me, ive got no mail, what should i do?</p>",
        "post_number": 14,
        "post_type": 1,
        "posts_count": 23,
        "updated_at": "2025-03-29T17:41:52.273Z",
        "reply_count": 1,
        "reply_to_post_number": 7,
        "quote_count": 0,
        "incoming_link_count": 0,
        "reads": 50,
        "readers_count": 49,
        "score": 14.6,
        "yours": false,
        "topic_id": 168916,
        "topic_slug": "project-1-tds-score-not-showing-i",
        "display_username": "Diya Dogra",
        "primary_group_name": "ds-students",
        "flair_name": "ds-students",
        "flair_url": null,
        "flair_bg_color": "",
        "flair_color": "",
        "flair_group_id": 294,
        "badges_granted": [],
        "version": 1,
        "can_edit": false,
        "can_delete": false,
        "can_recover": false,
        "can_see_hidden_post": false,
        "can_wiki": false,
        "read": false,
        "user_title": null,
        "reply_to_user": {
          "id": 16094,
          "username": "carlton",
          "name": "Carlton D'Silva",
          "avatar_template": "/user_avatar/discourse.onlinedegree.iitm.ac.in/carlton/{size}/56317_2.png"
        },
        "bookmarked": false,
        "actions_summary": [
          {
            "id": 2,
            "can_act": true
          },
          {
            "id": 6,
            "can_act": true
          },
          {
            "id": 3,
            "can_act": true
          },
          {
            "id": 4,
            "can_act": true
          },
          {
            "id": 8,
            "can_act": true
          },
          {
            "id": 10,
            "can_act": true
          },
          {
            "id": 7,
            "can_act": true
          }
        ],
        "moderator": false,
        "admin": false,
        "staff": false,
        "user_id": 15168,
        "hidden": false,
        "trust_level": 0,
        "deleted_at": null,
        "user_deleted": false,
        "edit_reason": null,
        "can_view_edit_history": true,
        "wiki": false,
        "post_url": "/t/project-1-tds-score-not-showing-i/168916/14",
        "user_cakedate": "2022-09-14",
        "reactions": [],
        "current_user_reaction": null,
        "reaction_users_count": 0,
        "current_user_used_main_reaction": false,
        "can_accept_answer": false,
        "can_unaccept_answer": false,
        "accepted_answer": false,
        "topic_accepted_answer": null
      },
      {
        "id": 613033,
        "name": "Carlton D'Silva",
        "username": "carlton",
        "avatar_template": "/user_avatar/discourse.onlinedegree.iitm.ac.in/carlton/{size}/56317_2.png",
        "created_at": "2025-03-29T17:56:16.566Z",
        "cooked": "<p><div class=\"lightbox-wrapper\"><a class=\"lightbox\" href=\"https://europe1.discourse-cdn.com/flex013/uploads/iitm/original/3X/5/0/5044bf96daf786a1fcd86f30ea3a94dc80b62949.png\" data-download-href=\"/uploads/short-url/bs5up4FXf3bgZLeUdzBG1q198KZ.png?dl=1\" title=\"Screenshot 2025-03-29 at 11.24.19 pm\"><img src=\"https://europe1.discourse-cdn.com/flex013/uploads/iitm/optimized/3X/5/0/5044bf96daf786a1fcd86f30ea3a94dc80b62949_2_690x175.png\" alt=\"Screenshot 2025-03-29 at 11.24.19 pm\" data-base62-sha1=\"bs5up4FXf3bgZLeUdzBG1q198KZ\" width=\"690\" height=\"175\" srcset=\"https://europe1.discourse-cdn.com/flex013/uploads/iitm/optimized/3X/5/0/5044bf96daf786a1fcd86f30ea3a94dc80b62949_2_690x175.png, https://europe1.discourse-cdn.com/flex013/uploads/iitm/original/3X/5/0/5044bf96daf786a1fcd86f30ea3a94dc80b62949.png 1.5x, https://europe1.discourse-cdn.com/flex013/uploads/iitm/original/3X/5/0/5044bf96daf786a1fcd86f30ea3a94dc80b62949.png 2x\" data-dominant-color=\"1F2328\"><div class=\"meta\"><svg class=\"fa d-icon d-icon-far-image svg-icon\" aria-hidden=\"true\"><use href=\"#far-image\"></use></svg><span class=\"filename\">Screenshot 2025-03-29 at 11.24.19 pm</span><span class=\"informations\">811×206 29.2 KB</span><svg class=\"fa d-icon d-icon-discourse-expand svg-icon\" aria-hidden=\"true\"><use href=\"#discourse-expand\"></use></svg></div></a></div></p>\n<p>You failed pre requisites check. Hence there is no evaluation email.<br>\ni.e. the score is 0 which will be pushed to dashboard on after 1/4/25</p>\n<p>Only those that passed the pre requisite check got emails with scores.</p>",
        "post_number": 15,
        "post_type": 1,
        "posts_count": 23,
        "updated_at": "2025-03-29T17:56:16.566Z",
        "reply_count": 3,
        "reply_to_post_number": 14,
        "quote_count": 0,
        "incoming_link_count": 1,
        "reads": 54,
        "readers_count": 53,
        "score": 30.4,
        "yours": false,
        "topic_id": 168916,
        "topic_slug": "project-1-tds-score-not-showing-i",
        "display_username": "Carlton D'Silva",
        "primary_group_name": "ds-students",
        "flair_name": "ds-students",
        "flair_url": null,
        "flair_bg_color": "",
        "flair_color": "",
        "flair_group_id": 294,
        "badges_granted": [],
        "version": 1,
        "can_edit": false,
        "can_delete": false,
        "can_recover": false,
        "can_see_hidden_post": false,
        "can_wiki": false,
        "read": false,
        "user_title": "Regular",
        "title_is_group": false,
        "reply_to_user": {
          "id": 15168,
          "username": "22f3000118",
          "name": "Diya Dogra",
          "avatar_template": "/user_avatar/discourse.onlinedegree.iitm.ac.in/22f3000118/{size}/119476_2.png"
        },
        "bookmarked": false,
        "actions_summary": [
          {
            "id": 2,
            "can_act": true
          },
          {
            "id": 6,
            "can_act": true
          },
          {
            "id": 3,
            "can_act": true
          },
          {
            "id": 4,
            "can_act": true
          },
          {
            "id": 8,
            "can_act": true
          },
          {
            "id": 10,
            "can_act": true
          },
          {
            "id": 7,
            "can_act": true
          }
        ],
        "moderator": false,
        "admin": false,
        "staff": false,
        "group_moderator": true,
        "user_id": 16094,
        "hidden": false,
        "trust_level": 3,
        "deleted_at": null,
        "user_deleted": false,
        "edit_reason": null,
        "can_view_edit_history": true,
        "wiki": false,
        "post_url": "/t/project-1-tds-score-not-showing-i/168916/15",
        "user_cakedate": "2023-01-25",
        "reactions": [],
        "current_user_reaction": null,
        "reaction_users_count": 0,
        "current_user_used_main_reaction": false,
        "can_accept_answer": false,
        "can_unaccept_answer": false,
        "accepted_answer": false,
        "topic_accepted_answer": null
      },
      {
        "id": 613123,
        "name": "HARISH. S",
        "username": "HARISH.S",
        "avatar_template": "/user_avatar/discourse.onlinedegree.iitm.ac.in/harish.s/{size}/67995_2.png",
        "created_at": "2025-03-30T03:54:28.227Z",
        "cooked": "<p>Sir can you check and say if I passed or not. The link that I submitted for project 1 in the gform contains two links. I wrote ‘and’ between two website link.</p>\n<p>My mail id: 23f3000975@ds.study.iitm.ac.in</p>",
        "post_number": 16,
        "post_type": 1,
        "posts_count": 23,
        "updated_at": "2025-03-30T03:55:24.354Z",
        "reply_count": 1,
        "reply_to_post_number": 15,
        "quote_count": 0,
        "incoming_link_count": 1,
        "reads": 57,
        "readers_count": 56,
        "score": 21.0,
        "yours": false,
        "topic_id": 168916,
        "topic_slug": "project-1-tds-score-not-showing-i",
        "display_username": "HARISH. S",
        "primary_group_name": "ds-students",
        "flair_name": "ds-students",
        "flair_url": null,
        "flair_bg_color": "",
        "flair_color": "",
        "flair_group_id": 294,
        "badges_granted": [],
        "version": 1,
        "can_edit": false,
        "can_delete": false,
        "can_recover": false,
        "can_see_hidden_post": false,
        "can_wiki": false,
        "read": false,
        "user_title": null,
        "reply_to_user": {
          "id": 16094,
          "username": "carlton",
          "name": "Carlton D'Silva",
          "avatar_template": "/user_avatar/discourse.onlinedegree.iitm.ac.in/carlton/{size}/56317_2.png"
        },
        "bookmarked": false,
        "actions_summary": [
          {
            "id": 2,
            "can_act": true
          },
          {
            "id": 6,
            "can_act": true
          },
          {
            "id": 3,
            "can_act": true
          },
          {
            "id": 4,
            "can_act": true
          },
          {
            "id": 8,
            "can_act": true
          },
          {
            "id": 10,
            "can_act": true
          },
          {
            "id": 7,
            "can_act": true
          }
        ],
        "moderator": false,
        "admin": false,
        "staff": false,
        "user_id": 23180,
        "hidden": false,
        "trust_level": 1,
        "deleted_at": null,
        "user_deleted": false,
        "edit_reason": null,
        "can_view_edit_history": true,
        "wiki": false,
        "post_url": "/t/project-1-tds-score-not-showing-i/168916/16",
        "user_cakedate": "2023-10-04",
        "reactions": [],
        "current_user_reaction": null,
        "reaction_users_count": 0,
        "current_user_used_main_reaction": false,
        "can_accept_answer": false,
        "can_unaccept_answer": false,
        "accepted_answer": false,
        "topic_accepted_answer": null
      },
      {
        "id": 613874,
        "name": "Rahul Pathak",
        "username": "rahul_pathak12",
        "avatar_template": "/user_avatar/discourse.onlinedegree.iitm.ac.in/rahul_pathak12/{size}/68308_2.png",
        "created_at": "2025-03-31T12:19:54.944Z",
        "cooked": "<p>Sir, I hope you’re doing well. I haven’t received any email regarding <strong>Project 1</strong> results. Could you please confirm if there’s an issue?<br>\nmy mail id: 23f2000798@ds.study.iitm.ac.in</p>",
        "post_number": 17,
        "post_type": 1,
        "posts_count": 23,
        "updated_at": "2025-03-31T12:19:54.944Z",
        "reply_count": 1,
        "reply_to_post_number": 15,
        "quote_count": 0,
        "incoming_link_count": 0,
        "reads": 45,
        "readers_count": 44,
        "score": 28.6,
        "yours": false,
        "topic_id": 168916,
        "topic_slug": "project-1-tds-score-not-showing-i",
        "display_username": "Rahul Pathak",
        "primary_group_name": "ds-students",
        "flair_name": "ds-students",
        "flair_url": null,
        "flair_bg_color": "",
        "flair_color": "",
        "flair_group_id": 294,
        "badges_granted": [],
        "version": 1,
        "can_edit": false,
        "can_delete": false,
        "can_recover": false,
        "can_see_hidden_post": false,
        "can_wiki": false,
        "read": false,
        "user_title": null,
        "reply_to_user": {
          "id": 16094,
          "username": "carlton",
          "name": "Carlton D'Silva",
          "avatar_template": "/user_avatar/discourse.onlinedegree.iitm.ac.in/carlton/{size}/56317_2.png"
        },
        "bookmarked": false,
        "actions_summary": [
          {
            "id": 2,
            "count": 1,
            "can_act": true
          },
          {
            "id": 6,
            "can_act": true
          },
          {
            "id": 3,
            "can_act": true
          },
          {
            "id": 4,
            "can_act": true
          },
          {
            "id": 8,
            "can_act": true
          },
          {
            "id": 10,
            "can_act": true
          },
          {
            "id": 7,
            "can_act": true
          }
        ],
        "moderator": false,
        "admin": false,
        "staff": false,
        "user_id": 20318,
        "hidden": false,
        "trust_level": 1,
        "deleted_at": null,
        "user_deleted": false,
        "edit_reason": null,
        "can_view_edit_history": true,
        "wiki": false,
        "post_url": "/t/project-1-tds-score-not-showing-i/168916/17",
        "user_cakedate": "2023-06-12",
        "reactions": [
          {
            "id": "+1",
            "type": "emoji",
            "count": 1
          }
        ],
        "current_user_reaction": null,
        "reaction_users_count": 1,
        "current_user_used_main_reaction": false,
        "can_accept_answer": false,
        "can_unaccept_answer": false,
        "accepted_answer": false,
        "topic_accepted_answer": null
      },
      {
        "id": 615198,
        "name": "Carlton D'Silva",
        "username": "carlton",
        "avatar_template": "/user_avatar/discourse.onlinedegree.iitm.ac.in/carlton/{size}/56317_2.png",
        "created_at": "2025-04-04T09:08:56.128Z",
        "cooked": "<p>No issue with your submission, you will get a good score.</p>\n<p>Kind regards</p>",
        "post_number": 18,
        "post_type": 1,
        "posts_count": 23,
        "updated_at": "2025-04-04T09:08:56.128Z",
        "reply_count": 0,
        "reply_to_post_number": 17,
        "quote_count": 0,
        "incoming_link_count": 1,
        "reads": 39,
        "readers_count": 38,
        "score": 12.4,
        "yours": false,
        "topic_id": 168916,
        "topic_slug": "project-1-tds-score-not-showing-i",
        "display_username": "Carlton D'Silva",
        "primary_group_name": "ds-students",
        "flair_name": "ds-students",
        "flair_url": null,
        "flair_bg_color": "",
        "flair_color": "",
        "flair_group_id": 294,
        "badges_granted": [],
        "version": 1,
        "can_edit": false,
        "can_delete": false,
        "can_recover": false,
        "can_see_hidden_post": false,
        "can_wiki": false,
        "read": false,
        "user_title": "Regular",
        "title_is_group": false,
        "reply_to_user": {
          "id": 20318,
          "username": "rahul_pathak12",
          "name": "Rahul Pathak",
          "avatar_template": "/user_avatar/discourse.onlinedegree.iitm.ac.in/rahul_pathak12/{size}/68308_2.png"
        },
        "bookmarked": false,
        "actions_summary": [
          {
            "id": 2,
            "can_act": true
          },
          {
            "id": 6,
            "can_act": true
          },
          {
            "id": 3,
            "can_act": true
          },
          {
            "id": 4,
            "can_act": true
          },
          {
            "id": 8,
            "can_act": true
          },
          {
            "id": 10,
            "can_act": true
          },
          {
            "id": 7,
            "can_act": true
          }
        ],
        "moderator": false,
        "admin": false,
        "staff": false,
        "group_moderator": true,
        "user_id": 16094,
        "hidden": false,
        "trust_level": 3,
        "deleted_at": null,
        "user_deleted": false,
        "edit_reason": null,
        "can_view_edit_history": true,
        "wiki": false,
        "post_url": "/t/project-1-tds-score-not-showing-i/168916/18",
        "user_cakedate": "2023-01-25",
        "reactions": [],
        "current_user_reaction": null,
        "reaction_users_count": 0,
        "current_user_used_main_reaction": false,
        "can_accept_answer": false,
        "can_unaccept_answer": false,
        "accepted_answer": false,
        "topic_accepted_answer": null
      },
      {
        "id": 615199,
        "name": "Carlton D'Silva",
        "username": "carlton",
        "avatar_template": "/user_avatar/discourse.onlinedegree.iitm.ac.in/carlton/{size}/56317_2.png",
        "created_at": "2025-04-04T09:10:28.633Z",
        "cooked": "<p>Hi you were supposed to provide just one github link in the format specified. You failed to do that and therefore your submission was not evaluated.</p>\n<p>Kind regards</p>",
        "post_number": 19,
        "post_type": 1,
        "posts_count": 23,
        "updated_at": "2025-04-04T09:10:28.633Z",
        "reply_count": 0,
        "reply_to_post_number": 16,
        "quote_count": 0,
        "incoming_link_count": 0,
        "reads": 40,
        "readers_count": 39,
        "score": 7.6,
        "yours": false,
        "topic_id": 168916,
        "topic_slug": "project-1-tds-score-not-showing-i",
        "display_username": "Carlton D'Silva",
        "primary_group_name": "ds-students",
        "flair_name": "ds-students",
        "flair_url": null,
        "flair_bg_color": "",
        "flair_color": "",
        "flair_group_id": 294,
        "badges_granted": [],
        "version": 1,
        "can_edit": false,
        "can_delete": false,
        "can_recover": false,
        "can_see_hidden_post": false,
        "can_wiki": false,
        "read": false,
        "user_title": "Regular",
        "title_is_group": false,
        "reply_to_user": {
          "id": 23180,
          "username": "HARISH.S",
          "name": "HARISH. S",
          "avatar_template": "/user_avatar/discourse.onlinedegree.iitm.ac.in/harish.s/{size}/67995_2.png"
        },
        "bookmarked": false,
        "actions_summary": [
          {
            "id": 2,
            "can_act": true
          },
          {
            "id": 6,
            "can_act": true
          },
          {
            "id": 3,
            "can_act": true
          },
          {
            "id": 4,
            "can_act": true
          },
          {
            "id": 8,
            "can_act": true
          },
          {
            "id": 10,
            "can_act": true
          },
          {
            "id": 7,
            "can_act": true
          }
        ],
        "moderator": false,
        "admin": false,
        "staff": false,
        "group_moderator": true,
        "user_id": 16094,
        "hidden": false,
        "trust_level": 3,
        "deleted_at": null,
        "user_deleted": false,
        "edit_reason": null,
        "can_view_edit_history": true,
        "wiki": false,
        "post_url": "/t/project-1-tds-score-not-showing-i/168916/19",
        "user_cakedate": "2023-01-25",
        "reactions": [],
        "current_user_reaction": null,
        "reaction_users_count": 0,
        "current_user_used_main_reaction": false,
        "can_accept_answer": false,
        "can_unaccept_answer": false,
        "accepted_answer": false,
        "topic_accepted_answer": null
      },
      {
        "id": 615206,
        "name": "Carlton D'Silva",
        "username": "carlton",
        "avatar_template": "/user_avatar/discourse.onlinedegree.iitm.ac.in/carlton/{size}/56317_2.png",
        "created_at": "2025-04-04T09:26:25.379Z",
        "cooked": "<aside class=\"quote group-ds-students\" data-username=\"23f2004912\" data-post=\"12\" data-topic=\"168916\">\n<div class=\"title\">\n<div class=\"quote-controls\"></div>\n<img alt=\"\" width=\"24\" height=\"24\" src=\"https://dub1.discourse-cdn.com/flex013/user_avatar/discourse.onlinedegree.iitm.ac.in/23f2004912/48/108710_2.png\" class=\"avatar\"> 23f2004912:</div>\n<blockquote>\n<p><div class=\"lightbox-wrapper\"><a class=\"lightbox\" href=\"https://europe1.discourse-cdn.com/flex013/uploads/iitm/original/3X/c/2/c2b3cf40d7c5b4b3540661aadd70ad58532b671b.jpeg\" data-download-href=\"/uploads/short-url/rMpRUrwuZPSaj2S3vHDgxyNy8oH.jpeg?dl=1\" title=\"1306411745_marco_telugu-jpg-1\"><img src=\"https://europe1.discourse-cdn.com/flex013/uploads/iitm/optimized/3X/c/2/c2b3cf40d7c5b4b3540661aadd70ad58532b671b_2_690x388.jpeg\" alt=\"1306411745_marco_telugu-jpg-1\" data-base62-sha1=\"rMpRUrwuZPSaj2S3vHDgxyNy8oH\" width=\"690\" height=\"388\" srcset=\"https://europe1.discourse-cdn.com/flex013/uploads/iitm/optimized/3X/c/2/c2b3cf40d7c5b4b3540661aadd70ad58532b671b_2_690x388.jpeg, https://europe1.discourse-cdn.com/flex013/uploads/iitm/optimized/3X/c/2/c2b3cf40d7c5b4b3540661aadd70ad58532b671b_2_1035x582.jpeg 1.5x, https://europe1.discourse-cdn.com/flex013/uploads/iitm/original/3X/c/2/c2b3cf40d7c5b4b3540661aadd70ad58532b671b.jpeg 2x\" data-dominant-color=\"757473\"><div class=\"meta\"><svg class=\"fa d-icon d-icon-far-image svg-icon\" aria-hidden=\"true\"><use href=\"#far-image\"></use></svg><span class=\"filename\">1306411745_marco_telugu-jpg-1</span><span class=\"informations\">1280×720 133 KB</span><svg class=\"fa d-icon d-icon-discourse-expand svg-icon\" aria-hidden=\"true\"><use href=\"#discourse-expand\"></use></svg></div></a></div></p>\n</blockquote>\n</aside>\n<p><div class=\"lightbox-wrapper\"><a class=\"lightbox\" href=\"https://europe1.discourse-cdn.com/flex013/uploads/iitm/original/3X/a/e/ae725715cb22440a81895770878ed664acb2da80.jpeg\" data-download-href=\"/uploads/short-url/oTe3g1zHhtBMbzBxa8Zocka6ZaM.jpeg?dl=1\" title=\"tools in datascience\"><img src=\"https://europe1.discourse-cdn.com/flex013/uploads/iitm/optimized/3X/a/e/ae725715cb22440a81895770878ed664acb2da80_2_545x500.jpeg\" alt=\"tools in datascience\" data-base62-sha1=\"oTe3g1zHhtBMbzBxa8Zocka6ZaM\" width=\"545\" height=\"500\" srcset=\"https://europe1.discourse-cdn.com/flex013/uploads/iitm/optimized/3X/a/e/ae725715cb22440a81895770878ed664acb2da80_2_545x500.jpeg, https://europe1.discourse-cdn.com/flex013/uploads/iitm/optimized/3X/a/e/ae725715cb22440a81895770878ed664acb2da80_2_817x750.jpeg 1.5x, https://europe1.discourse-cdn.com/flex013/uploads/iitm/original/3X/a/e/ae725715cb22440a81895770878ed664acb2da80.jpeg 2x\" data-dominant-color=\"484333\"><div class=\"meta\"><svg class=\"fa d-icon d-icon-far-image svg-icon\" aria-hidden=\"true\"><use href=\"#far-image\"></use></svg><span class=\"filename\">tools in datascience</span><span class=\"informations\">1024×939 134 KB</span><svg class=\"fa d-icon d-icon-discourse-expand svg-icon\" aria-hidden=\"true\"><use href=\"#discourse-expand\"></use></svg></div></a></div></p>",
        "post_number": 20,
        "post_type": 1,
        "posts_count": 23,
        "updated_at": "2025-04-04T09:26:56.571Z",
        "reply_count": 1,
        "reply_to_post_number": 12,
        "quote_count": 1,
        "incoming_link_count": 0,
        "reads": 41,
        "readers_count": 40,
        "score": 132.6,
        "yours": false,
        "topic_id": 168916,
        "topic_slug": "project-1-tds-score-not-showing-i",
        "display_username": "Carlton D'Silva",
        "primary_group_name": "ds-students",
        "flair_name": "ds-students",
        "flair_url": null,
        "flair_bg_color": "",
        "flair_color": "",
        "flair_group_id": 294,
        "badges_granted": [],
        "version": 1,
        "can_edit": false,
        "can_delete": false,
        "can_recover": false,
        "can_see_hidden_post": false,
        "can_wiki": false,
        "read": false,
        "user_title": "Regular",
        "title_is_group": false,
        "bookmarked": false,
        "actions_summary": [
          {
            "id": 2,
            "count": 8,
            "can_act": true
          },
          {
            "id": 6,
            "can_act": true
          },
          {
            "id": 3,
            "can_act": true
          },
          {
            "id": 4,
            "can_act": true
          },
          {
            "id": 8,
            "can_act": true
          },
          {
            "id": 10,
            "can_act": true
          },
          {
            "id": 7,
            "can_act": true
          }
        ],
        "moderator": false,
        "admin": false,
        "staff": false,
        "group_moderator": true,
        "user_id": 16094,
        "hidden": false,
        "trust_level": 3,
        "deleted_at": null,
        "user_deleted": false,
        "edit_reason": null,
        "can_view_edit_history": true,
        "wiki": false,
        "post_url": "/t/project-1-tds-score-not-showing-i/168916/20",
        "user_cakedate": "2023-01-25",
        "reactions": [
          {
            "id": "laughing",
            "type": "emoji",
            "count": 7
          },
          {
            "id": "open_mouth",
            "type": "emoji",
            "count": 1
          }
        ],
        "current_user_reaction": null,
        "reaction_users_count": 8,
        "current_user_used_main_reaction": false,
        "can_accept_answer": false,
        "can_unaccept_answer": false,
        "accepted_answer": false,
        "topic_accepted_answer": null
      },
      {
        "id": 615216,
        "name": "LAKSHAY",
        "username": "lakshaygarg654",
        "avatar_template": "/user_avatar/discourse.onlinedegree.iitm.ac.in/lakshaygarg654/{size}/129814_2.png",
        "created_at": "2025-04-04T09:52:13.054Z",
        "cooked": "<aside class=\"quote group-ds-students\" data-username=\"carlton\" data-post=\"20\" data-topic=\"168916\">\n<div class=\"title\">\n<div class=\"quote-controls\"></div>\n<img alt=\"\" width=\"24\" height=\"24\" src=\"https://dub1.discourse-cdn.com/flex013/user_avatar/discourse.onlinedegree.iitm.ac.in/carlton/48/56317_2.png\" class=\"avatar\"> carlton:</div>\n<blockquote>\n<p><div class=\"lightbox-wrapper\"><a class=\"lightbox\" href=\"https://europe1.discourse-cdn.com/flex013/uploads/iitm/original/3X/a/e/ae725715cb22440a81895770878ed664acb2da80.jpeg\" data-download-href=\"/uploads/short-url/oTe3g1zHhtBMbzBxa8Zocka6ZaM.jpeg?dl=1\" title=\"\" rel=\"noopener nofollow ugc\"><img src=\"https://europe1.discourse-cdn.com/flex013/uploads/iitm/optimized/3X/a/e/ae725715cb22440a81895770878ed664acb2da80_2_545x500.jpeg\" alt=\"\" data-base62-sha1=\"oTe3g1zHhtBMbzBxa8Zocka6ZaM\" width=\"545\" height=\"500\" role=\"presentation\" srcset=\"https://europe1.discourse-cdn.com/flex013/uploads/iitm/optimized/3X/a/e/ae725715cb22440a81895770878ed664acb2da80_2_545x500.jpeg, https://europe1.discourse-cdn.com/flex013/uploads/iitm/optimized/3X/a/e/ae725715cb22440a81895770878ed664acb2da80_2_817x750.jpeg 1.5x, https://europe1.discourse-cdn.com/flex013/uploads/iitm/original/3X/a/e/ae725715cb22440a81895770878ed664acb2da80.jpeg 2x\" data-dominant-color=\"484333\"><div class=\"meta\"><svg class=\"fa d-icon d-icon-far-image svg-icon\" aria-hidden=\"true\"><use href=\"#far-image\"></use></svg><span class=\"filename\"></span><span class=\"informations\">1024×939 134 KB</span><svg class=\"fa d-icon d-icon-discourse-expand svg-icon\" aria-hidden=\"true\"><use href=\"#discourse-expand\"></use></svg></div></a></div></p>\n</blockquote>\n</aside>\n<p>“Harder the shell, softer the soul” <img src=\"https://emoji.discourse-cdn.com/google/melting_face.png?v=14\" title=\":melting_face:\" class=\"emoji\" alt=\":melting_face:\" loading=\"lazy\" width=\"20\" height=\"20\"></p>\n<p>Context - form acceptance</p>",
        "post_number": 21,
        "post_type": 1,
        "posts_count": 23,
        "updated_at": "2025-04-04T09:52:13.054Z",
        "reply_count": 1,
        "reply_to_post_number": 20,
        "quote_count": 1,
        "incoming_link_count": 0,
        "reads": 42,
        "readers_count": 41,
        "score": 27.6,
        "yours": false,
        "topic_id": 168916,
        "topic_slug": "project-1-tds-score-not-showing-i",
        "display_username": "LAKSHAY",
        "primary_group_name": "ds-students",
        "flair_name": "ds-students",
        "flair_url": null,
        "flair_bg_color": "",
        "flair_color": "",
        "flair_group_id": 294,
        "badges_granted": [],
        "version": 1,
        "can_edit": false,
        "can_delete": false,
        "can_recover": false,
        "can_see_hidden_post": false,
        "can_wiki": false,
        "read": false,
        "user_title": null,
        "bookmarked": false,
        "actions_summary": [
          {
            "id": 2,
            "count": 1,
            "can_act": true
          },
          {
            "id": 6,
            "can_act": true
          },
          {
            "id": 3,
            "can_act": true
          },
          {
            "id": 4,
            "can_act": true
          },
          {
            "id": 8,
            "can_act": true
          },
          {
            "id": 10,
            "can_act": true
          },
          {
            "id": 7,
            "can_act": true
          }
        ],
        "moderator": false,
        "admin": false,
        "staff": false,
        "user_id": 7193,
        "hidden": false,
        "trust_level": 1,
        "deleted_at": null,
        "user_deleted": false,
        "edit_reason": null,
        "can_view_edit_history": true,
        "wiki": false,
        "post_url": "/t/project-1-tds-score-not-showing-i/168916/21",
        "user_cakedate": "2021-09-12",
        "reactions": [
          {
            "id": "heart",
            "type": "emoji",
            "count": 1
          }
        ],
        "current_user_reaction": null,
        "reaction_users_count": 1,
        "current_user_used_main_reaction": false,
        "can_accept_answer": false,
        "can_unaccept_answer": false,
        "accepted_answer": false,
        "topic_accepted_answer": null
      },
      {
        "id": 615233,
        "name": "ABHIJEET KUMAR ",
        "username": "23f2004912",
        "avatar_template": "/user_avatar/discourse.onlinedegree.iitm.ac.in/23f2004912/{size}/108710_2.png",
        "created_at": "2025-04-04T10:27:01.874Z",
        "cooked": "<p>And that’s precisely why I refer to him as Lord Carlton — calm on the outside, kind at the core. <img src=\"https://emoji.discourse-cdn.com/google/saluting_face.png?v=14\" title=\":saluting_face:\" class=\"emoji\" alt=\":saluting_face:\" loading=\"lazy\" width=\"20\" height=\"20\"><img src=\"https://emoji.discourse-cdn.com/google/crown.png?v=14\" title=\":crown:\" class=\"emoji\" alt=\":crown:\" loading=\"lazy\" width=\"20\" height=\"20\"></p>",
        "post_number": 22,
        "post_type": 1,
        "posts_count": 23,
        "updated_at": "2025-04-04T10:27:01.874Z",
        "reply_count": 0,
        "reply_to_post_number": 21,
        "quote_count": 0,
        "incoming_link_count": 0,
        "reads": 40,
        "readers_count": 39,
        "score": 67.2,
        "yours": false,
        "topic_id": 168916,
        "topic_slug": "project-1-tds-score-not-showing-i",
        "display_username": "ABHIJEET KUMAR ",
        "primary_group_name": "ds-students",
        "flair_name": "ds-students",
        "flair_url": null,
        "flair_bg_color": "",
        "flair_color": "",
        "flair_group_id": 294,
        "badges_granted": [],
        "version": 1,
        "can_edit": false,
        "can_delete": false,
        "can_recover": false,
        "can_see_hidden_post": false,
        "can_wiki": false,
        "read": false,
        "user_title": null,
        "reply_to_user": {
          "id": 7193,
          "username": "lakshaygarg654",
          "name": "LAKSHAY",
          "avatar_template": "/user_avatar/discourse.onlinedegree.iitm.ac.in/lakshaygarg654/{size}/129814_2.png"
        },
        "bookmarked": false,
        "actions_summary": [
          {
            "id": 2,
            "count": 4,
            "can_act": true
          },
          {
            "id": 6,
            "can_act": true
          },
          {
            "id": 3,
            "can_act": true
          },
          {
            "id": 4,
            "can_act": true
          },
          {
            "id": 8,
            "can_act": true
          },
          {
            "id": 10,
            "can_act": true
          },
          {
            "id": 7,
            "can_act": true
          }
        ],
        "moderator": false,
        "admin": false,
        "staff": false,
        "user_id": 21980,
        "hidden": false,
        "trust_level": 1,
        "deleted_at": null,
        "user_deleted": false,
        "edit_reason": null,
        "can_view_edit_history": true,
        "wiki": false,
        "post_url": "/t/project-1-tds-score-not-showing-i/168916/22",
        "user_cakedate": "2023-09-18",
        "reactions": [
          {
            "id": "heart",
            "type": "emoji",
            "count": 4
          }
        ],
        "current_user_reaction": null,
        "reaction_users_count": 4,
        "current_user_used_main_reaction": false,
        "can_accept_answer": false,
        "can_unaccept_answer": false,
        "accepted_answer": false,
        "topic_accepted_answer": null
      },
      {
        "id": 615519,
        "name": "Mayank Singh",
        "username": "23f1000598",
        "avatar_template": "/user_avatar/discourse.onlinedegree.iitm.ac.in/23f1000598/{size}/56200_2.png",
        "created_at": "2025-04-05T09:39:18.081Z",
        "cooked": "<p>Sir , I also didn’t received any mail regards proj 1 score ?<br>\nIs my pre req passed or failed ??<br>\nmy mail id 23f1000598@ds.study.iitm.ac.in<br>\n<a class=\"mention\" href=\"/u/carlton\">@carlton</a></p>",
        "post_number": 23,
        "post_type": 1,
        "posts_count": 23,
        "updated_at": "2025-04-05T09:49:25.805Z",
        "reply_count": 0,
        "reply_to_post_number": 15,
        "quote_count": 0,
        "incoming_link_count": 0,
        "reads": 27,
        "readers_count": 26,
        "score": 4.6,
        "yours": false,
        "topic_id": 168916,
        "topic_slug": "project-1-tds-score-not-showing-i",
        "display_username": "Mayank Singh",
        "primary_group_name": "ds-students",
        "flair_name": "ds-students",
        "flair_url": null,
        "flair_bg_color": "",
        "flair_color": "",
        "flair_group_id": 294,
        "badges_granted": [],
        "version": 2,
        "can_edit": false,
        "can_delete": false,
        "can_recover": false,
        "can_see_hidden_post": false,
        "can_wiki": false,
        "read": false,
        "user_title": "",
        "reply_to_user": {
          "id": 16094,
          "username": "carlton",
          "name": "Carlton D'Silva",
          "avatar_template": "/user_avatar/discourse.onlinedegree.iitm.ac.in/carlton/{size}/56317_2.png"
        },
        "bookmarked": false,
        "actions_summary": [
          {
            "id": 2,
            "can_act": true
          },
          {
            "id": 6,
            "can_act": true
          },
          {
            "id": 3,
            "can_act": true
          },
          {
            "id": 4,
            "can_act": true
          },
          {
            "id": 8,
            "can_act": true
          },
          {
            "id": 10,
            "can_act": true
          },
          {
            "id": 7,
            "can_act": true
          }
        ],
        "moderator": false,
        "admin": false,
        "staff": false,
        "user_id": 15692,
        "hidden": false,
        "trust_level": 1,
        "deleted_at": null,
        "user_deleted": false,
        "edit_reason": null,
        "can_view_edit_history": true,
        "wiki": false,
        "post_url": "/t/project-1-tds-score-not-showing-i/168916/23",
        "user_cakedate": "2023-01-25",
        "reactions": [],
        "current_user_reaction": null,
        "reaction_users_count": 0,
        "current_user_used_main_reaction": false,
        "can_accept_answer": false,
        "can_unaccept_answer": false,
        "accepted_answer": false,
        "topic_accepted_answer": null
      },
      {
        "id": 615539,
        "name": "VIKASH PRASAD",
        "username": "21f3002277",
        "avatar_template": "/user_avatar/discourse.onlinedegree.iitm.ac.in/21f3002277/{size}/12741_2.png",
        "created_at": "2025-04-05T10:57:46.321Z",
        "cooked": "<p>Sir, <a class=\"mention\" href=\"/u/carlton\">@carlton</a> I also didn’t received any mail regarding Project 1 Score please check and clarify it</p>",
        "post_number": 24,
        "post_type": 1,
        "posts_count": 23,
        "updated_at": "2025-04-05T10:57:46.321Z",
        "reply_count": 0,
        "reply_to_post_number": null,
        "quote_count": 0,
        "incoming_link_count": 0,
        "reads": 24,
        "readers_count": 23,
        "score": 4.0,
        "yours": false,
        "topic_id": 168916,
        "topic_slug": "project-1-tds-score-not-showing-i",
        "display_username": "VIKASH PRASAD",
        "primary_group_name": "ds-students",
        "flair_name": "ds-students",
        "flair_url": null,
        "flair_bg_color": "",
        "flair_color": "",
        "flair_group_id": 294,
        "badges_granted": [],
        "version": 1,
        "can_edit": false,
        "can_delete": false,
        "can_recover": false,
        "can_see_hidden_post": false,
        "can_wiki": false,
        "read": false,
        "user_title": null,
        "bookmarked": false,
        "actions_summary": [
          {
            "id": 2,
            "can_act": true
          },
          {
            "id": 6,
            "can_act": true
          },
          {
            "id": 3,
            "can_act": true
          },
          {
            "id": 4,
            "can_act": true
          },
          {
            "id": 8,
            "can_act": true
          },
          {
            "id": 10,
            "can_act": true
          },
          {
            "id": 7,
            "can_act": true
          }
        ],
        "moderator": false,
        "admin": false,
        "staff": false,
        "user_id": 11755,
        "hidden": false,
        "trust_level": 1,
        "deleted_at": null,
        "user_deleted": false,
        "edit_reason": null,
        "can_view_edit_history": true,
        "wiki": false,
        "post_url": "/t/project-1-tds-score-not-showing-i/168916/24",
        "user_cakedate": "2022-02-08",
        "reactions": [],
        "current_user_reaction": null,
        "reaction_users_count": 0,
        "current_user_used_main_reaction": false,
        "can_accept_answer": false,
        "can_unaccept_answer": false,
        "accepted_answer": false,
        "topic_accepted_answer": null
      }
    ],
    "stream": [
      601985,
      602014,
      611830,
      611833,
      612137,
      612148,
      612152,
      612166,
      612270,
      612280,
      612316,
      612556,
      613018,
      613033,
      613123,
      613874,
      615198,
      615199,
      615206,
      615216,
      615233,
      615519,
      615539
    ]
  },
  "timeline_lookup": [
    [
      1,
      90
    ],
    [
      3,
      65
    ],
    [
      5,
      64
    ],
    [
      12,
      63
    ],
    [
      16,
      61
    ],
    [
      17,
      57
    ],
    [
      22,
      56
    ]
  ],
  "tags": [
    "clarification",
    "tds-project-1"
  ],
  "tags_descriptions": {},
  "id": 168916,
  "title": "Project 1 tds score not showing i",
  "fancy_title": "Project 1 tds score not showing i",
  "posts_count": 23,
  "created_at": "2025-03-02T04:22:49.157Z",
  "views": 329,
  "reply_count": 18,
  "like_count": 35,
  "last_posted_at": "2025-04-05T10:57:46.321Z",
  "visible": true,
  "closed": false,
  "archived": false,
  "has_summary": false,
  "archetype": "regular",
  "slug": "project-1-tds-score-not-showing-i",
  "category_id": 34,
  "word_count": 584,
  "deleted_at": null,
  "user_id": 23180,
  "featured_link": null,
  "pinned_globally": false,
  "pinned_at": null,
  "pinned_until": null,
  "image_url": null,
  "slow_mode_seconds": 0,
  "draft": null,
  "draft_key": "topic_168916",
  "draft_sequence": 0,
  "posted": false,
  "unpinned": null,
  "pinned": false,
  "current_post_number": 1,
  "highest_post_number": 24,
  "last_read_post_number": 7,
  "last_read_post_id": 612148,
  "deleted_by": null,
  "actions_summary": [
    {
      "id": 4,
      "count": 0,
      "hidden": false,
      "can_act": true
    },
    {
      "id": 8,
      "count": 0,
      "hidden": false,
      "can_act": true
    },
    {
      "id": 10,
      "count": 0,
      "hidden": false,
      "can_act": true
    },
    {
      "id": 7,
      "count": 0,
      "hidden": false,
      "can_act": true
    }
  ],
  "chunk_size": 20,
  "bookmarked": false,
  "topic_timer": null,
  "message_bus_last_id": 1,
  "participant_count": 12,
  "show_read_indicator": false,
  "thumbnails": null,
  "slow_mode_enabled_until": null,
  "tags_disable_ads": false,
  "related_topics": null,
  "summarizable": false,
  "valid_reactions": [
    "heart",
    "+1",
    "laughing",
    "open_mouth",
    "clap",
    "confetti_ball",
    "rocket",
    "-1"
  ],
  "can_vote": false,
  "vote_count": 0,
  "user_voted": false,
  "discourse_zendesk_plugin_zendesk_id": null,
  "discourse_zendesk_plugin_zendesk_url": "https://your-url.zendesk.com/agent/tickets/",
  "details": {
    "can_edit": false,
    "notification_level": 1,
    "notifications_reason_id": null,
    "can_create_post": true,
    "can_reply_as_new_topic": true,
    "can_flag_topic": true,
    "participants": [
      {
        "id": 16094,
        "username": "carlton",
        "name": "Carlton D'Silva",
        "avatar_template": "/user_avatar/discourse.onlinedegree.iitm.ac.in/carlton/{size}/56317_2.png",
        "post_count": 7,
        "primary_group_name": "ds-students",
        "flair_name": "ds-students",
        "flair_url": null,
        "flair_color": "",
        "flair_bg_color": "",
        "flair_group_id": 294,
        "trust_level": 3
      },
      {
        "id": 21980,
        "username": "23f2004912",
        "name": "ABHIJEET KUMAR ",
        "avatar_template": "/user_avatar/discourse.onlinedegree.iitm.ac.in/23f2004912/{size}/108710_2.png",
        "post_count": 2,
        "primary_group_name": "ds-students",
        "flair_name": "ds-students",
        "flair_url": null,
        "flair_color": "",
        "flair_bg_color": "",
        "flair_group_id": 294,
        "trust_level": 1
      },
      {
        "id": 7193,
        "username": "lakshaygarg654",
        "name": "LAKSHAY",
        "avatar_template": "/user_avatar/discourse.onlinedegree.iitm.ac.in/lakshaygarg654/{size}/129814_2.png",
        "post_count": 2,
        "primary_group_name": "ds-students",
        "flair_name": "ds-students",
        "flair_url": null,
        "flair_color": "",
        "flair_bg_color": "",
        "flair_group_id": 294,
        "trust_level": 1
      },
      {
        "id": 23180,
        "username": "HARISH.S",
        "name": "HARISH. S",
        "avatar_template": "/user_avatar/discourse.onlinedegree.iitm.ac.in/harish.s/{size}/67995_2.png",
        "post_count": 2,
        "primary_group_name": "ds-students",
        "flair_name": "ds-students",
        "flair_url": null,
        "flair_color": "",
        "flair_bg_color": "",
        "flair_group_id": 294,
        "trust_level": 1
      },
      {
        "id": 7034,
        "username": "21f2000709",
        "name": "Pradeep Mondal",
        "avatar_template": "/user_avatar/discourse.onlinedegree.iitm.ac.in/21f2000709/{size}/92157_2.png",
        "post_count": 2,
        "primary_group_name": "ds-students",
        "flair_name": "ds-students",
        "flair_url": null,
        "flair_color": "",
        "flair_bg_color": "",
        "flair_group_id": 294,
        "trust_level": 1
      },
      {
        "id": 17483,
        "username": "roy2003",
        "name": "Shouvik Roy ",
        "avatar_template": "/user_avatar/discourse.onlinedegree.iitm.ac.in/roy2003/{size}/66760_2.png",
        "post_count": 2,
        "primary_group_name": "ds-students",
        "flair_name": "ds-students",
        "flair_url": null,
        "flair_color": "",
        "flair_bg_color": "",
        "flair_group_id": 294,
        "trust_level": 1
      },
      {
        "id": 5168,
        "username": "Nomad",
        "name": "Ajit",
        "avatar_template": "/user_avatar/discourse.onlinedegree.iitm.ac.in/nomad/{size}/345_2.png",
        "post_count": 1,
        "primary_group_name": "ds-students",
        "flair_name": "ds-students",
        "flair_url": null,
        "flair_color": "",
        "flair_bg_color": "",
        "flair_group_id": 294,
        "trust_level": 1
      },
      {
        "id": 15692,
        "username": "23f1000598",
        "name": "Mayank Singh",
        "avatar_template": "/user_avatar/discourse.onlinedegree.iitm.ac.in/23f1000598/{size}/56200_2.png",
        "post_count": 1,
        "primary_group_name": "ds-students",
        "flair_name": "ds-students",
        "flair_url": null,
        "flair_color": "",
        "flair_bg_color": "",
        "flair_group_id": 294,
        "trust_level": 1
      },
      {
        "id": 20318,
        "username": "rahul_pathak12",
        "name": "Rahul Pathak",
        "avatar_template": "/user_avatar/discourse.onlinedegree.iitm.ac.in/rahul_pathak12/{size}/68308_2.png",
        "post_count": 1,
        "primary_group_name": "ds-students",
        "flair_name": "ds-students",
        "flair_url": null,
        "flair_color": "",
        "flair_bg_color": "",
        "flair_group_id": 294,
        "trust_level": 1
      },
      {
        "id": 11755,
        "username": "21f3002277",
        "name": "VIKASH PRASAD",
        "avatar_template": "/user_avatar/discourse.onlinedegree.iitm.ac.in/21f3002277/{size}/12741_2.png",
        "post_count": 1,
        "primary_group_name": "ds-students",
        "flair_name": "ds-students",
        "flair_url": null,
        "flair_color": "",
        "flair_bg_color": "",
        "flair_group_id": 294,
        "trust_level": 1
      },
      {
        "id": 17862,
        "username": "23f2000237",
        "name": "Sakthivel S",
        "avatar_template": "/user_avatar/discourse.onlinedegree.iitm.ac.in/23f2000237/{size}/66999_2.png",
        "post_count": 1,
        "primary_group_name": "ds-students",
        "flair_name": "ds-students",
        "flair_url": null,
        "flair_color": "",
        "flair_bg_color": "",
        "flair_group_id": 294,
        "trust_level": 1
      },
      {
        "id": 15168,
        "username": "22f3000118",
        "name": "Diya Dogra",
        "avatar_template": "/user_avatar/discourse.onlinedegree.iitm.ac.in/22f3000118/{size}/119476_2.png",
        "post_count": 1,
        "primary_group_name": "ds-students",
        "flair_name": "ds-students",
        "flair_url": null,
        "flair_color": "",
        "flair_bg_color": "",
        "flair_group_id": 294,
        "trust_level": 0
      }
    ],
    "created_by": {
      "id": 23180,
      "username": "HARISH.S",
      "name": "HARISH. S",
      "avatar_template": "/user_avatar/discourse.onlinedegree.iitm.ac.in/harish.s/{size}/67995_2.png"
    },
    "last_poster": {
      "id": 11755,
      "username": "21f3002277",
      "name": "VIKASH PRASAD",
      "avatar_template": "/user_avatar/discourse.onlinedegree.iitm.ac.in/21f3002277/{size}/12741_2.png"
    }
  },
  "pending_posts": [],
  "bookmarks": []
}