{
  "post_stream": {
    "posts": [
      {
        "id": 617449,
        "name": "Aarush saxena ",
        "username": "23f2005702",
        "avatar_template": "/user_avatar/discourse.onlinedegree.iitm.ac.in/23f2005702/{size}/88240_2.png",
        "created_at": "2025-04-09T13:42:38.841Z",
        "cooked": "<p><a class=\"mention\" href=\"/u/s.anand\">@s.anand</a> <a class=\"mention\" href=\"/u/carlton\">@carlton</a> <a class=\"mention\" href=\"/u/saransh_saini\">@Saransh_Saini</a> <a class=\"mention\" href=\"/u/jivraj\">@Jivraj</a></p>\n<p><strong>“Students are allowed to take help from their pets in completing assignments.”</strong><br>\nSo I did. <img src=\"https://emoji.discourse-cdn.com/google/man_tipping_hand.png?v=14\" title=\":man_tipping_hand:\" class=\"emoji\" alt=\":man_tipping_hand:\" loading=\"lazy\" width=\"20\" height=\"20\"></p>\n<hr>\n<h3><a name=\"p-617449-confession-my-labrador-did-all-my-assignments-1\" class=\"anchor\" href=\"#p-617449-confession-my-labrador-did-all-my-assignments-1\"></a><img src=\"https://emoji.discourse-cdn.com/google/dog_face.png?v=14\" title=\":dog_face:\" class=\"emoji\" alt=\":dog_face:\" loading=\"lazy\" width=\"20\" height=\"20\"><img src=\"https://emoji.discourse-cdn.com/google/graduation_cap.png?v=14\" title=\":graduation_cap:\" class=\"emoji\" alt=\":graduation_cap:\" loading=\"lazy\" width=\"20\" height=\"20\"> <em>Confession: My Labrador Did All My Assignments</em> <img src=\"https://emoji.discourse-cdn.com/google/books.png?v=14\" title=\":books:\" class=\"emoji\" alt=\":books:\" loading=\"lazy\" width=\"20\" height=\"20\"><img src=\"https://emoji.discourse-cdn.com/google/laptop.png?v=14\" title=\":laptop:\" class=\"emoji\" alt=\":laptop:\" loading=\"lazy\" width=\"20\" height=\"20\"></h3>\n<p>Yes, I got <strong>great marks</strong> in Assignments, ROEs, and Project 1.<br>\nBut let’s be real…</p>\n<p>It was <strong>my Labrador</strong> who did the actual work <img src=\"https://emoji.discourse-cdn.com/google/service_dog.png?v=14\" title=\":service_dog:\" class=\"emoji\" alt=\":service_dog:\" loading=\"lazy\" width=\"20\" height=\"20\"><img src=\"https://emoji.discourse-cdn.com/google/brain.png?v=14\" title=\":brain:\" class=\"emoji\" alt=\":brain:\" loading=\"lazy\" width=\"20\" height=\"20\"></p>\n<p>While I was snoozing through deadlines, he was:</p>\n<ul>\n<li>Solving <strong>deployment issues</strong> faster than my dev server boots</li>\n<li>Writing <strong>function calling code</strong> like a true GPT whisperer</li>\n<li>Fixing <strong>LLM bugs</strong> that I didn’t even understand</li>\n</ul>\n<p>Meanwhile, I was just vibing in my blanket.<br>\nHe growled at broken APIs.<br>\nI took the credit. <img src=\"https://emoji.discourse-cdn.com/google/nail_polish.png?v=14\" title=\":nail_polish:\" class=\"emoji\" alt=\":nail_polish:\" loading=\"lazy\" width=\"20\" height=\"20\"></p>\n<hr>\n<h3><a name=\"p-617449-message-from-the-dog-developer-2\" class=\"anchor\" href=\"#p-617449-message-from-the-dog-developer-2\"></a><img src=\"https://emoji.discourse-cdn.com/google/loudspeaker.png?v=14\" title=\":loudspeaker:\" class=\"emoji\" alt=\":loudspeaker:\" loading=\"lazy\" width=\"20\" height=\"20\"> Message from the Dog Developer:</h3>\n<blockquote>\n<p>“Thank you all for an awesome semester!<br>\nI learned more than some juniors. From containerization to prompt tuning.<br>\nBut I am <strong>personally offended</strong> by one thing…”</p>\n</blockquote>\n<blockquote>\n<p>“How dare you give <strong>bonus marks on Week 7</strong>?<br>\nI skipped it — just like many — because we were told <em>only best 4 of 7 would count</em>.<br>\nI demand justice. And a belly rub.”<br>\n– <img src=\"https://emoji.discourse-cdn.com/google/dog_face.png?v=14\" title=\":dog_face:\" class=\"emoji\" alt=\":dog_face:\" loading=\"lazy\" width=\"20\" height=\"20\">, Full-stack Labrador &amp; Part-time Therapist</p>\n</blockquote>\n<hr>\n<h3><a name=\"p-617449-moral-of-the-story-3\" class=\"anchor\" href=\"#p-617449-moral-of-the-story-3\"></a><img src=\"https://emoji.discourse-cdn.com/google/paw_prints.png?v=14\" title=\":paw_prints:\" class=\"emoji\" alt=\":paw_prints:\" loading=\"lazy\" width=\"20\" height=\"20\"> Moral of the story:</h3>\n<p>Let your pets help with your coursework.<br>\nYou get the grade. They get the rage.</p>",
        "post_number": 1,
        "post_type": 1,
        "posts_count": 4,
        "updated_at": "2025-04-09T13:42:38.841Z",
        "reply_count": 0,
        "reply_to_post_number": null,
        "quote_count": 0,
        "incoming_link_count": 11,
        "reads": 108,
        "readers_count": 107,
        "score": 195.8,
        "yours": false,
        "topic_id": 172254,
        "topic_slug": "according-to-tds-rule-14-b",
        "display_username": "Aarush saxena ",
        "primary_group_name": "ds-students",
        "flair_name": "ds-students",
        "flair_url": null,
        "flair_bg_color": "",
        "flair_color": "",
        "flair_group_id": 294,
        "badges_granted": [],
        "version": 1,
        "can_edit": false,
        "can_delete": false,
        "can_recover": false,
        "can_see_hidden_post": false,
        "can_wiki": false,
        "read": false,
        "user_title": "",
        "bookmarked": false,
        "actions_summary": [
          {
            "id": 2,
            "count": 8,
            "can_act": true
          },
          {
            "id": 6,
            "can_act": true
          },
          {
            "id": 3,
            "can_act": true
          },
          {
            "id": 4,
            "can_act": true
          },
          {
            "id": 8,
            "can_act": true
          },
          {
            "id": 10,
            "can_act": true
          },
          {
            "id": 7,
            "can_act": true
          }
        ],
        "moderator": false,
        "admin": false,
        "staff": false,
        "user_id": 25223,
        "hidden": false,
        "trust_level": 1,
        "deleted_at": null,
        "user_deleted": false,
        "edit_reason": null,
        "can_view_edit_history": true,
        "wiki": false,
        "post_url": "/t/according-to-tds-rule-14-b/172254/1",
        "user_cakedate": "2024-01-19",
        "reactions": [
          {
            "id": "laughing",
            "type": "emoji",
            "count": 5
          },
          {
            "id": "heart",
            "type": "emoji",
            "count": 3
          }
        ],
        "current_user_reaction": null,
        "reaction_users_count": 8,
        "current_user_used_main_reaction": false,
        "can_accept_answer": false,
        "can_unaccept_answer": false,
        "accepted_answer": false,
        "topic_accepted_answer": null,
        "can_vote": false
      },
      {
        "id": 617454,
        "name": "ABHIJEET KUMAR ",
        "username": "23f2004912",
        "avatar_template": "/user_avatar/discourse.onlinedegree.iitm.ac.in/23f2004912/{size}/108710_2.png",
        "created_at": "2025-04-09T13:51:21.437Z",
        "cooked": "<p>After fighting so much for GA, ROE, Project 1, and Project 2, my inner animal got hurt and fell asleep — and that’s how I ended up missing GA7. Please don’t hurt him any further.</p>\n<p><div class=\"lightbox-wrapper\"><a class=\"lightbox\" href=\"https://europe1.discourse-cdn.com/flex013/uploads/iitm/original/3X/1/8/183ef38f17e30b59becd984de785226c7e94d8a6.avif\" data-download-href=\"/uploads/short-url/3sukAojFOzbkXSuqbUaCTudPv82.avif?dl=1\" title=\"Swarna-48\" rel=\"noopener nofollow ugc\"><img src=\"https://europe1.discourse-cdn.com/flex013/uploads/iitm/original/3X/1/8/183ef38f17e30b59becd984de785226c7e94d8a6.avif\" alt=\"Swarna-48\" data-base62-sha1=\"3sukAojFOzbkXSuqbUaCTudPv82\" width=\"690\" height=\"388\" data-dominant-color=\"878485\"><div class=\"meta\"><svg class=\"fa d-icon d-icon-far-image svg-icon\" aria-hidden=\"true\"><use href=\"#far-image\"></use></svg><span class=\"filename\">Swarna-48</span><span class=\"informations\">1200×675 15.1 KB</span><svg class=\"fa d-icon d-icon-discourse-expand svg-icon\" aria-hidden=\"true\"><use href=\"#discourse-expand\"></use></svg></div></a></div></p>",
        "post_number": 2,
        "post_type": 1,
        "posts_count": 4,
        "updated_at": "2025-04-09T13:51:21.437Z",
        "reply_count": 0,
        "reply_to_post_number": null,
        "quote_count": 0,
        "incoming_link_count": 0,
        "reads": 100,
        "readers_count": 99,
        "score": 94.4,
        "yours": false,
        "topic_id": 172254,
        "topic_slug": "according-to-tds-rule-14-b",
        "display_username": "ABHIJEET KUMAR ",
        "primary_group_name": "ds-students",
        "flair_name": "ds-students",
        "flair_url": null,
        "flair_bg_color": "",
        "flair_color": "",
        "flair_group_id": 294,
        "badges_granted": [],
        "version": 1,
        "can_edit": false,
        "can_delete": false,
        "can_recover": false,
        "can_see_hidden_post": false,
        "can_wiki": false,
        "read": false,
        "user_title": null,
        "bookmarked": false,
        "actions_summary": [
          {
            "id": 2,
            "count": 5,
            "can_act": true
          },
          {
            "id": 6,
            "can_act": true
          },
          {
            "id": 3,
            "can_act": true
          },
          {
            "id": 4,
            "can_act": true
          },
          {
            "id": 8,
            "can_act": true
          },
          {
            "id": 10,
            "can_act": true
          },
          {
            "id": 7,
            "can_act": true
          }
        ],
        "moderator": false,
        "admin": false,
        "staff": false,
        "user_id": 21980,
        "hidden": false,
        "trust_level": 1,
        "deleted_at": null,
        "user_deleted": false,
        "edit_reason": null,
        "can_view_edit_history": true,
        "wiki": false,
        "post_url": "/t/according-to-tds-rule-14-b/172254/2",
        "user_cakedate": "2023-09-18",
        "reactions": [
          {
            "id": "heart",
            "type": "emoji",
            "count": 5
          }
        ],
        "current_user_reaction": null,
        "reaction_users_count": 5,
        "current_user_used_main_reaction": false,
        "can_accept_answer": false,
        "can_unaccept_answer": false,
        "accepted_answer": false,
        "topic_accepted_answer": null
      },
      {
        "id": 617459,
        "name": "Sakthivel S",
        "username": "23f2000237",
        "avatar_template": "/user_avatar/discourse.onlinedegree.iitm.ac.in/23f2000237/{size}/66999_2.png",
        "created_at": "2025-04-09T13:55:29.831Z",
        "cooked": "<p>I know this is obviously a joke but, is there a rule book by any chance ?</p>",
        "post_number": 3,
        "post_type": 1,
        "posts_count": 4,
        "updated_at": "2025-04-09T13:55:29.831Z",
        "reply_count": 0,
        "reply_to_post_number": null,
        "quote_count": 0,
        "incoming_link_count": 0,
        "reads": 101,
        "readers_count": 100,
        "score": 34.2,
        "yours": false,
        "topic_id": 172254,
        "topic_slug": "according-to-tds-rule-14-b",
        "display_username": "Sakthivel S",
        "primary_group_name": "ds-students",
        "flair_name": "ds-students",
        "flair_url": null,
        "flair_bg_color": "",
        "flair_color": "",
        "flair_group_id": 294,
        "badges_granted": [],
        "version": 1,
        "can_edit": false,
        "can_delete": false,
        "can_recover": false,
        "can_see_hidden_post": false,
        "can_wiki": false,
        "read": false,
        "user_title": "",
        "bookmarked": false,
        "actions_summary": [
          {
            "id": 2,
            "count": 1,
            "can_act": true
          },
          {
            "id": 6,
            "can_act": true
          },
          {
            "id": 3,
            "can_act": true
          },
          {
            "id": 4,
            "can_act": true
          },
          {
            "id": 8,
            "can_act": true
          },
          {
            "id": 10,
            "can_act": true
          },
          {
            "id": 7,
            "can_act": true
          }
        ],
        "moderator": false,
        "admin": false,
        "staff": false,
        "user_id": 17862,
        "hidden": false,
        "trust_level": 1,
        "deleted_at": null,
        "user_deleted": false,
        "edit_reason": null,
        "can_view_edit_history": true,
        "wiki": false,
        "post_url": "/t/according-to-tds-rule-14-b/172254/3",
        "user_cakedate": "2023-06-03",
        "user_birthdate": "1904-08-13",
        "reactions": [
          {
            "id": "heart",
            "type": "emoji",
            "count": 1
          }
        ],
        "current_user_reaction": null,
        "reaction_users_count": 1,
        "current_user_used_main_reaction": false,
        "can_accept_answer": false,
        "can_unaccept_answer": false,
        "accepted_answer": false,
        "topic_accepted_answer": null
      },
      {
        "id": 617497,
        "name": "Shouvik Roy ",
        "username": "roy2003",
        "avatar_template": "/user_avatar/discourse.onlinedegree.iitm.ac.in/roy2003/{size}/66760_2.png",
        "created_at": "2025-04-09T14:52:32.741Z",
        "cooked": "<p>I think you feed your dog desi ghee instead of pedigree</p>",
        "post_number": 4,
        "post_type": 1,
        "posts_count": 4,
        "updated_at": "2025-04-09T14:52:32.741Z",
        "reply_count": 0,
        "reply_to_post_number": null,
        "quote_count": 0,
        "incoming_link_count": 1,
        "reads": 97,
        "readers_count": 96,
        "score": 38.4,
        "yours": false,
        "topic_id": 172254,
        "topic_slug": "according-to-tds-rule-14-b",
        "display_username": "Shouvik Roy ",
        "primary_group_name": "ds-students",
        "flair_name": "ds-students",
        "flair_url": null,
        "flair_bg_color": "",
        "flair_color": "",
        "flair_group_id": 294,
        "badges_granted": [],
        "version": 1,
        "can_edit": false,
        "can_delete": false,
        "can_recover": false,
        "can_see_hidden_post": false,
        "can_wiki": false,
        "read": false,
        "user_title": null,
        "bookmarked": false,
        "actions_summary": [
          {
            "id": 2,
            "count": 1,
            "can_act": true
          },
          {
            "id": 6,
            "can_act": true
          },
          {
            "id": 3,
            "can_act": true
          },
          {
            "id": 4,
            "can_act": true
          },
          {
            "id": 8,
            "can_act": true
          },
          {
            "id": 10,
            "can_act": true
          },
          {
            "id": 7,
            "can_act": true
          }
        ],
        "moderator": false,
        "admin": false,
        "staff": false,
        "user_id": 17483,
        "hidden": false,
        "trust_level": 1,
        "deleted_at": null,
        "user_deleted": false,
        "edit_reason": null,
        "can_view_edit_history": true,
        "wiki": false,
        "post_url": "/t/according-to-tds-rule-14-b/172254/4",
        "user_cakedate": "2023-06-03",
        "reactions": [
          {
            "id": "heart",
            "type": "emoji",
            "count": 1
          }
        ],
        "current_user_reaction": null,
        "reaction_users_count": 1,
        "current_user_used_main_reaction": false,
        "can_accept_answer": false,
        "can_unaccept_answer": false,
        "accepted_answer": false,
        "topic_accepted_answer": null
      }
    ],
    "stream": [
      617449,
      617454,
      617459,
      617497
    ]
  },
  "timeline_lookup": [
    [
      1,
      52
    ]
  ],
  "suggested_topics": [
    {
      "id": 173524,
      "title": "GA1 - Development Tools - Discussion Thread [TDS May 2025]",
      "fancy_title": "GA1 - Development Tools - Discussion Thread [TDS May 2025]",
      "slug": "ga1-development-tools-discussion-thread-tds-may-2025",
      "posts_count": 80,
      "reply_count": 51,
      "highest_post_number": 85,
      "image_url": null,
      "created_at": "2025-05-01T11:39:00.734Z",
      "last_posted_at": "2025-05-31T15:34:18.368Z",
      "bumped": true,
      "bumped_at": "2025-05-31T15:34:18.368Z",
      "archetype": "regular",
      "unseen": false,
      "last_read_post_number": 82,
      "unread": 0,
      "new_posts": 3,
      "unread_posts": 3,
      "pinned": false,
      "unpinned": null,
      "visible": true,
      "closed": false,
      "archived": false,
      "notification_level": 2,
      "bookmarked": false,
      "liked": false,
      "tags": [
        "term2-2025",
        "graded-assignment"
      ],
      "tags_descriptions": {},
      "like_count": 25,
      "views": 1155,
      "category_id": 34,
      "featured_link": null,
      "has_accepted_answer": false,
      "posters": [
        {
          "extras": null,
          "description": "Original Poster",
          "user": {
            "id": 9419,
            "username": "s.anand",
            "name": "Anand S",
            "avatar_template": "/user_avatar/discourse.onlinedegree.iitm.ac.in/s.anand/{size}/15264_2.png",
            "primary_group_name": "faculty",
            "flair_name": "faculty",
            "flair_url": "chalkboard-user",
            "flair_bg_color": "f2c26e",
            "flair_color": "000",
            "flair_group_id": 54,
            "trust_level": 4
          }
        },
        {
          "extras": null,
          "description": "Frequent Poster",
          "user": {
            "id": 22472,
            "username": "Advaith52",
            "name": "Advaith Sanil Kumar",
            "avatar_template": "/user_avatar/discourse.onlinedegree.iitm.ac.in/advaith52/{size}/67172_2.png",
            "primary_group_name": "ds-students",
            "flair_name": "ds-students",
            "flair_group_id": 294,
            "trust_level": 1
          }
        },
        {
          "extras": null,
          "description": "Frequent Poster",
          "user": {
            "id": 16094,
            "username": "carlton",
            "name": "Carlton D'Silva",
            "avatar_template": "/user_avatar/discourse.onlinedegree.iitm.ac.in/carlton/{size}/56317_2.png",
            "primary_group_name": "ds-students",
            "flair_name": "ds-students",
            "flair_group_id": 294,
            "trust_level": 3
          }
        },
        {
          "extras": null,
          "description": "Frequent Poster",
          "user": {
            "id": 15658,
            "username": "HritikRoshan_HRM",
            "name": "HRITIK ROSHAN MAURYA",
            "avatar_template": "/user_avatar/discourse.onlinedegree.iitm.ac.in/hritikroshan_hrm/{size}/66975_2.png",
            "primary_group_name": "ds-students",
            "flair_name": "ds-students",
            "flair_group_id": 294,
            "trust_level": 1
          }
        },
        {
          "extras": "latest",
          "description": "Most Recent Poster",
          "user": {
            "id": 12914,
            "username": "iAnimeshS",
            "name": "Animesh",
            "avatar_template": "/user_avatar/discourse.onlinedegree.iitm.ac.in/ianimeshs/{size}/12415_2.png",
            "primary_group_name": "ds-students",
            "flair_name": "ds-students",
            "flair_group_id": 294,
            "trust_level": 1
          }
        }
      ]
    },
    {
      "id": 176789,
      "title": "Vercel deployement error",
      "fancy_title": "Vercel deployement error",
      "slug": "vercel-deployement-error",
      "posts_count": 1,
      "reply_count": 0,
      "highest_post_number": 1,
      "image_url": null,
      "created_at": "2025-05-31T11:55:22.507Z",
      "last_posted_at": "2025-05-31T11:55:22.708Z",
      "bumped": true,
      "bumped_at": "2025-05-31T11:55:22.708Z",
      "archetype": "regular",
      "unseen": true,
      "pinned": false,
      "unpinned": null,
      "visible": true,
      "closed": false,
      "archived": false,
      "bookmarked": null,
      "liked": null,
      "tags": [
        "diploma-level",
        "term2-2025"
      ],
      "tags_descriptions": {},
      "like_count": 0,
      "views": 9,
      "category_id": 34,
      "featured_link": null,
      "has_accepted_answer": false,
      "posters": [
        {
          "extras": "latest single",
          "description": "Original Poster, Most Recent Poster",
          "user": {
            "id": 25506,
            "username": "23f3003724",
            "name": "Vedika Gupta",
            "avatar_template": "/user_avatar/discourse.onlinedegree.iitm.ac.in/23f3003724/{size}/68806_2.png",
            "primary_group_name": "ds-students",
            "flair_name": "ds-students",
            "flair_group_id": 294,
            "trust_level": 1
          }
        }
      ]
    }
  ],
  "tags": [
    "diploma-level"
  ],
  "tags_descriptions": {},
  "id": 172254,
  "title": "📜 According to TDS Rule 14(b):",
  "fancy_title": ":scroll: According to TDS Rule 14(b):",
  "posts_count": 4,
  "created_at": "2025-04-09T13:42:38.627Z",
  "views": 133,
  "reply_count": 0,
  "like_count": 15,
  "last_posted_at": "2025-04-09T14:52:32.741Z",
  "visible": true,
  "closed": false,
  "archived": false,
  "has_summary": false,
  "archetype": "regular",
  "slug": "according-to-tds-rule-14-b",
  "category_id": 34,
  "word_count": 263,
  "deleted_at": null,
  "user_id": 25223,
  "featured_link": null,
  "pinned_globally": false,
  "pinned_at": null,
  "pinned_until": null,
  "image_url": null,
  "slow_mode_seconds": 0,
  "draft": null,
  "draft_key": "topic_172254",
  "draft_sequence": 0,
  "unpinned": null,
  "pinned": false,
  "current_post_number": 1,
  "highest_post_number": 4,
  "deleted_by": null,
  "actions_summary": [
    {
      "id": 4,
      "count": 0,
      "hidden": false,
      "can_act": true
    },
    {
      "id": 8,
      "count": 0,
      "hidden": false,
      "can_act": true
    },
    {
      "id": 10,
      "count": 0,
      "hidden": false,
      "can_act": true
    },
    {
      "id": 7,
      "count": 0,
      "hidden": false,
      "can_act": true
    }
  ],
  "chunk_size": 20,
  "bookmarked": false,
  "topic_timer": null,
  "message_bus_last_id": 8,
  "participant_count": 4,
  "show_read_indicator": false,
  "thumbnails": null,
  "slow_mode_enabled_until": null,
  "tags_disable_ads": false,
  "related_topics": [
    {
      "id": 128097,
      "title": "Urgent: Bonus in TDS",
      "fancy_title": "Urgent: Bonus in TDS",
      "slug": "urgent-bonus-in-tds",
      "posts_count": 16,
      "reply_count": 15,
      "highest_post_number": 22,
      "image_url": null,
      "created_at": "2024-05-03T11:33:36.368Z",
      "last_posted_at": "2024-05-08T07:39:27.481Z",
      "bumped": true,
      "bumped_at": "2024-05-08T07:39:27.481Z",
      "archetype": "regular",
      "unseen": false,
      "pinned": false,
      "unpinned": null,
      "visible": true,
      "closed": false,
      "archived": false,
      "bookmarked": null,
      "liked": null,
      "tags": [
        "clarification"
      ],
      "tags_descriptions": {},
      "like_count": 37,
      "views": 303,
      "category_id": 34,
      "featured_link": null,
      "has_accepted_answer": false,
      "posters": [
        {
          "extras": "latest",
          "description": "Original Poster, Most Recent Poster",
          "user": {
            "id": 4892,
            "username": "himanshutiwari16",
            "name": "Himanshu Tiwari",
            "avatar_template": "/user_avatar/discourse.onlinedegree.iitm.ac.in/himanshutiwari16/{size}/372_2.png",
            "primary_group_name": "ds-students",
            "flair_name": "ds-students",
            "flair_group_id": 294,
            "trust_level": 1
          }
        },
        {
          "extras": null,
          "description": "Frequent Poster",
          "user": {
            "id": 12082,
            "username": "PremKumarGupta",
            "name": "Prem Kumar Gupta ",
            "avatar_template": "https://avatars.discourse-cdn.com/v4/letter/p/b5ac83/{size}.png",
            "primary_group_name": "ds-students",
            "flair_name": "ds-students",
            "flair_group_id": 294,
            "trust_level": 1
          }
        },
        {
          "extras": null,
          "description": "Frequent Poster",
          "user": {
            "id": 3009,
            "username": "Amit1",
            "name": "Amit Kumar Gupta",
            "avatar_template": "/user_avatar/discourse.onlinedegree.iitm.ac.in/amit1/{size}/30210_2.png",
            "primary_group_name": "ds-students",
            "flair_name": "ds-students",
            "flair_group_id": 294,
            "trust_level": 1
          }
        },
        {
          "extras": null,
          "description": "Frequent Poster",
          "user": {
            "id": 16497,
            "username": "RTX11",
            "name": " R",
            "avatar_template": "/user_avatar/discourse.onlinedegree.iitm.ac.in/rtx11/{size}/68228_2.png",
            "primary_group_name": "ds-students",
            "flair_name": "ds-students",
            "flair_group_id": 294,
            "trust_level": 1
          }
        },
        {
          "extras": null,
          "description": "Frequent Poster",
          "user": {
            "id": 14364,
            "username": "22f2001362",
            "name": "Anonymous",
            "avatar_template": "/user_avatar/discourse.onlinedegree.iitm.ac.in/22f2001362/{size}/45392_2.png",
            "primary_group_name": "ds-students",
            "flair_name": "ds-students",
            "flair_group_id": 294,
            "trust_level": 1
          }
        }
      ]
    },
    {
      "id": 160097,
      "title": "My Feedback for this Course",
      "fancy_title": "My Feedback for this Course",
      "slug": "my-feedback-for-this-course",
      "posts_count": 5,
      "reply_count": 1,
      "highest_post_number": 5,
      "image_url": null,
      "created_at": "2024-12-23T10:59:36.850Z",
      "last_posted_at": "2025-04-29T12:31:33.572Z",
      "bumped": true,
      "bumped_at": "2025-04-29T12:31:33.572Z",
      "archetype": "regular",
      "unseen": false,
      "pinned": false,
      "unpinned": null,
      "visible": true,
      "closed": false,
      "archived": false,
      "bookmarked": null,
      "liked": null,
      "tags": [
        "miscellaneous"
      ],
      "tags_descriptions": {},
      "like_count": 3,
      "views": 166,
      "category_id": 34,
      "featured_link": null,
      "has_accepted_answer": false,
      "posters": [
        {
          "extras": "latest",
          "description": "Original Poster, Most Recent Poster",
          "user": {
            "id": 21929,
            "username": "23f1001947",
            "name": "amit_kulkarni",
            "avatar_template": "/user_avatar/discourse.onlinedegree.iitm.ac.in/23f1001947/{size}/133968_2.png",
            "primary_group_name": "ds-students",
            "flair_name": "ds-students",
            "flair_group_id": 294,
            "trust_level": 1
          }
        },
        {
          "extras": null,
          "description": "Frequent Poster",
          "user": {
            "id": 16094,
            "username": "carlton",
            "name": "Carlton D'Silva",
            "avatar_template": "/user_avatar/discourse.onlinedegree.iitm.ac.in/carlton/{size}/56317_2.png",
            "primary_group_name": "ds-students",
            "flair_name": "ds-students",
            "flair_group_id": 294,
            "trust_level": 3
          }
        },
        {
          "extras": null,
          "description": "Frequent Poster",
          "user": {
            "id": 29417,
            "username": "lifelonglearner",
            "name": "Prasad",
            "avatar_template": "/user_avatar/discourse.onlinedegree.iitm.ac.in/lifelonglearner/{size}/67019_2.png",
            "primary_group_name": "ds-students",
            "flair_name": "ds-students",
            "flair_group_id": 294,
            "trust_level": 1
          }
        },
        {
          "extras": null,
          "description": "Frequent Poster",
          "user": {
            "id": 17759,
            "username": "23f1001823",
            "name": "SHOBHIT SHARMA",
            "avatar_template": "/user_avatar/discourse.onlinedegree.iitm.ac.in/23f1001823/{size}/66937_2.png",
            "primary_group_name": "ds-students",
            "flair_name": "ds-students",
            "flair_group_id": 294,
            "trust_level": 1
          }
        }
      ]
    },
    {
      "id": 44362,
      "title": "Regarding tds course project marks",
      "fancy_title": "Regarding tds course project marks",
      "slug": "regarding-tds-course-project-marks",
      "posts_count": 4,
      "reply_count": 2,
      "highest_post_number": 4,
      "image_url": null,
      "created_at": "2022-04-08T16:54:25.430Z",
      "last_posted_at": "2022-04-10T08:20:15.562Z",
      "bumped": true,
      "bumped_at": "2022-04-10T08:20:15.562Z",
      "archetype": "regular",
      "unseen": false,
      "pinned": false,
      "unpinned": null,
      "visible": true,
      "closed": false,
      "archived": false,
      "bookmarked": null,
      "liked": null,
      "tags": [
        "clarification"
      ],
      "tags_descriptions": {},
      "like_count": 2,
      "views": 188,
      "category_id": 34,
      "featured_link": null,
      "has_accepted_answer": false,
      "posters": [
        {
          "extras": null,
          "description": "Original Poster",
          "user": {
            "id": 6443,
            "username": "21f2001580",
            "name": "Rishabh Jain",
            "avatar_template": "/user_avatar/discourse.onlinedegree.iitm.ac.in/21f2001580/{size}/20946_2.png",
            "primary_group_name": "ds-students",
            "flair_name": "ds-students",
            "flair_group_id": 294,
            "trust_level": 1
          }
        },
        {
          "extras": "latest",
          "description": "Most Recent Poster",
          "user": {
            "id": 1062,
            "username": "winterrolls",
            "name": "Kautuk N D",
            "avatar_template": "/user_avatar/discourse.onlinedegree.iitm.ac.in/winterrolls/{size}/24435_2.png",
            "primary_group_name": "ds-students",
            "flair_name": "ds-students",
            "flair_group_id": 294,
            "trust_level": 1
          }
        }
      ]
    },
    {
      "id": 167344,
      "title": "Project 1 - Casual banter",
      "fancy_title": "Project 1 - Casual banter",
      "slug": "project-1-casual-banter",
      "posts_count": 13,
      "reply_count": 1,
      "highest_post_number": 14,
      "image_url": "https://europe1.discourse-cdn.com/flex013/uploads/iitm/original/3X/7/7/7742d688f4b033b15ac1a4af0c1f2eda19c31093.jpeg",
      "created_at": "2025-02-15T16:55:08.372Z",
      "last_posted_at": "2025-02-19T11:01:00.149Z",
      "bumped": true,
      "bumped_at": "2025-02-19T11:00:09.443Z",
      "archetype": "regular",
      "unseen": false,
      "pinned": false,
      "unpinned": null,
      "visible": true,
      "closed": false,
      "archived": false,
      "bookmarked": null,
      "liked": null,
      "tags": [
        "term1-2025",
        "tds-project-1"
      ],
      "tags_descriptions": {},
      "like_count": 54,
      "views": 211,
      "category_id": 34,
      "featured_link": null,
      "has_accepted_answer": true,
      "posters": [
        {
          "extras": null,
          "description": "Original Poster",
          "user": {
            "id": 22294,
            "username": "TheVishal",
            "name": "Vishal Baraiya",
            "avatar_template": "/user_avatar/discourse.onlinedegree.iitm.ac.in/thevishal/{size}/110717_2.png",
            "primary_group_name": "ds-students",
            "flair_name": "ds-students",
            "flair_group_id": 294,
            "trust_level": 1
          }
        },
        {
          "extras": null,
          "description": "Frequent Poster, Accepted Answer",
          "user": {
            "id": 16094,
            "username": "carlton",
            "name": "Carlton D'Silva",
            "avatar_template": "/user_avatar/discourse.onlinedegree.iitm.ac.in/carlton/{size}/56317_2.png",
            "primary_group_name": "ds-students",
            "flair_name": "ds-students",
            "flair_group_id": 294,
            "trust_level": 3
          }
        },
        {
          "extras": null,
          "description": "Frequent Poster",
          "user": {
            "id": 16921,
            "username": "AyushTiwari",
            "name": "Ayush Tiwari",
            "avatar_template": "/user_avatar/discourse.onlinedegree.iitm.ac.in/ayushtiwari/{size}/124622_2.png",
            "primary_group_name": "ds-students",
            "flair_name": "ds-students",
            "flair_group_id": 294,
            "trust_level": 1
          }
        },
        {
          "extras": null,
          "description": "Frequent Poster",
          "user": {
            "id": 14179,
            "username": "rohitgarg",
            "name": "Rohit Garg",
            "avatar_template": "/user_avatar/discourse.onlinedegree.iitm.ac.in/rohitgarg/{size}/76048_2.png",
            "primary_group_name": "ds-students",
            "flair_name": "ds-students",
            "flair_group_id": 294,
            "trust_level": 1
          }
        },
        {
          "extras": "latest",
          "description": "Most Recent Poster",
          "user": {
            "id": 15651,
            "username": "Jivraj",
            "name": "Jivraj Singh Shekhawat",
            "avatar_template": "https://avatars.discourse-cdn.com/v4/letter/j/b9bd4f/{size}.png",
            "primary_group_name": "ds-students",
            "flair_name": "ds-students",
            "flair_group_id": 294,
            "trust_level": 2
          }
        }
      ]
    },
    {
      "id": 144724,
      "title": "How was your paper and overall experience of TDS",
      "fancy_title": "How was your paper and overall experience of TDS",
      "slug": "how-was-your-paper-and-overall-experience-of-tds",
      "posts_count": 8,
      "reply_count": 1,
      "highest_post_number": 8,
      "image_url": null,
      "created_at": "2024-09-01T14:53:16.653Z",
      "last_posted_at": "2024-09-03T08:20:21.780Z",
      "bumped": true,
      "bumped_at": "2024-09-03T08:20:21.780Z",
      "archetype": "regular",
      "unseen": false,
      "pinned": false,
      "unpinned": null,
      "visible": true,
      "closed": false,
      "archived": false,
      "bookmarked": null,
      "liked": null,
      "tags": [
        "miscellaneous"
      ],
      "tags_descriptions": {},
      "like_count": 20,
      "views": 186,
      "category_id": 34,
      "featured_link": null,
      "has_accepted_answer": false,
      "posters": [
        {
          "extras": null,
          "description": "Original Poster",
          "user": {
            "id": 8282,
            "username": "21f3002243",
            "name": "Palash_H",
            "avatar_template": "/user_avatar/discourse.onlinedegree.iitm.ac.in/21f3002243/{size}/13054_2.png",
            "primary_group_name": "ds-students",
            "flair_name": "ds-students",
            "flair_group_id": 294,
            "trust_level": 1
          }
        },
        {
          "extras": null,
          "description": "Frequent Poster",
          "user": {
            "id": 22602,
            "username": "eram1011",
            "name": "Eram Nishat",
            "avatar_template": "/user_avatar/discourse.onlinedegree.iitm.ac.in/eram1011/{size}/102787_2.png",
            "primary_group_name": "ds-students",
            "flair_name": "ds-students",
            "flair_group_id": 294,
            "trust_level": 1
          }
        },
        {
          "extras": null,
          "description": "Frequent Poster",
          "user": {
            "id": 6563,
            "username": "21f3000759",
            "name": "Swati Jain",
            "avatar_template": "/user_avatar/discourse.onlinedegree.iitm.ac.in/21f3000759/{size}/23528_2.png",
            "primary_group_name": "ds-students",
            "flair_name": "ds-students",
            "flair_group_id": 294,
            "trust_level": 1
          }
        },
        {
          "extras": null,
          "description": "Frequent Poster",
          "user": {
            "id": 15826,
            "username": "iitmanupam",
            "name": "Anupam Chandra",
            "avatar_template": "/user_avatar/discourse.onlinedegree.iitm.ac.in/iitmanupam/{size}/56694_2.png",
            "primary_group_name": "ds-students",
            "flair_name": "ds-students",
            "flair_group_id": 294,
            "trust_level": 2
          }
        },
        {
          "extras": "latest",
          "description": "Most Recent Poster",
          "user": {
            "id": 13884,
            "username": "22f1000022",
            "name": "RAJESH RAMAKRISHNAN",
            "avatar_template": "/user_avatar/discourse.onlinedegree.iitm.ac.in/22f1000022/{size}/67132_2.png",
            "primary_group_name": "ds-students",
            "flair_name": "ds-students",
            "flair_group_id": 294,
            "trust_level": 1
          }
        }
      ]
    }
  ],
  "summarizable": false,
  "valid_reactions": [
    "heart",
    "+1",
    "laughing",
    "open_mouth",
    "clap",
    "confetti_ball",
    "rocket",
    "-1"
  ],
  "can_vote": false,
  "vote_count": 0,
  "user_voted": false,
  "discourse_zendesk_plugin_zendesk_id": null,
  "discourse_zendesk_plugin_zendesk_url": "https://your-url.zendesk.com/agent/tickets/",
  "details": {
    "can_edit": false,
    "notification_level": 1,
    "can_create_post": true,
    "can_reply_as_new_topic": true,
    "can_flag_topic": true,
    "participants": [
      {
        "id": 17483,
        "username": "roy2003",
        "name": "Shouvik Roy ",
        "avatar_template": "/user_avatar/discourse.onlinedegree.iitm.ac.in/roy2003/{size}/66760_2.png",
        "post_count": 1,
        "primary_group_name": "ds-students",
        "flair_name": "ds-students",
        "flair_url": null,
        "flair_color": "",
        "flair_bg_color": "",
        "flair_group_id": 294,
        "trust_level": 1
      },
      {
        "id": 21980,
        "username": "23f2004912",
        "name": "ABHIJEET KUMAR ",
        "avatar_template": "/user_avatar/discourse.onlinedegree.iitm.ac.in/23f2004912/{size}/108710_2.png",
        "post_count": 1,
        "primary_group_name": "ds-students",
        "flair_name": "ds-students",
        "flair_url": null,
        "flair_color": "",
        "flair_bg_color": "",
        "flair_group_id": 294,
        "trust_level": 1
      },
      {
        "id": 25223,
        "username": "23f2005702",
        "name": "Aarush saxena ",
        "avatar_template": "/user_avatar/discourse.onlinedegree.iitm.ac.in/23f2005702/{size}/88240_2.png",
        "post_count": 1,
        "primary_group_name": "ds-students",
        "flair_name": "ds-students",
        "flair_url": null,
        "flair_color": "",
        "flair_bg_color": "",
        "flair_group_id": 294,
        "trust_level": 1
      },
      {
        "id": 17862,
        "username": "23f2000237",
        "name": "Sakthivel S",
        "avatar_template": "/user_avatar/discourse.onlinedegree.iitm.ac.in/23f2000237/{size}/66999_2.png",
        "post_count": 1,
        "primary_group_name": "ds-students",
        "flair_name": "ds-students",
        "flair_url": null,
        "flair_color": "",
        "flair_bg_color": "",
        "flair_group_id": 294,
        "trust_level": 1
      }
    ],
    "created_by": {
      "id": 25223,
      "username": "23f2005702",
      "name": "Aarush saxena ",
      "avatar_template": "/user_avatar/discourse.onlinedegree.iitm.ac.in/23f2005702/{size}/88240_2.png"
    },
    "last_poster": {
      "id": 17483,
      "username": "roy2003",
      "name": "Shouvik Roy ",
      "avatar_template": "/user_avatar/discourse.onlinedegree.iitm.ac.in/roy2003/{size}/66760_2.png"
    }
  },
  "pending_posts": [],
  "bookmarks": []
}