{
  "post_stream": {
    "posts": [
      {
        "id": 596885,
        "name": "Aniruddha Mukherjee",
        "username": "23f1003186",
        "avatar_template": "/user_avatar/discourse.onlinedegree.iitm.ac.in/23f1003186/{size}/66745_2.png",
        "created_at": "2025-02-19T06:13:13.570Z",
        "cooked": "<p>The deadlines mentioned in the Grading Document provided and the TDS website (<a href=\"http://s-anand.net\" rel=\"noopener nofollow ugc\">s-anand.net</a>) are different. Project-1’s deadline was 15 Feb, it was then postponed to the 16th of Feb. Can this be reflected here?<br>\nNot affecting me particularly, however, it’s good to be consistent across channels of communication to the students…</p>\n<p><div class=\"lightbox-wrapper\"><a class=\"lightbox\" href=\"https://europe1.discourse-cdn.com/flex013/uploads/iitm/original/3X/d/6/d6f1b7044757c29a9ff64c6d9f38afcb1829c308.png\" data-download-href=\"/uploads/short-url/uFu382S2l0tDin8oNSIKObrDuZO.png?dl=1\" title=\"grab-IIT-Madras--Microsoft Edge_at_11.39.08_on__19-02-2025__003297\" rel=\"noopener nofollow ugc\"><img src=\"https://europe1.discourse-cdn.com/flex013/uploads/iitm/optimized/3X/d/6/d6f1b7044757c29a9ff64c6d9f38afcb1829c308_2_635x500.png\" alt=\"grab-IIT-Madras--Microsoft Edge_at_11.39.08_on__19-02-2025__003297\" data-base62-sha1=\"uFu382S2l0tDin8oNSIKObrDuZO\" width=\"635\" height=\"500\" srcset=\"https://europe1.discourse-cdn.com/flex013/uploads/iitm/optimized/3X/d/6/d6f1b7044757c29a9ff64c6d9f38afcb1829c308_2_635x500.png, https://europe1.discourse-cdn.com/flex013/uploads/iitm/optimized/3X/d/6/d6f1b7044757c29a9ff64c6d9f38afcb1829c308_2_952x750.png 1.5x, https://europe1.discourse-cdn.com/flex013/uploads/iitm/optimized/3X/d/6/d6f1b7044757c29a9ff64c6d9f38afcb1829c308_2_1270x1000.png 2x\" data-dominant-color=\"EAEAEF\"><div class=\"meta\"><svg class=\"fa d-icon d-icon-far-image svg-icon\" aria-hidden=\"true\"><use href=\"#far-image\"></use></svg><span class=\"filename\">grab-IIT-Madras--Microsoft Edge_at_11.39.08_on__19-02-2025__003297</span><span class=\"informations\">1484×1168 161 KB</span><svg class=\"fa d-icon d-icon-discourse-expand svg-icon\" aria-hidden=\"true\"><use href=\"#discourse-expand\"></use></svg></div></a></div></p>",
        "post_number": 1,
        "post_type": 1,
        "posts_count": 2,
        "updated_at": "2025-02-19T06:13:13.570Z",
        "reply_count": 0,
        "reply_to_post_number": null,
        "quote_count": 0,
        "incoming_link_count": 1,
        "reads": 35,
        "readers_count": 34,
        "score": 41.0,
        "yours": false,
        "topic_id": 167679,
        "topic_slug": "inconsistent-information-in-the-grading-document-and-the-website",
        "display_username": "Aniruddha Mukherjee",
        "primary_group_name": "ds-students",
        "flair_name": "ds-students",
        "flair_url": null,
        "flair_bg_color": "",
        "flair_color": "",
        "flair_group_id": 294,
        "badges_granted": [],
        "version": 1,
        "can_edit": false,
        "can_delete": false,
        "can_recover": false,
        "can_see_hidden_post": false,
        "can_wiki": false,
        "link_counts": [
          {
            "url": "http://s-anand.net",
            "internal": false,
            "reflection": false,
            "title": "S Anand - S Anand",
            "clicks": 1
          }
        ],
        "read": false,
        "user_title": null,
        "bookmarked": false,
        "actions_summary": [
          {
            "id": 2,
            "count": 2,
            "can_act": true
          },
          {
            "id": 6,
            "can_act": true
          },
          {
            "id": 3,
            "can_act": true
          },
          {
            "id": 4,
            "can_act": true
          },
          {
            "id": 8,
            "can_act": true
          },
          {
            "id": 10,
            "can_act": true
          },
          {
            "id": 7,
            "can_act": true
          }
        ],
        "moderator": false,
        "admin": false,
        "staff": false,
        "user_id": 19230,
        "hidden": false,
        "trust_level": 1,
        "deleted_at": null,
        "user_deleted": false,
        "edit_reason": null,
        "can_view_edit_history": true,
        "wiki": false,
        "post_url": "/t/inconsistent-information-in-the-grading-document-and-the-website/167679/1",
        "user_cakedate": "2023-06-08",
        "user_birthdate": "1904-09-19",
        "reactions": [
          {
            "id": "heart",
            "type": "emoji",
            "count": 2
          }
        ],
        "current_user_reaction": null,
        "reaction_users_count": 2,
        "current_user_used_main_reaction": false,
        "can_accept_answer": false,
        "can_unaccept_answer": false,
        "accepted_answer": false,
        "topic_accepted_answer": true,
        "can_vote": false
      },
      {
        "id": 597385,
        "name": "Carlton D'Silva",
        "username": "carlton",
        "avatar_template": "/user_avatar/discourse.onlinedegree.iitm.ac.in/carlton/{size}/56317_2.png",
        "created_at": "2025-02-20T11:41:31.854Z",
        "cooked": "<p><a class=\"mention\" href=\"/u/23f1003186\">@23f1003186</a></p>\n<p>Thanks for letting us know (it might take a little while to fix)</p>\n<p>Kind regards</p>",
        "post_number": 2,
        "post_type": 1,
        "posts_count": 2,
        "updated_at": "2025-02-20T11:41:31.854Z",
        "reply_count": 0,
        "reply_to_post_number": null,
        "quote_count": 0,
        "incoming_link_count": 0,
        "reads": 26,
        "readers_count": 25,
        "score": 19.4,
        "yours": false,
        "topic_id": 167679,
        "topic_slug": "inconsistent-information-in-the-grading-document-and-the-website",
        "display_username": "Carlton D'Silva",
        "primary_group_name": "ds-students",
        "flair_name": "ds-students",
        "flair_url": null,
        "flair_bg_color": "",
        "flair_color": "",
        "flair_group_id": 294,
        "badges_granted": [],
        "version": 1,
        "can_edit": false,
        "can_delete": false,
        "can_recover": false,
        "can_see_hidden_post": false,
        "can_wiki": false,
        "read": false,
        "user_title": "Regular",
        "title_is_group": false,
        "bookmarked": false,
        "actions_summary": [
          {
            "id": 2,
            "count": 1,
            "can_act": true
          },
          {
            "id": 6,
            "can_act": true
          },
          {
            "id": 3,
            "can_act": true
          },
          {
            "id": 4,
            "can_act": true
          },
          {
            "id": 8,
            "can_act": true
          },
          {
            "id": 10,
            "can_act": true
          },
          {
            "id": 7,
            "can_act": true
          }
        ],
        "moderator": false,
        "admin": false,
        "staff": false,
        "group_moderator": true,
        "user_id": 16094,
        "hidden": false,
        "trust_level": 3,
        "deleted_at": null,
        "user_deleted": false,
        "edit_reason": null,
        "can_view_edit_history": true,
        "wiki": false,
        "post_url": "/t/inconsistent-information-in-the-grading-document-and-the-website/167679/2",
        "user_cakedate": "2023-01-25",
        "reactions": [
          {
            "id": "heart",
            "type": "emoji",
            "count": 1
          }
        ],
        "current_user_reaction": null,
        "reaction_users_count": 1,
        "current_user_used_main_reaction": false,
        "can_accept_answer": false,
        "can_unaccept_answer": false,
        "accepted_answer": true,
        "topic_accepted_answer": true
      }
    ],
    "stream": [
      596885,
      597385
    ]
  },
  "timeline_lookup": [
    [
      1,
      101
    ],
    [
      2,
      100
    ]
  ],
  "suggested_topics": [
    {
      "id": 173524,
      "title": "GA1 - Development Tools - Discussion Thread [TDS May 2025]",
      "fancy_title": "GA1 - Development Tools - Discussion Thread [TDS May 2025]",
      "slug": "ga1-development-tools-discussion-thread-tds-may-2025",
      "posts_count": 80,
      "reply_count": 51,
      "highest_post_number": 85,
      "image_url": null,
      "created_at": "2025-05-01T11:39:00.734Z",
      "last_posted_at": "2025-05-31T15:34:18.368Z",
      "bumped": true,
      "bumped_at": "2025-05-31T15:34:18.368Z",
      "archetype": "regular",
      "unseen": false,
      "last_read_post_number": 82,
      "unread": 0,
      "new_posts": 3,
      "unread_posts": 3,
      "pinned": false,
      "unpinned": null,
      "visible": true,
      "closed": false,
      "archived": false,
      "notification_level": 2,
      "bookmarked": false,
      "liked": false,
      "tags": [
        "term2-2025",
        "graded-assignment"
      ],
      "tags_descriptions": {},
      "like_count": 25,
      "views": 1155,
      "category_id": 34,
      "featured_link": null,
      "has_accepted_answer": false,
      "posters": [
        {
          "extras": null,
          "description": "Original Poster",
          "user": {
            "id": 9419,
            "username": "s.anand",
            "name": "Anand S",
            "avatar_template": "/user_avatar/discourse.onlinedegree.iitm.ac.in/s.anand/{size}/15264_2.png",
            "primary_group_name": "faculty",
            "flair_name": "faculty",
            "flair_url": "chalkboard-user",
            "flair_bg_color": "f2c26e",
            "flair_color": "000",
            "flair_group_id": 54,
            "trust_level": 4
          }
        },
        {
          "extras": null,
          "description": "Frequent Poster",
          "user": {
            "id": 22472,
            "username": "Advaith52",
            "name": "Advaith Sanil Kumar",
            "avatar_template": "/user_avatar/discourse.onlinedegree.iitm.ac.in/advaith52/{size}/67172_2.png",
            "primary_group_name": "ds-students",
            "flair_name": "ds-students",
            "flair_group_id": 294,
            "trust_level": 1
          }
        },
        {
          "extras": null,
          "description": "Frequent Poster",
          "user": {
            "id": 16094,
            "username": "carlton",
            "name": "Carlton D'Silva",
            "avatar_template": "/user_avatar/discourse.onlinedegree.iitm.ac.in/carlton/{size}/56317_2.png",
            "primary_group_name": "ds-students",
            "flair_name": "ds-students",
            "flair_group_id": 294,
            "trust_level": 3
          }
        },
        {
          "extras": null,
          "description": "Frequent Poster",
          "user": {
            "id": 15658,
            "username": "HritikRoshan_HRM",
            "name": "HRITIK ROSHAN MAURYA",
            "avatar_template": "/user_avatar/discourse.onlinedegree.iitm.ac.in/hritikroshan_hrm/{size}/66975_2.png",
            "primary_group_name": "ds-students",
            "flair_name": "ds-students",
            "flair_group_id": 294,
            "trust_level": 1
          }
        },
        {
          "extras": "latest",
          "description": "Most Recent Poster",
          "user": {
            "id": 12914,
            "username": "iAnimeshS",
            "name": "Animesh",
            "avatar_template": "/user_avatar/discourse.onlinedegree.iitm.ac.in/ianimeshs/{size}/12415_2.png",
            "primary_group_name": "ds-students",
            "flair_name": "ds-students",
            "flair_group_id": 294,
            "trust_level": 1
          }
        }
      ]
    },
    {
      "id": 176789,
      "title": "Vercel deployement error",
      "fancy_title": "Vercel deployement error",
      "slug": "vercel-deployement-error",
      "posts_count": 1,
      "reply_count": 0,
      "highest_post_number": 1,
      "image_url": null,
      "created_at": "2025-05-31T11:55:22.507Z",
      "last_posted_at": "2025-05-31T11:55:22.708Z",
      "bumped": true,
      "bumped_at": "2025-05-31T11:55:22.708Z",
      "archetype": "regular",
      "unseen": true,
      "pinned": false,
      "unpinned": null,
      "visible": true,
      "closed": false,
      "archived": false,
      "bookmarked": null,
      "liked": null,
      "tags": [
        "diploma-level",
        "term2-2025"
      ],
      "tags_descriptions": {},
      "like_count": 0,
      "views": 9,
      "category_id": 34,
      "featured_link": null,
      "has_accepted_answer": false,
      "posters": [
        {
          "extras": "latest single",
          "description": "Original Poster, Most Recent Poster",
          "user": {
            "id": 25506,
            "username": "23f3003724",
            "name": "Vedika Gupta",
            "avatar_template": "/user_avatar/discourse.onlinedegree.iitm.ac.in/23f3003724/{size}/68806_2.png",
            "primary_group_name": "ds-students",
            "flair_name": "ds-students",
            "flair_group_id": 294,
            "trust_level": 1
          }
        }
      ]
    }
  ],
  "tags": [
    "clarification"
  ],
  "tags_descriptions": {},
  "id": 167679,
  "title": "Inconsistent information in the Grading Document and the website",
  "fancy_title": "Inconsistent information in the Grading Document and the website",
  "posts_count": 2,
  "created_at": "2025-02-19T06:13:13.395Z",
  "views": 45,
  "reply_count": 0,
  "like_count": 3,
  "last_posted_at": "2025-02-20T11:41:31.854Z",
  "visible": true,
  "closed": false,
  "archived": false,
  "has_summary": false,
  "archetype": "regular",
  "slug": "inconsistent-information-in-the-grading-document-and-the-website",
  "category_id": 34,
  "word_count": 85,
  "deleted_at": null,
  "user_id": 19230,
  "featured_link": null,
  "pinned_globally": false,
  "pinned_at": null,
  "pinned_until": null,
  "image_url": "https://europe1.discourse-cdn.com/flex013/uploads/iitm/optimized/3X/d/6/d6f1b7044757c29a9ff64c6d9f38afcb1829c308_2_1024x805.png",
  "slow_mode_seconds": 0,
  "draft": null,
  "draft_key": "topic_167679",
  "draft_sequence": 0,
  "unpinned": null,
  "pinned": false,
  "current_post_number": 1,
  "highest_post_number": 2,
  "deleted_by": null,
  "actions_summary": [
    {
      "id": 4,
      "count": 0,
      "hidden": false,
      "can_act": true
    },
    {
      "id": 8,
      "count": 0,
      "hidden": false,
      "can_act": true
    },
    {
      "id": 10,
      "count": 0,
      "hidden": false,
      "can_act": true
    },
    {
      "id": 7,
      "count": 0,
      "hidden": false,
      "can_act": true
    }
  ],
  "chunk_size": 20,
  "bookmarked": false,
  "topic_timer": null,
  "message_bus_last_id": 0,
  "participant_count": 2,
  "show_read_indicator": false,
  "thumbnails": [
    {
      "max_width": null,
      "max_height": null,
      "width": 1484,
      "height": 1168,
      "url": "https://europe1.discourse-cdn.com/flex013/uploads/iitm/original/3X/d/6/d6f1b7044757c29a9ff64c6d9f38afcb1829c308.png"
    },
    {
      "max_width": 1024,
      "max_height": 1024,
      "width": 1024,
      "height": 805,
      "url": "https://europe1.discourse-cdn.com/flex013/uploads/iitm/optimized/3X/d/6/d6f1b7044757c29a9ff64c6d9f38afcb1829c308_2_1024x805.png"
    }
  ],
  "slow_mode_enabled_until": null,
  "tags_disable_ads": false,
  "related_topics": [
    {
      "id": 140620,
      "title": "TDS project 1 submission deadline",
      "fancy_title": "TDS project 1 submission deadline",
      "slug": "tds-project-1-submission-deadline",
      "posts_count": 4,
      "reply_count": 1,
      "highest_post_number": 4,
      "image_url": null,
      "created_at": "2024-07-21T07:23:32.438Z",
      "last_posted_at": "2024-07-21T13:12:33.257Z",
      "bumped": true,
      "bumped_at": "2024-07-21T13:52:48.785Z",
      "archetype": "regular",
      "unseen": false,
      "pinned": false,
      "unpinned": null,
      "visible": true,
      "closed": false,
      "archived": false,
      "bookmarked": null,
      "liked": null,
      "tags": [
        "clarification",
        "diploma-level",
        "course-portal"
      ],
      "tags_descriptions": {},
      "like_count": 2,
      "views": 78,
      "category_id": 34,
      "featured_link": null,
      "has_accepted_answer": false,
      "posters": [
        {
          "extras": null,
          "description": "Original Poster",
          "user": {
            "id": 14851,
            "username": "harini_saravanan",
            "name": "Harini Saravanan",
            "avatar_template": "https://avatars.discourse-cdn.com/v4/letter/h/ce73a5/{size}.png",
            "primary_group_name": "ds-students",
            "flair_name": "ds-students",
            "flair_group_id": 294,
            "trust_level": 1
          }
        },
        {
          "extras": null,
          "description": "Frequent Poster",
          "user": {
            "id": 16206,
            "username": "22f3001120",
            "name": "Soham",
            "avatar_template": "https://avatars.discourse-cdn.com/v4/letter/2/f05b48/{size}.png",
            "primary_group_name": "ds-students",
            "flair_name": "ds-students",
            "flair_group_id": 294,
            "trust_level": 1
          }
        },
        {
          "extras": "latest",
          "description": "Most Recent Poster",
          "user": {
            "id": 16125,
            "username": "23f1000873",
            "name": "aditya_nupani",
            "avatar_template": "/user_avatar/discourse.onlinedegree.iitm.ac.in/23f1000873/{size}/68296_2.png",
            "primary_group_name": "ds-students",
            "flair_name": "ds-students",
            "flair_group_id": 294,
            "trust_level": 1
          }
        }
      ]
    },
    {
      "id": 155082,
      "title": "The date for submission of Project 1 in Grading document is given as 10th November wile the submission closed on the 31st",
      "fancy_title": "The date for submission of Project 1 in Grading document is given as 10th November wile the submission closed on the 31st",
      "slug": "the-date-for-submission-of-project-1-in-grading-document-is-given-as-10th-november-wile-the-submission-closed-on-the-31st",
      "posts_count": 5,
      "reply_count": 1,
      "highest_post_number": 5,
      "image_url": "https://europe1.discourse-cdn.com/flex013/uploads/iitm/optimized/3X/8/d/8d9621d701cfa781049b7d80592f685e142f8c15_2_1024x407.png",
      "created_at": "2024-11-01T14:31:52.203Z",
      "last_posted_at": "2024-11-05T10:05:50.490Z",
      "bumped": true,
      "bumped_at": "2024-11-01T19:10:20.712Z",
      "archetype": "regular",
      "unseen": false,
      "pinned": false,
      "unpinned": null,
      "visible": true,
      "closed": false,
      "archived": false,
      "bookmarked": null,
      "liked": null,
      "tags": [
        "clarification",
        "operational",
        "term3-2024",
        "tds-project-1"
      ],
      "tags_descriptions": {},
      "like_count": 1,
      "views": 64,
      "category_id": 34,
      "featured_link": null,
      "has_accepted_answer": true,
      "posters": [
        {
          "extras": null,
          "description": "Original Poster",
          "user": {
            "id": 24557,
            "username": "23f2005015",
            "name": "Sneha Ramanathan",
            "avatar_template": "/user_avatar/discourse.onlinedegree.iitm.ac.in/23f2005015/{size}/68148_2.png",
            "primary_group_name": "ds-students",
            "flair_name": "ds-students",
            "flair_group_id": 294,
            "trust_level": 0
          }
        },
        {
          "extras": null,
          "description": "Frequent Poster, Accepted Answer",
          "user": {
            "id": 22540,
            "username": "23f2005121",
            "name": "Azhaan Pary",
            "avatar_template": "/user_avatar/discourse.onlinedegree.iitm.ac.in/23f2005121/{size}/67277_2.png",
            "primary_group_name": "ds-students",
            "flair_name": "ds-students",
            "flair_group_id": 294,
            "trust_level": 1
          }
        },
        {
          "extras": null,
          "description": "Frequent Poster",
          "user": {
            "id": 15764,
            "username": "22f3000983",
            "name": "MADHAVAN R MOHAN",
            "avatar_template": "/user_avatar/discourse.onlinedegree.iitm.ac.in/22f3000983/{size}/97294_2.png",
            "primary_group_name": "ds-students",
            "flair_name": "ds-students",
            "flair_group_id": 294,
            "trust_level": 1
          }
        },
        {
          "extras": "latest",
          "description": "Most Recent Poster",
          "user": {
            "id": 16094,
            "username": "carlton",
            "name": "Carlton D'Silva",
            "avatar_template": "/user_avatar/discourse.onlinedegree.iitm.ac.in/carlton/{size}/56317_2.png",
            "primary_group_name": "ds-students",
            "flair_name": "ds-students",
            "flair_group_id": 294,
            "trust_level": 3
          }
        }
      ]
    },
    {
      "id": 139891,
      "title": "Regarding Project 1 Deadline",
      "fancy_title": "Regarding Project 1 Deadline",
      "slug": "regarding-project-1-deadline",
      "posts_count": 15,
      "reply_count": 10,
      "highest_post_number": 15,
      "image_url": null,
      "created_at": "2024-07-15T14:56:04.263Z",
      "last_posted_at": "2024-07-22T04:38:52.153Z",
      "bumped": true,
      "bumped_at": "2024-07-22T04:38:52.153Z",
      "archetype": "regular",
      "unseen": false,
      "pinned": false,
      "unpinned": null,
      "visible": true,
      "closed": false,
      "archived": false,
      "bookmarked": null,
      "liked": null,
      "tags": [
        "clarification"
      ],
      "tags_descriptions": {},
      "like_count": 11,
      "views": 196,
      "category_id": 34,
      "featured_link": null,
      "has_accepted_answer": false,
      "posters": [
        {
          "extras": null,
          "description": "Original Poster",
          "user": {
            "id": 3517,
            "username": "introvert",
            "name": "introvert",
            "avatar_template": "/user_avatar/discourse.onlinedegree.iitm.ac.in/introvert/{size}/330_2.png",
            "primary_group_name": "ds-students",
            "flair_name": "ds-students",
            "flair_group_id": 294,
            "trust_level": 1
          }
        },
        {
          "extras": null,
          "description": "Frequent Poster",
          "user": {
            "id": 5091,
            "username": "Vijayvm",
            "name": "Vijayanandam V M",
            "avatar_template": "/user_avatar/discourse.onlinedegree.iitm.ac.in/vijayvm/{size}/93_2.png",
            "primary_group_name": "ds-students",
            "flair_name": "ds-students",
            "flair_group_id": 294,
            "trust_level": 1
          }
        },
        {
          "extras": null,
          "description": "Frequent Poster",
          "user": {
            "id": 8713,
            "username": "21f3001419",
            "name": "Vinayak Agrawal",
            "avatar_template": "/user_avatar/discourse.onlinedegree.iitm.ac.in/21f3001419/{size}/27766_2.png",
            "primary_group_name": "ds-students",
            "flair_name": "ds-students",
            "flair_group_id": 294,
            "trust_level": 1
          }
        },
        {
          "extras": null,
          "description": "Frequent Poster",
          "user": {
            "id": 24371,
            "username": "22f3001612",
            "name": "Sadhana Shashidhar",
            "avatar_template": "/user_avatar/discourse.onlinedegree.iitm.ac.in/22f3001612/{size}/66907_2.png",
            "primary_group_name": "ds-students",
            "flair_name": "ds-students",
            "flair_group_id": 294,
            "trust_level": 1
          }
        },
        {
          "extras": "latest",
          "description": "Most Recent Poster",
          "user": {
            "id": 16094,
            "username": "carlton",
            "name": "Carlton D'Silva",
            "avatar_template": "/user_avatar/discourse.onlinedegree.iitm.ac.in/carlton/{size}/56317_2.png",
            "primary_group_name": "ds-students",
            "flair_name": "ds-students",
            "flair_group_id": 294,
            "trust_level": 3
          }
        }
      ]
    },
    {
      "id": 154610,
      "title": "Project Deadline extension?",
      "fancy_title": "Project Deadline extension?",
      "slug": "project-deadline-extension",
      "posts_count": 5,
      "reply_count": 2,
      "highest_post_number": 5,
      "image_url": null,
      "created_at": "2024-10-31T11:10:13.596Z",
      "last_posted_at": "2024-10-31T13:21:50.901Z",
      "bumped": true,
      "bumped_at": "2024-10-31T13:36:09.429Z",
      "archetype": "regular",
      "unseen": false,
      "pinned": false,
      "unpinned": null,
      "visible": true,
      "closed": false,
      "archived": false,
      "bookmarked": null,
      "liked": null,
      "tags": [
        "term3-2024",
        "tds-project-1"
      ],
      "tags_descriptions": {},
      "like_count": 5,
      "views": 105,
      "category_id": 34,
      "featured_link": null,
      "has_accepted_answer": false,
      "posters": [
        {
          "extras": null,
          "description": "Original Poster",
          "user": {
            "id": 32960,
            "username": "Arushi00",
            "name": "Arushi Kalra",
            "avatar_template": "/user_avatar/discourse.onlinedegree.iitm.ac.in/arushi00/{size}/66745_2.png",
            "primary_group_name": "ds-students",
            "flair_name": "ds-students",
            "flair_group_id": 294,
            "trust_level": 1
          }
        },
        {
          "extras": null,
          "description": "Frequent Poster",
          "user": {
            "id": 16094,
            "username": "carlton",
            "name": "Carlton D'Silva",
            "avatar_template": "/user_avatar/discourse.onlinedegree.iitm.ac.in/carlton/{size}/56317_2.png",
            "primary_group_name": "ds-students",
            "flair_name": "ds-students",
            "flair_group_id": 294,
            "trust_level": 3
          }
        },
        {
          "extras": "latest",
          "description": "Most Recent Poster",
          "user": {
            "id": 40077,
            "username": "24ds3000100",
            "name": "Bahni Roy",
            "avatar_template": "/user_avatar/discourse.onlinedegree.iitm.ac.in/24ds3000100/{size}/113366_2.png",
            "primary_group_name": "ds-students",
            "flair_name": "ds-students",
            "flair_group_id": 294,
            "trust_level": 1
          }
        }
      ]
    },
    {
      "id": 97172,
      "title": "I missed my TDS Project 1",
      "fancy_title": "I missed my TDS Project 1",
      "slug": "i-missed-my-tds-project-1",
      "posts_count": 3,
      "reply_count": 0,
      "highest_post_number": 3,
      "image_url": null,
      "created_at": "2023-07-29T15:20:58.158Z",
      "last_posted_at": "2023-07-30T17:26:53.334Z",
      "bumped": true,
      "bumped_at": "2023-07-30T17:26:53.334Z",
      "archetype": "regular",
      "unseen": false,
      "pinned": false,
      "unpinned": null,
      "visible": true,
      "closed": false,
      "archived": false,
      "bookmarked": null,
      "liked": null,
      "tags": [
        "operational",
        "tds-project-1"
      ],
      "tags_descriptions": {},
      "like_count": 3,
      "views": 80,
      "category_id": 34,
      "featured_link": null,
      "has_accepted_answer": false,
      "posters": [
        {
          "extras": null,
          "description": "Original Poster",
          "user": {
            "id": 11895,
            "username": "suyamoon",
            "name": "Suyamoon Pathak",
            "avatar_template": "/user_avatar/discourse.onlinedegree.iitm.ac.in/suyamoon/{size}/56160_2.png",
            "primary_group_name": "ds-students",
            "flair_name": "ds-students",
            "flair_group_id": 294,
            "trust_level": 1
          }
        },
        {
          "extras": "latest",
          "description": "Most Recent Poster",
          "user": {
            "id": 7018,
            "username": "ANURAG_SINGH",
            "name": "ANURAG SINGH",
            "avatar_template": "/user_avatar/discourse.onlinedegree.iitm.ac.in/anurag_singh/{size}/17_2.png",
            "primary_group_name": "ds-students",
            "flair_name": "ds-students",
            "flair_group_id": 294,
            "trust_level": 1
          }
        }
      ]
    }
  ],
  "summarizable": false,
  "valid_reactions": [
    "heart",
    "+1",
    "laughing",
    "open_mouth",
    "clap",
    "confetti_ball",
    "rocket",
    "-1"
  ],
  "accepted_answer": {
    "post_number": 2,
    "username": "carlton",
    "name": null,
    "excerpt": "<a class=\"mention\" href=\"/u/23f1003186\">@23f1003186</a> \nThanks for letting us know (it might take a little while to fix) \nKind regards",
    "accepter_name": null,
    "accepter_username": "23f1003186"
  },
  "can_vote": false,
  "vote_count": 0,
  "user_voted": false,
  "discourse_zendesk_plugin_zendesk_id": null,
  "discourse_zendesk_plugin_zendesk_url": "https://your-url.zendesk.com/agent/tickets/",
  "details": {
    "can_edit": false,
    "notification_level": 1,
    "can_create_post": true,
    "can_reply_as_new_topic": true,
    "can_flag_topic": true,
    "participants": [
      {
        "id": 19230,
        "username": "23f1003186",
        "name": "Aniruddha Mukherjee",
        "avatar_template": "/user_avatar/discourse.onlinedegree.iitm.ac.in/23f1003186/{size}/66745_2.png",
        "post_count": 1,
        "primary_group_name": "ds-students",
        "flair_name": "ds-students",
        "flair_url": null,
        "flair_color": "",
        "flair_bg_color": "",
        "flair_group_id": 294,
        "trust_level": 1
      },
      {
        "id": 16094,
        "username": "carlton",
        "name": "Carlton D'Silva",
        "avatar_template": "/user_avatar/discourse.onlinedegree.iitm.ac.in/carlton/{size}/56317_2.png",
        "post_count": 1,
        "primary_group_name": "ds-students",
        "flair_name": "ds-students",
        "flair_url": null,
        "flair_color": "",
        "flair_bg_color": "",
        "flair_group_id": 294,
        "trust_level": 3
      }
    ],
    "created_by": {
      "id": 19230,
      "username": "23f1003186",
      "name": "Aniruddha Mukherjee",
      "avatar_template": "/user_avatar/discourse.onlinedegree.iitm.ac.in/23f1003186/{size}/66745_2.png"
    },
    "last_poster": {
      "id": 16094,
      "username": "carlton",
      "name": "Carlton D'Silva",
      "avatar_template": "/user_avatar/discourse.onlinedegree.iitm.ac.in/carlton/{size}/56317_2.png"
    },
    "links": [
      {
        "url": "http://s-anand.net",
        "title": "S Anand - S Anand",
        "internal": false,
        "attachment": false,
        "reflection": false,
        "clicks": 1,
        "user_id": 19230,
        "domain": "s-anand.net",
        "root_domain": "s-anand.net"
      }
    ]
  },
  "pending_posts": [],
  "bookmarks": []
}