{
  "post_stream": {
    "posts": [
      {
        "id": 613806,
        "name": "Akula Raja Rajeshwari",
        "username": "raji_13",
        "avatar_template": "/user_avatar/discourse.onlinedegree.iitm.ac.in/raji_13/{size}/110182_2.png",
        "created_at": "2025-03-31T09:36:18.418Z",
        "cooked": "<p>I am really facing difficulty completing Project 2 on time as we had our OPPE exam yesterday, and the past week was dedicated to preparing for it. Additionally, due to an unforeseen emergency, I was unable to write the ROE exam, which resulted in lost marks. This makes it even more crucial for me to perform well in this project to make up for it.</p>\n<p>I sincerely request if it would be possible to extend the deadline by 2 days. This would allow me to put in my best effort and submit quality work. I truly value this opportunity and would be extremely grateful for your consideration.</p>\n<p>Thank you for your time and understanding.</p>",
        "post_number": 1,
        "post_type": 1,
        "posts_count": 2,
        "updated_at": "2025-03-31T09:36:18.418Z",
        "reply_count": 0,
        "reply_to_post_number": null,
        "quote_count": 0,
        "incoming_link_count": 3,
        "reads": 104,
        "readers_count": 103,
        "score": 200.2,
        "yours": false,
        "topic_id": 171428,
        "topic_slug": "request-for-extension-on-tds-project-2-deadline",
        "display_username": "Akula Raja Rajeshwari",
        "primary_group_name": "ds-students",
        "flair_name": "ds-students",
        "flair_url": null,
        "flair_bg_color": "",
        "flair_color": "",
        "flair_group_id": 294,
        "badges_granted": [],
        "version": 1,
        "can_edit": false,
        "can_delete": false,
        "can_recover": false,
        "can_see_hidden_post": false,
        "can_wiki": false,
        "read": false,
        "user_title": null,
        "bookmarked": false,
        "actions_summary": [
          {
            "id": 2,
            "count": 11,
            "can_act": true
          },
          {
            "id": 6,
            "can_act": true
          },
          {
            "id": 3,
            "can_act": true
          },
          {
            "id": 4,
            "can_act": true
          },
          {
            "id": 8,
            "can_act": true
          },
          {
            "id": 10,
            "can_act": true
          },
          {
            "id": 7,
            "can_act": true
          }
        ],
        "moderator": false,
        "admin": false,
        "staff": false,
        "user_id": 26558,
        "hidden": false,
        "trust_level": 0,
        "deleted_at": null,
        "user_deleted": false,
        "edit_reason": null,
        "can_view_edit_history": true,
        "wiki": false,
        "post_url": "/t/request-for-extension-on-tds-project-2-deadline/171428/1",
        "user_cakedate": "2024-02-01",
        "reactions": [
          {
            "id": "heart",
            "type": "emoji",
            "count": 8
          },
          {
            "id": "+1",
            "type": "emoji",
            "count": 3
          }
        ],
        "current_user_reaction": null,
        "reaction_users_count": 11,
        "current_user_used_main_reaction": false,
        "can_accept_answer": false,
        "can_unaccept_answer": false,
        "accepted_answer": false,
        "topic_accepted_answer": null,
        "can_vote": false
      },
      {
        "id": 613975,
        "name": "Ritwik Trivedi",
        "username": "22f1000120",
        "avatar_template": "https://avatars.discourse-cdn.com/v4/letter/2/85f322/{size}.png",
        "created_at": "2025-03-31T18:25:33.133Z",
        "cooked": "<p>A little more time will help us deploy properly as well. <a class=\"mention\" href=\"/u/carlton\">@carlton</a> <a class=\"mention\" href=\"/u/jivraj\">@Jivraj</a> please allow for some more time. Even when working in groups and mixing and matching code… the real messy work is debugging and deployment due to the sheer variety of it. Some are deploying on AWS, some on scalingo, some on Digitalocean, some on Render, some on Azure… even helping amongst ourselves is getting complex because of this.</p>",
        "post_number": 2,
        "post_type": 1,
        "posts_count": 2,
        "updated_at": "2025-03-31T18:25:33.133Z",
        "reply_count": 0,
        "reply_to_post_number": null,
        "quote_count": 0,
        "incoming_link_count": 0,
        "reads": 54,
        "readers_count": 53,
        "score": 40.2,
        "yours": false,
        "topic_id": 171428,
        "topic_slug": "request-for-extension-on-tds-project-2-deadline",
        "display_username": "Ritwik Trivedi",
        "primary_group_name": "ds-students",
        "flair_name": "ds-students",
        "flair_url": null,
        "flair_bg_color": "",
        "flair_color": "",
        "flair_group_id": 294,
        "badges_granted": [],
        "version": 1,
        "can_edit": false,
        "can_delete": false,
        "can_recover": false,
        "can_see_hidden_post": false,
        "can_wiki": false,
        "read": false,
        "user_title": null,
        "bookmarked": false,
        "actions_summary": [
          {
            "id": 2,
            "count": 2,
            "can_act": true
          },
          {
            "id": 6,
            "can_act": true
          },
          {
            "id": 3,
            "can_act": true
          },
          {
            "id": 4,
            "can_act": true
          },
          {
            "id": 8,
            "can_act": true
          },
          {
            "id": 10,
            "can_act": true
          },
          {
            "id": 7,
            "can_act": true
          }
        ],
        "moderator": false,
        "admin": false,
        "staff": false,
        "user_id": 8725,
        "hidden": false,
        "trust_level": 1,
        "deleted_at": null,
        "user_deleted": false,
        "edit_reason": null,
        "can_view_edit_history": true,
        "wiki": false,
        "post_url": "/t/request-for-extension-on-tds-project-2-deadline/171428/2",
        "user_cakedate": "2021-12-30",
        "reactions": [
          {
            "id": "heart",
            "type": "emoji",
            "count": 2
          }
        ],
        "current_user_reaction": null,
        "reaction_users_count": 2,
        "current_user_used_main_reaction": false,
        "can_accept_answer": false,
        "can_unaccept_answer": false,
        "accepted_answer": false,
        "topic_accepted_answer": null
      }
    ],
    "stream": [
      613806,
      613975
    ]
  },
  "timeline_lookup": [
    [
      1,
      61
    ]
  ],
  "suggested_topics": [
    {
      "id": 173524,
      "title": "GA1 - Development Tools - Discussion Thread [TDS May 2025]",
      "fancy_title": "GA1 - Development Tools - Discussion Thread [TDS May 2025]",
      "slug": "ga1-development-tools-discussion-thread-tds-may-2025",
      "posts_count": 80,
      "reply_count": 51,
      "highest_post_number": 85,
      "image_url": null,
      "created_at": "2025-05-01T11:39:00.734Z",
      "last_posted_at": "2025-05-31T15:34:18.368Z",
      "bumped": true,
      "bumped_at": "2025-05-31T15:34:18.368Z",
      "archetype": "regular",
      "unseen": false,
      "last_read_post_number": 82,
      "unread": 0,
      "new_posts": 3,
      "unread_posts": 3,
      "pinned": false,
      "unpinned": null,
      "visible": true,
      "closed": false,
      "archived": false,
      "notification_level": 2,
      "bookmarked": false,
      "liked": false,
      "tags": [
        "term2-2025",
        "graded-assignment"
      ],
      "tags_descriptions": {},
      "like_count": 25,
      "views": 1155,
      "category_id": 34,
      "featured_link": null,
      "has_accepted_answer": false,
      "posters": [
        {
          "extras": null,
          "description": "Original Poster",
          "user": {
            "id": 9419,
            "username": "s.anand",
            "name": "Anand S",
            "avatar_template": "/user_avatar/discourse.onlinedegree.iitm.ac.in/s.anand/{size}/15264_2.png",
            "primary_group_name": "faculty",
            "flair_name": "faculty",
            "flair_url": "chalkboard-user",
            "flair_bg_color": "f2c26e",
            "flair_color": "000",
            "flair_group_id": 54,
            "trust_level": 4
          }
        },
        {
          "extras": null,
          "description": "Frequent Poster",
          "user": {
            "id": 22472,
            "username": "Advaith52",
            "name": "Advaith Sanil Kumar",
            "avatar_template": "/user_avatar/discourse.onlinedegree.iitm.ac.in/advaith52/{size}/67172_2.png",
            "primary_group_name": "ds-students",
            "flair_name": "ds-students",
            "flair_group_id": 294,
            "trust_level": 1
          }
        },
        {
          "extras": null,
          "description": "Frequent Poster",
          "user": {
            "id": 16094,
            "username": "carlton",
            "name": "Carlton D'Silva",
            "avatar_template": "/user_avatar/discourse.onlinedegree.iitm.ac.in/carlton/{size}/56317_2.png",
            "primary_group_name": "ds-students",
            "flair_name": "ds-students",
            "flair_group_id": 294,
            "trust_level": 3
          }
        },
        {
          "extras": null,
          "description": "Frequent Poster",
          "user": {
            "id": 15658,
            "username": "HritikRoshan_HRM",
            "name": "HRITIK ROSHAN MAURYA",
            "avatar_template": "/user_avatar/discourse.onlinedegree.iitm.ac.in/hritikroshan_hrm/{size}/66975_2.png",
            "primary_group_name": "ds-students",
            "flair_name": "ds-students",
            "flair_group_id": 294,
            "trust_level": 1
          }
        },
        {
          "extras": "latest",
          "description": "Most Recent Poster",
          "user": {
            "id": 12914,
            "username": "iAnimeshS",
            "name": "Animesh",
            "avatar_template": "/user_avatar/discourse.onlinedegree.iitm.ac.in/ianimeshs/{size}/12415_2.png",
            "primary_group_name": "ds-students",
            "flair_name": "ds-students",
            "flair_group_id": 294,
            "trust_level": 1
          }
        }
      ]
    },
    {
      "id": 176789,
      "title": "Vercel deployement error",
      "fancy_title": "Vercel deployement error",
      "slug": "vercel-deployement-error",
      "posts_count": 1,
      "reply_count": 0,
      "highest_post_number": 1,
      "image_url": null,
      "created_at": "2025-05-31T11:55:22.507Z",
      "last_posted_at": "2025-05-31T11:55:22.708Z",
      "bumped": true,
      "bumped_at": "2025-05-31T11:55:22.708Z",
      "archetype": "regular",
      "unseen": true,
      "pinned": false,
      "unpinned": null,
      "visible": true,
      "closed": false,
      "archived": false,
      "bookmarked": null,
      "liked": null,
      "tags": [
        "diploma-level",
        "term2-2025"
      ],
      "tags_descriptions": {},
      "like_count": 0,
      "views": 9,
      "category_id": 34,
      "featured_link": null,
      "has_accepted_answer": false,
      "posters": [
        {
          "extras": "latest single",
          "description": "Original Poster, Most Recent Poster",
          "user": {
            "id": 25506,
            "username": "23f3003724",
            "name": "Vedika Gupta",
            "avatar_template": "/user_avatar/discourse.onlinedegree.iitm.ac.in/23f3003724/{size}/68806_2.png",
            "primary_group_name": "ds-students",
            "flair_name": "ds-students",
            "flair_group_id": 294,
            "trust_level": 1
          }
        }
      ]
    }
  ],
  "tags": [
    "diploma-level",
    "tds-project-2"
  ],
  "tags_descriptions": {},
  "id": 171428,
  "title": "Request for Extension on TDS Project 2 Deadline",
  "fancy_title": "Request for Extension on TDS Project 2 Deadline",
  "posts_count": 2,
  "created_at": "2025-03-31T09:36:18.178Z",
  "views": 118,
  "reply_count": 0,
  "like_count": 13,
  "last_posted_at": "2025-03-31T18:25:33.133Z",
  "visible": true,
  "closed": false,
  "archived": false,
  "has_summary": false,
  "archetype": "regular",
  "slug": "request-for-extension-on-tds-project-2-deadline",
  "category_id": 34,
  "word_count": 185,
  "deleted_at": null,
  "user_id": 26558,
  "featured_link": null,
  "pinned_globally": false,
  "pinned_at": null,
  "pinned_until": null,
  "image_url": null,
  "slow_mode_seconds": 0,
  "draft": null,
  "draft_key": "topic_171428",
  "draft_sequence": 0,
  "unpinned": null,
  "pinned": false,
  "current_post_number": 1,
  "highest_post_number": 2,
  "deleted_by": null,
  "actions_summary": [
    {
      "id": 4,
      "count": 0,
      "hidden": false,
      "can_act": true
    },
    {
      "id": 8,
      "count": 0,
      "hidden": false,
      "can_act": true
    },
    {
      "id": 10,
      "count": 0,
      "hidden": false,
      "can_act": true
    },
    {
      "id": 7,
      "count": 0,
      "hidden": false,
      "can_act": true
    }
  ],
  "chunk_size": 20,
  "bookmarked": false,
  "topic_timer": null,
  "message_bus_last_id": 0,
  "participant_count": 2,
  "show_read_indicator": false,
  "thumbnails": null,
  "slow_mode_enabled_until": null,
  "tags_disable_ads": false,
  "related_topics": [
    {
      "id": 158645,
      "title": "Request for Extension of Project-2 Deadline",
      "fancy_title": "Request for Extension of Project-2 Deadline",
      "slug": "request-for-extension-of-project-2-deadline",
      "posts_count": 10,
      "reply_count": 4,
      "highest_post_number": 10,
      "image_url": null,
      "created_at": "2024-12-10T16:17:54.996Z",
      "last_posted_at": "2024-12-11T17:23:08.845Z",
      "bumped": true,
      "bumped_at": "2024-12-11T17:23:08.845Z",
      "archetype": "regular",
      "unseen": false,
      "pinned": false,
      "unpinned": null,
      "visible": true,
      "closed": false,
      "archived": false,
      "bookmarked": null,
      "liked": null,
      "tags": [
        "operational",
        "tds-project-2"
      ],
      "tags_descriptions": {},
      "like_count": 16,
      "views": 197,
      "category_id": 34,
      "featured_link": null,
      "has_accepted_answer": false,
      "posters": [
        {
          "extras": null,
          "description": "Original Poster",
          "user": {
            "id": 16339,
            "username": "HimanshuSaini",
            "name": "Himanshu Saini",
            "avatar_template": "https://avatars.discourse-cdn.com/v4/letter/h/b5a626/{size}.png",
            "primary_group_name": "ds-students",
            "flair_name": "ds-students",
            "flair_group_id": 294,
            "trust_level": 1
          }
        },
        {
          "extras": null,
          "description": "Frequent Poster",
          "user": {
            "id": 34386,
            "username": "23f2001177",
            "name": "Arnav M",
            "avatar_template": "/user_avatar/discourse.onlinedegree.iitm.ac.in/23f2001177/{size}/67405_2.png",
            "primary_group_name": "ds-students",
            "flair_name": "ds-students",
            "flair_group_id": 294,
            "trust_level": 1
          }
        },
        {
          "extras": null,
          "description": "Frequent Poster",
          "user": {
            "id": 16094,
            "username": "carlton",
            "name": "Carlton D'Silva",
            "avatar_template": "/user_avatar/discourse.onlinedegree.iitm.ac.in/carlton/{size}/56317_2.png",
            "primary_group_name": "ds-students",
            "flair_name": "ds-students",
            "flair_group_id": 294,
            "trust_level": 3
          }
        },
        {
          "extras": null,
          "description": "Frequent Poster",
          "user": {
            "id": 21487,
            "username": "siddhantbapna",
            "name": "Siddhant Bapna",
            "avatar_template": "/user_avatar/discourse.onlinedegree.iitm.ac.in/siddhantbapna/{size}/66738_2.png",
            "primary_group_name": "ds-students",
            "flair_name": "ds-students",
            "flair_group_id": 294,
            "trust_level": 1
          }
        },
        {
          "extras": "latest",
          "description": "Most Recent Poster",
          "user": {
            "id": 24636,
            "username": "23f2001127",
            "name": "Antareep Ghosh ",
            "avatar_template": "/user_avatar/discourse.onlinedegree.iitm.ac.in/23f2001127/{size}/66756_2.png",
            "primary_group_name": "ds-students",
            "flair_name": "ds-students",
            "flair_group_id": 294,
            "trust_level": 1
          }
        }
      ]
    },
    {
      "id": 166866,
      "title": "--Request for postponing the Project -1 deadline-- Official Response: Extended :)",
      "fancy_title": "&ndash;Request for postponing the Project -1 deadline&ndash; Official Response: Extended :slight_smile:",
      "slug": "request-for-postponing-the-project-1-deadline-official-response-extended",
      "posts_count": 27,
      "reply_count": 3,
      "highest_post_number": 28,
      "image_url": null,
      "created_at": "2025-02-12T14:07:52.702Z",
      "last_posted_at": "2025-02-15T16:52:14.578Z",
      "bumped": true,
      "bumped_at": "2025-02-15T16:22:43.476Z",
      "archetype": "regular",
      "unseen": false,
      "pinned": false,
      "unpinned": null,
      "visible": true,
      "closed": true,
      "archived": false,
      "bookmarked": null,
      "liked": null,
      "tags": [
        "clarification",
        "term1-2025",
        "tds-project-1"
      ],
      "tags_descriptions": {},
      "like_count": 105,
      "views": 287,
      "category_id": 34,
      "featured_link": null,
      "has_accepted_answer": false,
      "posters": [
        {
          "extras": null,
          "description": "Original Poster",
          "user": {
            "id": 3935,
            "username": "vikramjncasr",
            "name": "Vikram Suriyanarayanan",
            "avatar_template": "/user_avatar/discourse.onlinedegree.iitm.ac.in/vikramjncasr/{size}/1844_2.png",
            "primary_group_name": "ds-students",
            "flair_name": "ds-students",
            "flair_group_id": 294,
            "trust_level": 1
          }
        },
        {
          "extras": null,
          "description": "Frequent Poster",
          "user": {
            "id": 20948,
            "username": "22f3000586",
            "name": "Taniya Gupta",
            "avatar_template": "/user_avatar/discourse.onlinedegree.iitm.ac.in/22f3000586/{size}/77773_2.png",
            "primary_group_name": "ds-students",
            "flair_name": "ds-students",
            "flair_group_id": 294,
            "trust_level": 0
          }
        },
        {
          "extras": null,
          "description": "Frequent Poster",
          "user": {
            "id": 2693,
            "username": "rabbaniIITB",
            "name": "Md Anzar Rabbani",
            "avatar_template": "/user_avatar/discourse.onlinedegree.iitm.ac.in/rabbaniiitb/{size}/828_2.png",
            "primary_group_name": "ds-students",
            "flair_name": "ds-students",
            "flair_group_id": 294,
            "trust_level": 1
          }
        },
        {
          "extras": null,
          "description": "Frequent Poster",
          "user": {
            "id": 22969,
            "username": "23f2004094",
            "name": "Shreya Khantal",
            "avatar_template": "/user_avatar/discourse.onlinedegree.iitm.ac.in/23f2004094/{size}/68148_2.png",
            "primary_group_name": "ds-students",
            "flair_name": "ds-students",
            "flair_group_id": 294,
            "trust_level": 1
          }
        },
        {
          "extras": "latest",
          "description": "Most Recent Poster",
          "user": {
            "id": 15651,
            "username": "Jivraj",
            "name": "Jivraj Singh Shekhawat",
            "avatar_template": "https://avatars.discourse-cdn.com/v4/letter/j/b9bd4f/{size}.png",
            "primary_group_name": "ds-students",
            "flair_name": "ds-students",
            "flair_group_id": 294,
            "trust_level": 2
          }
        }
      ]
    },
    {
      "id": 58429,
      "title": "Project 2 Submission Error / Deadline extension request",
      "fancy_title": "Project 2 Submission Error / Deadline extension request",
      "slug": "project-2-submission-error-deadline-extension-request",
      "posts_count": 12,
      "reply_count": 1,
      "highest_post_number": 12,
      "image_url": null,
      "created_at": "2022-07-20T20:17:11.526Z",
      "last_posted_at": "2022-07-22T08:07:50.022Z",
      "bumped": true,
      "bumped_at": "2022-07-22T08:07:50.022Z",
      "archetype": "regular",
      "unseen": false,
      "pinned": false,
      "unpinned": null,
      "visible": true,
      "closed": false,
      "archived": false,
      "bookmarked": null,
      "liked": null,
      "tags": [
        "term2-2022",
        "tds-project-2"
      ],
      "tags_descriptions": {},
      "like_count": 9,
      "views": 191,
      "category_id": 34,
      "featured_link": null,
      "has_accepted_answer": false,
      "posters": [
        {
          "extras": null,
          "description": "Original Poster",
          "user": {
            "id": 5720,
            "username": "wolvie1234",
            "name": "krishu gupta",
            "avatar_template": "/user_avatar/discourse.onlinedegree.iitm.ac.in/wolvie1234/{size}/636_2.png",
            "primary_group_name": "ds-students",
            "flair_name": "ds-students",
            "flair_group_id": 294,
            "trust_level": 1
          }
        },
        {
          "extras": null,
          "description": "Frequent Poster",
          "user": {
            "id": 1092,
            "username": "Shubhankar",
            "name": "Shubhankar Jaiswal",
            "avatar_template": "/user_avatar/discourse.onlinedegree.iitm.ac.in/shubhankar/{size}/2674_2.png",
            "primary_group_name": "ds-students",
            "flair_name": "ds-students",
            "flair_group_id": 294,
            "trust_level": 1
          }
        },
        {
          "extras": null,
          "description": "Frequent Poster",
          "user": {
            "id": 3806,
            "username": "Nitish",
            "name": "Nitish Agarwal",
            "avatar_template": "/user_avatar/discourse.onlinedegree.iitm.ac.in/nitish/{size}/31377_2.png",
            "primary_group_name": "ds-students",
            "flair_name": "ds-students",
            "flair_group_id": 294,
            "trust_level": 1
          }
        },
        {
          "extras": null,
          "description": "Frequent Poster",
          "user": {
            "id": 8188,
            "username": "sachinkumbari",
            "name": "sachin kumbari",
            "avatar_template": "/user_avatar/discourse.onlinedegree.iitm.ac.in/sachinkumbari/{size}/23099_2.png",
            "primary_group_name": "ds-students",
            "flair_name": "ds-students",
            "flair_group_id": 294,
            "trust_level": 1
          }
        },
        {
          "extras": "latest",
          "description": "Most Recent Poster",
          "user": {
            "id": 5303,
            "username": "J_P",
            "name": "Jishnu JP",
            "avatar_template": "/user_avatar/discourse.onlinedegree.iitm.ac.in/j_p/{size}/45505_2.png",
            "primary_group_name": "ds-students",
            "flair_name": "ds-students",
            "flair_group_id": 294,
            "trust_level": 1
          }
        }
      ]
    },
    {
      "id": 112272,
      "title": "Deadlines on Weekdays - TDS Project",
      "fancy_title": "Deadlines on Weekdays - TDS Project",
      "slug": "deadlines-on-weekdays-tds-project",
      "posts_count": 1,
      "reply_count": 0,
      "highest_post_number": 1,
      "image_url": null,
      "created_at": "2023-12-17T06:10:41.851Z",
      "last_posted_at": "2023-12-17T06:10:42.018Z",
      "bumped": true,
      "bumped_at": "2023-12-17T06:10:42.018Z",
      "archetype": "regular",
      "unseen": false,
      "pinned": false,
      "unpinned": null,
      "visible": true,
      "closed": false,
      "archived": false,
      "bookmarked": null,
      "liked": null,
      "tags": [
        "clarification",
        "miscellaneous",
        "operational"
      ],
      "tags_descriptions": {},
      "like_count": 0,
      "views": 48,
      "category_id": 34,
      "featured_link": null,
      "has_accepted_answer": false,
      "posters": [
        {
          "extras": "latest single",
          "description": "Original Poster, Most Recent Poster",
          "user": {
            "id": 7956,
            "username": "21f3002763",
            "name": "Vaibhav Tokas",
            "avatar_template": "/user_avatar/discourse.onlinedegree.iitm.ac.in/21f3002763/{size}/13496_2.png",
            "primary_group_name": "ds-students",
            "flair_name": "ds-students",
            "flair_group_id": 294,
            "trust_level": 1
          }
        }
      ]
    },
    {
      "id": 97082,
      "title": "Request for extending the deadline of Project1",
      "fancy_title": "Request for extending the deadline of Project1",
      "slug": "request-for-extending-the-deadline-of-project1",
      "posts_count": 5,
      "reply_count": 0,
      "highest_post_number": 5,
      "image_url": null,
      "created_at": "2023-07-28T23:59:10.262Z",
      "last_posted_at": "2023-07-30T17:29:29.939Z",
      "bumped": true,
      "bumped_at": "2023-07-30T17:29:29.939Z",
      "archetype": "regular",
      "unseen": false,
      "pinned": false,
      "unpinned": null,
      "visible": true,
      "closed": false,
      "archived": false,
      "bookmarked": null,
      "liked": null,
      "tags": [
        "operational",
        "course-portal",
        "projects",
        "tds-project-1"
      ],
      "tags_descriptions": {},
      "like_count": 5,
      "views": 103,
      "category_id": 34,
      "featured_link": null,
      "has_accepted_answer": false,
      "posters": [
        {
          "extras": null,
          "description": "Original Poster",
          "user": {
            "id": 11746,
            "username": "21f3002825",
            "name": "Shyam Kumar Sinha",
            "avatar_template": "/user_avatar/discourse.onlinedegree.iitm.ac.in/21f3002825/{size}/13038_2.png",
            "primary_group_name": "ds-students",
            "flair_name": "ds-students",
            "flair_group_id": 294,
            "trust_level": 1
          }
        },
        {
          "extras": null,
          "description": "Frequent Poster",
          "user": {
            "id": 7321,
            "username": "21f2000991",
            "name": "Parth Chauhan",
            "avatar_template": "/user_avatar/discourse.onlinedegree.iitm.ac.in/21f2000991/{size}/32856_2.png",
            "primary_group_name": "ds-students",
            "flair_name": "ds-students",
            "flair_group_id": 294,
            "trust_level": 1
          }
        },
        {
          "extras": null,
          "description": "Frequent Poster",
          "user": {
            "id": 2456,
            "username": "RikxDragneeL",
            "name": "Aritra Das",
            "avatar_template": "/user_avatar/discourse.onlinedegree.iitm.ac.in/rikxdragneel/{size}/1622_2.png",
            "primary_group_name": "ds-students",
            "flair_name": "ds-students",
            "flair_group_id": 294,
            "trust_level": 1
          }
        },
        {
          "extras": null,
          "description": "Frequent Poster",
          "user": {
            "id": 11895,
            "username": "suyamoon",
            "name": "Suyamoon Pathak",
            "avatar_template": "/user_avatar/discourse.onlinedegree.iitm.ac.in/suyamoon/{size}/56160_2.png",
            "primary_group_name": "ds-students",
            "flair_name": "ds-students",
            "flair_group_id": 294,
            "trust_level": 1
          }
        },
        {
          "extras": "latest",
          "description": "Most Recent Poster",
          "user": {
            "id": 7018,
            "username": "ANURAG_SINGH",
            "name": "ANURAG SINGH",
            "avatar_template": "/user_avatar/discourse.onlinedegree.iitm.ac.in/anurag_singh/{size}/17_2.png",
            "primary_group_name": "ds-students",
            "flair_name": "ds-students",
            "flair_group_id": 294,
            "trust_level": 1
          }
        }
      ]
    }
  ],
  "summarizable": false,
  "valid_reactions": [
    "heart",
    "+1",
    "laughing",
    "open_mouth",
    "clap",
    "confetti_ball",
    "rocket",
    "-1"
  ],
  "can_vote": false,
  "vote_count": 0,
  "user_voted": false,
  "discourse_zendesk_plugin_zendesk_id": null,
  "discourse_zendesk_plugin_zendesk_url": "https://your-url.zendesk.com/agent/tickets/",
  "details": {
    "can_edit": false,
    "notification_level": 1,
    "can_create_post": true,
    "can_reply_as_new_topic": true,
    "can_flag_topic": true,
    "participants": [
      {
        "id": 8725,
        "username": "22f1000120",
        "name": "Ritwik Trivedi",
        "avatar_template": "https://avatars.discourse-cdn.com/v4/letter/2/85f322/{size}.png",
        "post_count": 1,
        "primary_group_name": "ds-students",
        "flair_name": "ds-students",
        "flair_url": null,
        "flair_color": "",
        "flair_bg_color": "",
        "flair_group_id": 294,
        "trust_level": 1
      },
      {
        "id": 26558,
        "username": "raji_13",
        "name": "Akula Raja Rajeshwari",
        "avatar_template": "/user_avatar/discourse.onlinedegree.iitm.ac.in/raji_13/{size}/110182_2.png",
        "post_count": 1,
        "primary_group_name": "ds-students",
        "flair_name": "ds-students",
        "flair_url": null,
        "flair_color": "",
        "flair_bg_color": "",
        "flair_group_id": 294,
        "trust_level": 0
      }
    ],
    "created_by": {
      "id": 26558,
      "username": "raji_13",
      "name": "Akula Raja Rajeshwari",
      "avatar_template": "/user_avatar/discourse.onlinedegree.iitm.ac.in/raji_13/{size}/110182_2.png"
    },
    "last_poster": {
      "id": 8725,
      "username": "22f1000120",
      "name": "Ritwik Trivedi",
      "avatar_template": "https://avatars.discourse-cdn.com/v4/letter/2/85f322/{size}.png"
    }
  },
  "pending_posts": [],
  "bookmarks": []
}