{
  "post_stream": {
    "posts": [
      {
        "id": 601917,
        "name": "Ritwik Trivedi",
        "username": "22f1000120",
        "avatar_template": "https://avatars.discourse-cdn.com/v4/letter/2/85f322/{size}.png",
        "created_at": "2025-03-01T21:00:35.056Z",
        "cooked": "<aside class=\"onebox githubrepo\" data-onebox-src=\"https://github.com/ritwiktrivedi/ROE-Master-Snippets-File\">\n  <header class=\"source\">\n\n      <a href=\"https://github.com/ritwiktrivedi/ROE-Master-Snippets-File\" target=\"_blank\" rel=\"noopener nofollow ugc\">github.com</a>\n  </header>\n\n  <article class=\"onebox-body\">\n    <div class=\"github-row\" data-github-private-repo=\"false\">\n  <img width=\"690\" height=\"344\" src=\"https://europe1.discourse-cdn.com/flex013/uploads/iitm/optimized/3X/4/7/4780e9efee3fee9a734598aa75a48693828aadb0_2_690x344.png\" class=\"thumbnail\" data-dominant-color=\"F2EFEE\">\n\n  <h3><a href=\"https://github.com/ritwiktrivedi/ROE-Master-Snippets-File\" target=\"_blank\" rel=\"noopener nofollow ugc\">GitHub - ritwiktrivedi/ROE-Master-Snippets-File</a></h3>\n\n    <p><span class=\"github-repo-description\">Contribute to ritwiktrivedi/ROE-Master-Snippets-File development by creating an account on GitHub.</span></p>\n</div>\n\n  </article>\n\n  <div class=\"onebox-metadata\">\n    \n    \n  </div>\n\n  <div style=\"clear: both\"></div>\n</aside>\n\n<p>This is a repo some of us have been working on. It not complete but we are getting there. PRs are appreciated.</p>\n<p>Thanks to the course team for giving us this idea of having snippets for common operations.</p>",
        "post_number": 1,
        "post_type": 1,
        "posts_count": 5,
        "updated_at": "2025-03-03T11:29:06.617Z",
        "reply_count": 0,
        "reply_to_post_number": null,
        "quote_count": 0,
        "incoming_link_count": 1,
        "reads": 86,
        "readers_count": 85,
        "score": 51.8,
        "yours": false,
        "topic_id": 168901,
        "topic_slug": "roe-common-snippets-repo-feb-2025",
        "display_username": "Ritwik Trivedi",
        "primary_group_name": "ds-students",
        "flair_name": "ds-students",
        "flair_url": null,
        "flair_bg_color": "",
        "flair_color": "",
        "flair_group_id": 294,
        "badges_granted": [],
        "version": 2,
        "can_edit": false,
        "can_delete": false,
        "can_recover": false,
        "can_see_hidden_post": false,
        "can_wiki": false,
        "link_counts": [
          {
            "url": "https://github.com/ritwiktrivedi/ROE-Master-Snippets-File",
            "internal": false,
            "reflection": false,
            "title": "GitHub - ritwiktrivedi/ROE-Master-Snippets-File",
            "clicks": 29
          }
        ],
        "read": false,
        "user_title": null,
        "bookmarked": false,
        "actions_summary": [
          {
            "id": 2,
            "count": 2,
            "can_act": true
          },
          {
            "id": 6,
            "can_act": true
          },
          {
            "id": 3,
            "can_act": true
          },
          {
            "id": 4,
            "can_act": true
          },
          {
            "id": 8,
            "can_act": true
          },
          {
            "id": 10,
            "can_act": true
          },
          {
            "id": 7,
            "can_act": true
          }
        ],
        "moderator": false,
        "admin": false,
        "staff": false,
        "user_id": 8725,
        "hidden": false,
        "trust_level": 1,
        "deleted_at": null,
        "user_deleted": false,
        "edit_reason": null,
        "can_view_edit_history": true,
        "wiki": false,
        "post_url": "/t/roe-common-snippets-repo-feb-2025/168901/1",
        "user_cakedate": "2021-12-30",
        "reactions": [
          {
            "id": "heart",
            "type": "emoji",
            "count": 2
          }
        ],
        "current_user_reaction": null,
        "reaction_users_count": 2,
        "current_user_used_main_reaction": false,
        "can_accept_answer": false,
        "can_unaccept_answer": false,
        "accepted_answer": false,
        "topic_accepted_answer": null,
        "can_vote": false
      },
      {
        "id": 601922,
        "name": "Ritwik Trivedi",
        "username": "22f1000120",
        "avatar_template": "https://avatars.discourse-cdn.com/v4/letter/2/85f322/{size}.png",
        "created_at": "2025-03-01T21:08:47.201Z",
        "cooked": "<p>I am too sleepy to work on it now… So seriously… PRs are not only appreciated but needed. Just add the basic parsing code or image manipulation for ga5. I will try and add in the morning but who doesn’t like Good PRs? Also mentioning <a class=\"mention\" href=\"/u/23f2005325\">@23f2005325</a> (Aishik) here for his wonderful PR which I have now merged.</p>",
        "post_number": 2,
        "post_type": 1,
        "posts_count": 5,
        "updated_at": "2025-03-01T21:08:47.201Z",
        "reply_count": 1,
        "reply_to_post_number": null,
        "quote_count": 0,
        "incoming_link_count": 0,
        "reads": 82,
        "readers_count": 81,
        "score": 36.0,
        "yours": false,
        "topic_id": 168901,
        "topic_slug": "roe-common-snippets-repo-feb-2025",
        "display_username": "Ritwik Trivedi",
        "primary_group_name": "ds-students",
        "flair_name": "ds-students",
        "flair_url": null,
        "flair_bg_color": "",
        "flair_color": "",
        "flair_group_id": 294,
        "badges_granted": [],
        "version": 1,
        "can_edit": false,
        "can_delete": false,
        "can_recover": false,
        "can_see_hidden_post": false,
        "can_wiki": false,
        "read": false,
        "user_title": null,
        "bookmarked": false,
        "actions_summary": [
          {
            "id": 2,
            "count": 1,
            "can_act": true
          },
          {
            "id": 6,
            "can_act": true
          },
          {
            "id": 3,
            "can_act": true
          },
          {
            "id": 4,
            "can_act": true
          },
          {
            "id": 8,
            "can_act": true
          },
          {
            "id": 10,
            "can_act": true
          },
          {
            "id": 7,
            "can_act": true
          }
        ],
        "moderator": false,
        "admin": false,
        "staff": false,
        "user_id": 8725,
        "hidden": false,
        "trust_level": 1,
        "deleted_at": null,
        "user_deleted": false,
        "edit_reason": null,
        "can_view_edit_history": true,
        "wiki": false,
        "post_url": "/t/roe-common-snippets-repo-feb-2025/168901/2",
        "user_cakedate": "2021-12-30",
        "reactions": [
          {
            "id": "heart",
            "type": "emoji",
            "count": 1
          }
        ],
        "current_user_reaction": null,
        "reaction_users_count": 1,
        "current_user_used_main_reaction": false,
        "can_accept_answer": false,
        "can_unaccept_answer": false,
        "accepted_answer": false,
        "topic_accepted_answer": null
      },
      {
        "id": 601930,
        "name": "B R GIRI SUBRAHMANYA",
        "username": "23f2000573",
        "avatar_template": "/user_avatar/discourse.onlinedegree.iitm.ac.in/23f2000573/{size}/68306_2.png",
        "created_at": "2025-03-01T23:15:51.991Z",
        "cooked": "<p>hi, thanks to you and the other contributors for the effort</p>\n<p>i have added llm week-3 codes through pull request. my code my not be perfect. but when I ran it in my laptop, it worked fine. pls do verify once before ROE</p>",
        "post_number": 3,
        "post_type": 1,
        "posts_count": 5,
        "updated_at": "2025-03-01T23:16:59.705Z",
        "reply_count": 0,
        "reply_to_post_number": 2,
        "quote_count": 0,
        "incoming_link_count": 0,
        "reads": 73,
        "readers_count": 72,
        "score": 44.2,
        "yours": false,
        "topic_id": 168901,
        "topic_slug": "roe-common-snippets-repo-feb-2025",
        "display_username": "B R GIRI SUBRAHMANYA",
        "primary_group_name": "ds-students",
        "flair_name": "ds-students",
        "flair_url": null,
        "flair_bg_color": "",
        "flair_color": "",
        "flair_group_id": 294,
        "badges_granted": [],
        "version": 1,
        "can_edit": false,
        "can_delete": false,
        "can_recover": false,
        "can_see_hidden_post": false,
        "can_wiki": false,
        "read": false,
        "user_title": "",
        "reply_to_user": {
          "id": 8725,
          "username": "22f1000120",
          "name": "Ritwik Trivedi",
          "avatar_template": "https://avatars.discourse-cdn.com/v4/letter/2/85f322/{size}.png"
        },
        "bookmarked": false,
        "actions_summary": [
          {
            "id": 2,
            "count": 2,
            "can_act": true
          },
          {
            "id": 6,
            "can_act": true
          },
          {
            "id": 3,
            "can_act": true
          },
          {
            "id": 4,
            "can_act": true
          },
          {
            "id": 8,
            "can_act": true
          },
          {
            "id": 10,
            "can_act": true
          },
          {
            "id": 7,
            "can_act": true
          }
        ],
        "moderator": false,
        "admin": false,
        "staff": false,
        "user_id": 17736,
        "hidden": false,
        "trust_level": 1,
        "deleted_at": null,
        "user_deleted": false,
        "edit_reason": null,
        "can_view_edit_history": true,
        "wiki": false,
        "post_url": "/t/roe-common-snippets-repo-feb-2025/168901/3",
        "user_cakedate": "2023-06-03",
        "reactions": [
          {
            "id": "heart",
            "type": "emoji",
            "count": 2
          }
        ],
        "current_user_reaction": null,
        "reaction_users_count": 2,
        "current_user_used_main_reaction": false,
        "can_accept_answer": false,
        "can_unaccept_answer": false,
        "accepted_answer": false,
        "topic_accepted_answer": null
      },
      {
        "id": 601969,
        "name": "Ritwik Trivedi",
        "username": "22f1000120",
        "avatar_template": "https://avatars.discourse-cdn.com/v4/letter/2/85f322/{size}.png",
        "created_at": "2025-03-02T03:51:09.190Z",
        "cooked": "<p><div class=\"lightbox-wrapper\"><a class=\"lightbox\" href=\"https://europe1.discourse-cdn.com/flex013/uploads/iitm/original/3X/6/4/64c7cdf7626ee50fdc262143cf9484c83a546333.png\" data-download-href=\"/uploads/short-url/enxPeq2kQrOaXna3jQIsczPnsI3.png?dl=1\" title=\"image\" rel=\"noopener nofollow ugc\"><img src=\"https://europe1.discourse-cdn.com/flex013/uploads/iitm/original/3X/6/4/64c7cdf7626ee50fdc262143cf9484c83a546333.png\" alt=\"image\" data-base62-sha1=\"enxPeq2kQrOaXna3jQIsczPnsI3\" width=\"401\" height=\"374\"><div class=\"meta\"><svg class=\"fa d-icon d-icon-far-image svg-icon\" aria-hidden=\"true\"><use href=\"#far-image\"></use></svg><span class=\"filename\">image</span><span class=\"informations\">401×374 21 KB</span><svg class=\"fa d-icon d-icon-discourse-expand svg-icon\" aria-hidden=\"true\"><use href=\"#discourse-expand\"></use></svg></div></a></div><br>\nThis looks beautiful <img src=\"https://emoji.discourse-cdn.com/google/heart.png?v=12\" title=\":heart:\" class=\"emoji\" alt=\":heart:\" loading=\"lazy\" width=\"20\" height=\"20\"></p>",
        "post_number": 4,
        "post_type": 1,
        "posts_count": 5,
        "updated_at": "2025-03-02T03:51:09.190Z",
        "reply_count": 1,
        "reply_to_post_number": null,
        "quote_count": 0,
        "incoming_link_count": 0,
        "reads": 65,
        "readers_count": 64,
        "score": 47.4,
        "yours": false,
        "topic_id": 168901,
        "topic_slug": "roe-common-snippets-repo-feb-2025",
        "display_username": "Ritwik Trivedi",
        "primary_group_name": "ds-students",
        "flair_name": "ds-students",
        "flair_url": null,
        "flair_bg_color": "",
        "flair_color": "",
        "flair_group_id": 294,
        "badges_granted": [],
        "version": 1,
        "can_edit": false,
        "can_delete": false,
        "can_recover": false,
        "can_see_hidden_post": false,
        "can_wiki": false,
        "read": false,
        "user_title": null,
        "bookmarked": false,
        "actions_summary": [
          {
            "id": 2,
            "count": 2,
            "can_act": true
          },
          {
            "id": 6,
            "can_act": true
          },
          {
            "id": 3,
            "can_act": true
          },
          {
            "id": 4,
            "can_act": true
          },
          {
            "id": 8,
            "can_act": true
          },
          {
            "id": 10,
            "can_act": true
          },
          {
            "id": 7,
            "can_act": true
          }
        ],
        "moderator": false,
        "admin": false,
        "staff": false,
        "user_id": 8725,
        "hidden": false,
        "trust_level": 1,
        "deleted_at": null,
        "user_deleted": false,
        "edit_reason": null,
        "can_view_edit_history": true,
        "wiki": false,
        "post_url": "/t/roe-common-snippets-repo-feb-2025/168901/4",
        "user_cakedate": "2021-12-30",
        "reactions": [
          {
            "id": "heart",
            "type": "emoji",
            "count": 2
          }
        ],
        "current_user_reaction": null,
        "reaction_users_count": 2,
        "current_user_used_main_reaction": false,
        "can_accept_answer": false,
        "can_unaccept_answer": false,
        "accepted_answer": false,
        "topic_accepted_answer": null
      },
      {
        "id": 602335,
        "name": "Ritwik Trivedi",
        "username": "22f1000120",
        "avatar_template": "https://avatars.discourse-cdn.com/v4/letter/2/85f322/{size}.png",
        "created_at": "2025-03-02T11:27:20.581Z",
        "cooked": "<p>Failure is part of life. My laptop hanged and despite having all the needed resources I panicked and the exam went the way it went. I take this as a lesson. This resource will be refined further. I thank everyone involved. I am glad that many benefitted and were actually able to score well.</p>",
        "post_number": 5,
        "post_type": 1,
        "posts_count": 5,
        "updated_at": "2025-03-02T11:27:20.581Z",
        "reply_count": 0,
        "reply_to_post_number": 4,
        "quote_count": 0,
        "incoming_link_count": 1,
        "reads": 27,
        "readers_count": 26,
        "score": 54.8,
        "yours": false,
        "topic_id": 168901,
        "topic_slug": "roe-common-snippets-repo-feb-2025",
        "display_username": "Ritwik Trivedi",
        "primary_group_name": "ds-students",
        "flair_name": "ds-students",
        "flair_url": null,
        "flair_bg_color": "",
        "flair_color": "",
        "flair_group_id": 294,
        "badges_granted": [],
        "version": 1,
        "can_edit": false,
        "can_delete": false,
        "can_recover": false,
        "can_see_hidden_post": false,
        "can_wiki": false,
        "read": false,
        "user_title": null,
        "reply_to_user": {
          "id": 8725,
          "username": "22f1000120",
          "name": "Ritwik Trivedi",
          "avatar_template": "https://avatars.discourse-cdn.com/v4/letter/2/85f322/{size}.png"
        },
        "bookmarked": false,
        "actions_summary": [
          {
            "id": 2,
            "count": 3,
            "can_act": true
          },
          {
            "id": 6,
            "can_act": true
          },
          {
            "id": 3,
            "can_act": true
          },
          {
            "id": 4,
            "can_act": true
          },
          {
            "id": 8,
            "can_act": true
          },
          {
            "id": 10,
            "can_act": true
          },
          {
            "id": 7,
            "can_act": true
          }
        ],
        "moderator": false,
        "admin": false,
        "staff": false,
        "user_id": 8725,
        "hidden": false,
        "trust_level": 1,
        "deleted_at": null,
        "user_deleted": false,
        "edit_reason": null,
        "can_view_edit_history": true,
        "wiki": false,
        "post_url": "/t/roe-common-snippets-repo-feb-2025/168901/5",
        "user_cakedate": "2021-12-30",
        "reactions": [
          {
            "id": "heart",
            "type": "emoji",
            "count": 3
          }
        ],
        "current_user_reaction": null,
        "reaction_users_count": 3,
        "current_user_used_main_reaction": false,
        "can_accept_answer": false,
        "can_unaccept_answer": false,
        "accepted_answer": false,
        "topic_accepted_answer": null
      }
    ],
    "stream": [
      601917,
      601922,
      601930,
      601969,
      602335
    ]
  },
  "timeline_lookup": [
    [
      1,
      91
    ],
    [
      5,
      90
    ]
  ],
  "suggested_topics": [
    {
      "id": 173524,
      "title": "GA1 - Development Tools - Discussion Thread [TDS May 2025]",
      "fancy_title": "GA1 - Development Tools - Discussion Thread [TDS May 2025]",
      "slug": "ga1-development-tools-discussion-thread-tds-may-2025",
      "posts_count": 80,
      "reply_count": 51,
      "highest_post_number": 85,
      "image_url": null,
      "created_at": "2025-05-01T11:39:00.734Z",
      "last_posted_at": "2025-05-31T15:34:18.368Z",
      "bumped": true,
      "bumped_at": "2025-05-31T15:34:18.368Z",
      "archetype": "regular",
      "unseen": false,
      "last_read_post_number": 82,
      "unread": 0,
      "new_posts": 3,
      "unread_posts": 3,
      "pinned": false,
      "unpinned": null,
      "visible": true,
      "closed": false,
      "archived": false,
      "notification_level": 2,
      "bookmarked": false,
      "liked": false,
      "tags": [
        "term2-2025",
        "graded-assignment"
      ],
      "tags_descriptions": {},
      "like_count": 25,
      "views": 1155,
      "category_id": 34,
      "featured_link": null,
      "has_accepted_answer": false,
      "posters": [
        {
          "extras": null,
          "description": "Original Poster",
          "user": {
            "id": 9419,
            "username": "s.anand",
            "name": "Anand S",
            "avatar_template": "/user_avatar/discourse.onlinedegree.iitm.ac.in/s.anand/{size}/15264_2.png",
            "primary_group_name": "faculty",
            "flair_name": "faculty",
            "flair_url": "chalkboard-user",
            "flair_bg_color": "f2c26e",
            "flair_color": "000",
            "flair_group_id": 54,
            "trust_level": 4
          }
        },
        {
          "extras": null,
          "description": "Frequent Poster",
          "user": {
            "id": 22472,
            "username": "Advaith52",
            "name": "Advaith Sanil Kumar",
            "avatar_template": "/user_avatar/discourse.onlinedegree.iitm.ac.in/advaith52/{size}/67172_2.png",
            "primary_group_name": "ds-students",
            "flair_name": "ds-students",
            "flair_group_id": 294,
            "trust_level": 1
          }
        },
        {
          "extras": null,
          "description": "Frequent Poster",
          "user": {
            "id": 16094,
            "username": "carlton",
            "name": "Carlton D'Silva",
            "avatar_template": "/user_avatar/discourse.onlinedegree.iitm.ac.in/carlton/{size}/56317_2.png",
            "primary_group_name": "ds-students",
            "flair_name": "ds-students",
            "flair_group_id": 294,
            "trust_level": 3
          }
        },
        {
          "extras": null,
          "description": "Frequent Poster",
          "user": {
            "id": 15658,
            "username": "HritikRoshan_HRM",
            "name": "HRITIK ROSHAN MAURYA",
            "avatar_template": "/user_avatar/discourse.onlinedegree.iitm.ac.in/hritikroshan_hrm/{size}/66975_2.png",
            "primary_group_name": "ds-students",
            "flair_name": "ds-students",
            "flair_group_id": 294,
            "trust_level": 1
          }
        },
        {
          "extras": "latest",
          "description": "Most Recent Poster",
          "user": {
            "id": 12914,
            "username": "iAnimeshS",
            "name": "Animesh",
            "avatar_template": "/user_avatar/discourse.onlinedegree.iitm.ac.in/ianimeshs/{size}/12415_2.png",
            "primary_group_name": "ds-students",
            "flair_name": "ds-students",
            "flair_group_id": 294,
            "trust_level": 1
          }
        }
      ]
    },
    {
      "id": 176789,
      "title": "Vercel deployement error",
      "fancy_title": "Vercel deployement error",
      "slug": "vercel-deployement-error",
      "posts_count": 1,
      "reply_count": 0,
      "highest_post_number": 1,
      "image_url": null,
      "created_at": "2025-05-31T11:55:22.507Z",
      "last_posted_at": "2025-05-31T11:55:22.708Z",
      "bumped": true,
      "bumped_at": "2025-05-31T11:55:22.708Z",
      "archetype": "regular",
      "unseen": true,
      "pinned": false,
      "unpinned": null,
      "visible": true,
      "closed": false,
      "archived": false,
      "bookmarked": null,
      "liked": null,
      "tags": [
        "diploma-level",
        "term2-2025"
      ],
      "tags_descriptions": {},
      "like_count": 0,
      "views": 9,
      "category_id": 34,
      "featured_link": null,
      "has_accepted_answer": false,
      "posters": [
        {
          "extras": "latest single",
          "description": "Original Poster, Most Recent Poster",
          "user": {
            "id": 25506,
            "username": "23f3003724",
            "name": "Vedika Gupta",
            "avatar_template": "/user_avatar/discourse.onlinedegree.iitm.ac.in/23f3003724/{size}/68806_2.png",
            "primary_group_name": "ds-students",
            "flair_name": "ds-students",
            "flair_group_id": 294,
            "trust_level": 1
          }
        }
      ]
    }
  ],
  "tags": [
    "extra-resources",
    "term1-2025",
    "tds-roe"
  ],
  "tags_descriptions": {},
  "id": 168901,
  "title": "ROE Common Snippets Repo Feb 2025",
  "fancy_title": "ROE Common Snippets Repo Feb 2025",
  "posts_count": 5,
  "created_at": "2025-03-01T21:00:34.798Z",
  "views": 117,
  "reply_count": 2,
  "like_count": 10,
  "last_posted_at": "2025-03-02T11:27:20.581Z",
  "visible": true,
  "closed": false,
  "archived": false,
  "has_summary": false,
  "archetype": "regular",
  "slug": "roe-common-snippets-repo-feb-2025",
  "category_id": 34,
  "word_count": 211,
  "deleted_at": null,
  "user_id": 8725,
  "featured_link": null,
  "pinned_globally": false,
  "pinned_at": null,
  "pinned_until": null,
  "image_url": "https://europe1.discourse-cdn.com/flex013/uploads/iitm/optimized/3X/4/7/4780e9efee3fee9a734598aa75a48693828aadb0_2_1024x512.png",
  "slow_mode_seconds": 0,
  "draft": null,
  "draft_key": "topic_168901",
  "draft_sequence": 0,
  "unpinned": null,
  "pinned": false,
  "current_post_number": 1,
  "highest_post_number": 5,
  "deleted_by": null,
  "actions_summary": [
    {
      "id": 4,
      "count": 0,
      "hidden": false,
      "can_act": true
    },
    {
      "id": 8,
      "count": 0,
      "hidden": false,
      "can_act": true
    },
    {
      "id": 10,
      "count": 0,
      "hidden": false,
      "can_act": true
    },
    {
      "id": 7,
      "count": 0,
      "hidden": false,
      "can_act": true
    }
  ],
  "chunk_size": 20,
  "bookmarked": false,
  "topic_timer": null,
  "message_bus_last_id": 0,
  "participant_count": 2,
  "show_read_indicator": false,
  "thumbnails": [
    {
      "max_width": null,
      "max_height": null,
      "width": 1200,
      "height": 600,
      "url": "https://europe1.discourse-cdn.com/flex013/uploads/iitm/original/3X/4/7/4780e9efee3fee9a734598aa75a48693828aadb0.png"
    },
    {
      "max_width": 1024,
      "max_height": 1024,
      "width": 1024,
      "height": 512,
      "url": "https://europe1.discourse-cdn.com/flex013/uploads/iitm/optimized/3X/4/7/4780e9efee3fee9a734598aa75a48693828aadb0_2_1024x512.png"
    }
  ],
  "slow_mode_enabled_until": null,
  "tags_disable_ads": false,
  "related_topics": [
    {
      "id": 140428,
      "title": "ROE - May'24 Term",
      "fancy_title": "ROE - May&rsquo;24 Term",
      "slug": "roe-may24-term",
      "posts_count": 19,
      "reply_count": 11,
      "highest_post_number": 19,
      "image_url": null,
      "created_at": "2024-07-19T14:34:08.645Z",
      "last_posted_at": "2024-07-20T13:57:08.813Z",
      "bumped": true,
      "bumped_at": "2024-07-20T13:57:08.813Z",
      "archetype": "regular",
      "unseen": false,
      "pinned": false,
      "unpinned": null,
      "visible": true,
      "closed": false,
      "archived": false,
      "bookmarked": null,
      "liked": null,
      "tags": [
        "clarification",
        "diploma-level"
      ],
      "tags_descriptions": {},
      "like_count": 4,
      "views": 287,
      "category_id": 34,
      "featured_link": null,
      "has_accepted_answer": false,
      "posters": [
        {
          "extras": null,
          "description": "Original Poster",
          "user": {
            "id": 8522,
            "username": "ParagSeth",
            "name": "PSeth",
            "avatar_template": "https://avatars.discourse-cdn.com/v4/letter/p/d78d45/{size}.png",
            "primary_group_name": "ds-students",
            "flair_name": "ds-students",
            "flair_group_id": 294,
            "trust_level": 1
          }
        },
        {
          "extras": null,
          "description": "Frequent Poster",
          "user": {
            "id": 19251,
            "username": "23f1001749",
            "name": "Smita Dhadhal",
            "avatar_template": "/user_avatar/discourse.onlinedegree.iitm.ac.in/23f1001749/{size}/107968_2.png",
            "primary_group_name": "ds-students",
            "flair_name": "ds-students",
            "flair_group_id": 294,
            "trust_level": 1
          }
        },
        {
          "extras": null,
          "description": "Frequent Poster",
          "user": {
            "id": 27515,
            "username": "aman1011",
            "name": "MOHD AMAN",
            "avatar_template": "/user_avatar/discourse.onlinedegree.iitm.ac.in/aman1011/{size}/67712_2.png",
            "primary_group_name": "ds-students",
            "flair_name": "ds-students",
            "flair_group_id": 294,
            "trust_level": 1
          }
        },
        {
          "extras": null,
          "description": "Frequent Poster",
          "user": {
            "id": 12332,
            "username": "amoghanshu",
            "name": "Amogh Anshu N",
            "avatar_template": "/user_avatar/discourse.onlinedegree.iitm.ac.in/amoghanshu/{size}/47979_2.png",
            "primary_group_name": "ds-students",
            "flair_name": "ds-students",
            "flair_group_id": 294,
            "trust_level": 1
          }
        },
        {
          "extras": "latest",
          "description": "Most Recent Poster",
          "user": {
            "id": 35586,
            "username": "22f3000114",
            "name": "Dhruv Mohta",
            "avatar_template": "/user_avatar/discourse.onlinedegree.iitm.ac.in/22f3000114/{size}/66815_2.png",
            "primary_group_name": "ds-students",
            "flair_name": "ds-students",
            "flair_group_id": 294,
            "trust_level": 0
          }
        }
      ]
    },
    {
      "id": 69894,
      "title": "Feedback for ROE (November - 5)",
      "fancy_title": "Feedback for ROE (November - 5)",
      "slug": "feedback-for-roe-november-5",
      "posts_count": 2,
      "reply_count": 0,
      "highest_post_number": 2,
      "image_url": null,
      "created_at": "2022-11-05T15:18:10.704Z",
      "last_posted_at": "2022-11-05T15:39:16.027Z",
      "bumped": true,
      "bumped_at": "2022-11-05T15:39:16.027Z",
      "archetype": "regular",
      "unseen": false,
      "pinned": false,
      "unpinned": null,
      "visible": true,
      "closed": false,
      "archived": false,
      "bookmarked": null,
      "liked": null,
      "tags": [
        "feedback"
      ],
      "tags_descriptions": {},
      "like_count": 5,
      "views": 76,
      "category_id": 34,
      "featured_link": null,
      "has_accepted_answer": false,
      "posters": [
        {
          "extras": null,
          "description": "Original Poster",
          "user": {
            "id": 2554,
            "username": "harshil",
            "name": "Harshil",
            "avatar_template": "/user_avatar/discourse.onlinedegree.iitm.ac.in/harshil/{size}/61425_2.png",
            "primary_group_name": "ds-students",
            "flair_name": "ds-students",
            "flair_group_id": 294,
            "trust_level": 1
          }
        },
        {
          "extras": "latest",
          "description": "Most Recent Poster",
          "user": {
            "id": 8138,
            "username": "21f3002241Rohit",
            "name": "SHINDE ROHIT VISHWAS",
            "avatar_template": "/user_avatar/discourse.onlinedegree.iitm.ac.in/21f3002241rohit/{size}/86379_2.png",
            "primary_group_name": "ds-students",
            "flair_name": "ds-students",
            "flair_group_id": 294,
            "trust_level": 1
          }
        }
      ]
    },
    {
      "id": 109642,
      "title": "Let's Discuss TDS-ROE : Live Thread for ROE",
      "fancy_title": "Let&rsquo;s Discuss TDS-ROE : Live Thread for ROE",
      "slug": "lets-discuss-tds-roe-live-thread-for-roe",
      "posts_count": 226,
      "reply_count": 139,
      "highest_post_number": 282,
      "image_url": null,
      "created_at": "2023-11-18T09:17:57.748Z",
      "last_posted_at": "2023-11-25T12:56:16.945Z",
      "bumped": true,
      "bumped_at": "2023-11-25T12:55:59.916Z",
      "archetype": "regular",
      "unseen": false,
      "pinned": false,
      "unpinned": null,
      "visible": true,
      "closed": true,
      "archived": false,
      "bookmarked": null,
      "liked": null,
      "tags": [
        "tds-roe"
      ],
      "tags_descriptions": {},
      "like_count": 255,
      "views": 1537,
      "category_id": 34,
      "featured_link": null,
      "has_accepted_answer": true,
      "posters": [
        {
          "extras": "latest",
          "description": "Original Poster, Most Recent Poster, Accepted Answer",
          "user": {
            "id": 3009,
            "username": "Amit1",
            "name": "Amit Kumar Gupta",
            "avatar_template": "/user_avatar/discourse.onlinedegree.iitm.ac.in/amit1/{size}/30210_2.png",
            "primary_group_name": "ds-students",
            "flair_name": "ds-students",
            "flair_group_id": 294,
            "trust_level": 1
          }
        },
        {
          "extras": null,
          "description": "Frequent Poster",
          "user": {
            "id": 7050,
            "username": "Azfar",
            "name": "Azfar Faheem Mustafa",
            "avatar_template": "/user_avatar/discourse.onlinedegree.iitm.ac.in/azfar/{size}/12613_2.png",
            "primary_group_name": "ds-students",
            "flair_name": "ds-students",
            "flair_group_id": 294,
            "trust_level": 1
          }
        },
        {
          "extras": null,
          "description": "Frequent Poster",
          "user": {
            "id": 11804,
            "username": "Harshit1",
            "name": "Harshit Malviya",
            "avatar_template": "/user_avatar/discourse.onlinedegree.iitm.ac.in/harshit1/{size}/14828_2.png",
            "primary_group_name": "ds-students",
            "flair_name": "ds-students",
            "flair_group_id": 294,
            "trust_level": 1
          }
        },
        {
          "extras": null,
          "description": "Frequent Poster",
          "user": {
            "id": 15426,
            "username": "22f1000528",
            "name": "C. Raghavi",
            "avatar_template": "/user_avatar/discourse.onlinedegree.iitm.ac.in/22f1000528/{size}/13796_2.png",
            "primary_group_name": "ds-students",
            "flair_name": "ds-students",
            "flair_group_id": 294,
            "trust_level": 1
          }
        },
        {
          "extras": null,
          "description": "Frequent Poster",
          "user": {
            "id": 4999,
            "username": "Gangsta123",
            "name": "Jeevan Aji George",
            "avatar_template": "/user_avatar/discourse.onlinedegree.iitm.ac.in/gangsta123/{size}/7529_2.png",
            "primary_group_name": "ds-students",
            "flair_name": "ds-students",
            "flair_group_id": 294,
            "trust_level": 1
          }
        }
      ]
    },
    {
      "id": 156816,
      "title": "Request to make ROE questions accessible/visible for practice",
      "fancy_title": "Request to make ROE questions accessible/visible for practice",
      "slug": "request-to-make-roe-questions-accessible-visible-for-practice",
      "posts_count": 1,
      "reply_count": 0,
      "highest_post_number": 1,
      "image_url": null,
      "created_at": "2024-11-19T04:37:17.602Z",
      "last_posted_at": "2024-11-19T04:37:17.848Z",
      "bumped": true,
      "bumped_at": "2024-11-19T04:37:17.848Z",
      "archetype": "regular",
      "unseen": false,
      "pinned": false,
      "unpinned": null,
      "visible": true,
      "closed": false,
      "archived": false,
      "bookmarked": null,
      "liked": null,
      "tags": [
        "operational",
        "extra-resources",
        "diploma-level"
      ],
      "tags_descriptions": {},
      "like_count": 2,
      "views": 71,
      "category_id": 34,
      "featured_link": null,
      "has_accepted_answer": false,
      "posters": [
        {
          "extras": "latest single",
          "description": "Original Poster, Most Recent Poster",
          "user": {
            "id": 26413,
            "username": "24ds1000042",
            "name": "PREENA SALIM",
            "avatar_template": "/user_avatar/discourse.onlinedegree.iitm.ac.in/24ds1000042/{size}/67340_2.png",
            "primary_group_name": "ds-students",
            "flair_name": "ds-students",
            "flair_group_id": 294,
            "trust_level": 1
          }
        }
      ]
    },
    {
      "id": 69771,
      "title": "November 5: Thread for ROE Collaboration [Created by Course Team]",
      "fancy_title": "November 5: Thread for ROE Collaboration [Created by Course Team]",
      "slug": "november-5-thread-for-roe-collaboration-created-by-course-team",
      "posts_count": 742,
      "reply_count": 374,
      "highest_post_number": 761,
      "image_url": null,
      "created_at": "2022-11-04T17:21:25.803Z",
      "last_posted_at": "2022-11-05T15:31:36.386Z",
      "bumped": true,
      "bumped_at": "2022-11-05T15:31:36.386Z",
      "archetype": "regular",
      "unseen": false,
      "pinned": false,
      "unpinned": null,
      "visible": true,
      "closed": true,
      "archived": false,
      "bookmarked": null,
      "liked": null,
      "tags": [
        "quiz"
      ],
      "tags_descriptions": {},
      "like_count": 309,
      "views": 2036,
      "category_id": 34,
      "featured_link": null,
      "has_accepted_answer": true,
      "posters": [
        {
          "extras": null,
          "description": "Original Poster",
          "user": {
            "id": 6142,
            "username": "Dixon",
            "name": "Dixon",
            "avatar_template": "/user_avatar/discourse.onlinedegree.iitm.ac.in/dixon/{size}/1027_2.png",
            "trust_level": 1
          }
        },
        {
          "extras": "latest",
          "description": "Most Recent Poster, Accepted Answer",
          "user": {
            "id": 3024,
            "username": "papadelta_5636",
            "name": "Preetodeep Dev",
            "avatar_template": "https://avatars.discourse-cdn.com/v4/letter/p/dc4da7/{size}.png",
            "primary_group_name": "ds-students",
            "flair_name": "Community-TA",
            "flair_url": "handshake-angle",
            "flair_bg_color": "717BF7",
            "flair_color": "6BEE3D",
            "flair_group_id": 89,
            "trust_level": 2
          }
        },
        {
          "extras": null,
          "description": "Frequent Poster",
          "user": {
            "id": 4343,
            "username": "Risan",
            "name": "Risan raja",
            "avatar_template": "/user_avatar/discourse.onlinedegree.iitm.ac.in/risan/{size}/728_2.png",
            "primary_group_name": "ds-students",
            "flair_name": "ds-students",
            "flair_group_id": 294,
            "trust_level": 1
          }
        },
        {
          "extras": null,
          "description": "Frequent Poster",
          "user": {
            "id": 2791,
            "username": "jatinmadaan",
            "name": "Jatin Madaan",
            "avatar_template": "/user_avatar/discourse.onlinedegree.iitm.ac.in/jatinmadaan/{size}/14376_2.png",
            "primary_group_name": "ds-students",
            "flair_name": "ds-students",
            "flair_group_id": 294,
            "trust_level": 1
          }
        },
        {
          "extras": null,
          "description": "Frequent Poster",
          "user": {
            "id": 6489,
            "username": "NGV",
            "name": "Nikhil Guru Venkatesh ",
            "avatar_template": "/user_avatar/discourse.onlinedegree.iitm.ac.in/ngv/{size}/8597_2.png",
            "primary_group_name": "ds-students",
            "flair_name": "ds-students",
            "flair_group_id": 294,
            "trust_level": 1
          }
        }
      ]
    }
  ],
  "summarizable": false,
  "valid_reactions": [
    "heart",
    "+1",
    "laughing",
    "open_mouth",
    "clap",
    "confetti_ball",
    "rocket",
    "-1"
  ],
  "can_vote": false,
  "vote_count": 0,
  "user_voted": false,
  "discourse_zendesk_plugin_zendesk_id": null,
  "discourse_zendesk_plugin_zendesk_url": "https://your-url.zendesk.com/agent/tickets/",
  "details": {
    "can_edit": false,
    "notification_level": 1,
    "can_create_post": true,
    "can_reply_as_new_topic": true,
    "can_flag_topic": true,
    "participants": [
      {
        "id": 8725,
        "username": "22f1000120",
        "name": "Ritwik Trivedi",
        "avatar_template": "https://avatars.discourse-cdn.com/v4/letter/2/85f322/{size}.png",
        "post_count": 4,
        "primary_group_name": "ds-students",
        "flair_name": "ds-students",
        "flair_url": null,
        "flair_color": "",
        "flair_bg_color": "",
        "flair_group_id": 294,
        "trust_level": 1
      },
      {
        "id": 17736,
        "username": "23f2000573",
        "name": "B R GIRI SUBRAHMANYA",
        "avatar_template": "/user_avatar/discourse.onlinedegree.iitm.ac.in/23f2000573/{size}/68306_2.png",
        "post_count": 1,
        "primary_group_name": "ds-students",
        "flair_name": "ds-students",
        "flair_url": null,
        "flair_color": "",
        "flair_bg_color": "",
        "flair_group_id": 294,
        "trust_level": 1
      }
    ],
    "created_by": {
      "id": 8725,
      "username": "22f1000120",
      "name": "Ritwik Trivedi",
      "avatar_template": "https://avatars.discourse-cdn.com/v4/letter/2/85f322/{size}.png"
    },
    "last_poster": {
      "id": 8725,
      "username": "22f1000120",
      "name": "Ritwik Trivedi",
      "avatar_template": "https://avatars.discourse-cdn.com/v4/letter/2/85f322/{size}.png"
    },
    "links": [
      {
        "url": "https://github.com/ritwiktrivedi/ROE-Master-Snippets-File",
        "title": "GitHub - ritwiktrivedi/ROE-Master-Snippets-File",
        "internal": false,
        "attachment": false,
        "reflection": false,
        "clicks": 29,
        "user_id": 8725,
        "domain": "github.com",
        "root_domain": "github.com"
      }
    ]
  },
  "pending_posts": [],
  "bookmarks": []
}