{
  "post_stream": {
    "posts": [
      {
        "id": 579338,
        "name": "Divyasree",
        "username": "Divya1",
        "avatar_template": "/user_avatar/discourse.onlinedegree.iitm.ac.in/divya1/{size}/67525_2.png",
        "created_at": "2025-01-13T15:40:50.279Z",
        "cooked": "<p>Can anyone forward the specified links of the books(iitm certified(logo)) or pdf’s for preparation?</p>",
        "post_number": 1,
        "post_type": 1,
        "posts_count": 2,
        "updated_at": "2025-01-13T15:40:50.279Z",
        "reply_count": 0,
        "reply_to_post_number": null,
        "quote_count": 0,
        "incoming_link_count": 1,
        "reads": 89,
        "readers_count": 88,
        "score": 22.0,
        "yours": false,
        "topic_id": 163147,
        "topic_slug": "tds-iitm-certified-books",
        "display_username": "Divyasree",
        "primary_group_name": "ds-students",
        "flair_name": "ds-students",
        "flair_url": null,
        "flair_bg_color": "",
        "flair_color": "",
        "flair_group_id": 294,
        "badges_granted": [],
        "version": 1,
        "can_edit": false,
        "can_delete": false,
        "can_recover": false,
        "can_see_hidden_post": false,
        "can_wiki": false,
        "read": false,
        "user_title": null,
        "bookmarked": false,
        "actions_summary": [
          {
            "id": 2,
            "can_act": true
          },
          {
            "id": 6,
            "can_act": true
          },
          {
            "id": 3,
            "can_act": true
          },
          {
            "id": 4,
            "can_act": true
          },
          {
            "id": 8,
            "can_act": true
          },
          {
            "id": 10,
            "can_act": true
          },
          {
            "id": 7,
            "can_act": true
          }
        ],
        "moderator": false,
        "admin": false,
        "staff": false,
        "user_id": 33695,
        "hidden": false,
        "trust_level": 1,
        "deleted_at": null,
        "user_deleted": false,
        "edit_reason": null,
        "can_view_edit_history": true,
        "wiki": false,
        "post_url": "/t/tds-iitm-certified-books/163147/1",
        "user_cakedate": "2024-06-09",
        "reactions": [],
        "current_user_reaction": null,
        "reaction_users_count": 0,
        "current_user_used_main_reaction": false,
        "can_accept_answer": false,
        "can_unaccept_answer": false,
        "accepted_answer": false,
        "topic_accepted_answer": true,
        "can_vote": false
      },
      {
        "id": 579586,
        "name": "Anand S",
        "username": "s.anand",
        "avatar_template": "/user_avatar/discourse.onlinedegree.iitm.ac.in/s.anand/{size}/15264_2.png",
        "created_at": "2025-01-14T09:48:43.870Z",
        "cooked": "<p><a class=\"mention\" href=\"/u/divya1\">@Divya1</a> there are no IITM certified books nor PDFs for <a class=\"hashtag-cooked\" href=\"/c/courses/tds-kb/34\" data-type=\"category\" data-slug=\"tds-kb\" data-id=\"34\" data-ref=\"courses:tds-kb\"><span class=\"hashtag-icon-placeholder\"><svg class=\"fa d-icon d-icon-square-full svg-icon svg-node\"><use href=\"#square-full\"></use></svg></span><span>Tools in Data Science</span></a>. The site <a href=\"https://tds.s-anand.net/\">https://tds.s-anand.net/</a> is the reference.</p>\n<p>We update the content regularly. You might want to <a href=\"https://github.com/sanand0/tools-in-data-science-public/commits/tds-2025-01/\">track the changes</a> for recent updates.</p>",
        "post_number": 2,
        "post_type": 1,
        "posts_count": 2,
        "updated_at": "2025-01-14T09:48:43.870Z",
        "reply_count": 0,
        "reply_to_post_number": null,
        "quote_count": 0,
        "incoming_link_count": 0,
        "reads": 75,
        "readers_count": 74,
        "score": 89.2,
        "yours": false,
        "topic_id": 163147,
        "topic_slug": "tds-iitm-certified-books",
        "display_username": "Anand S",
        "primary_group_name": "faculty",
        "flair_name": "faculty",
        "flair_url": "chalkboard-user",
        "flair_bg_color": "f2c26e",
        "flair_color": "000",
        "flair_group_id": 54,
        "badges_granted": [],
        "version": 1,
        "can_edit": false,
        "can_delete": false,
        "can_recover": false,
        "can_see_hidden_post": false,
        "can_wiki": false,
        "link_counts": [
          {
            "url": "https://tds.s-anand.net/",
            "internal": false,
            "reflection": false,
            "title": "Tools in Data Science",
            "clicks": 18
          },
          {
            "url": "https://github.com/sanand0/tools-in-data-science-public/commits/tds-2025-01/",
            "internal": false,
            "reflection": false,
            "title": "Commits · sanand0/tools-in-data-science-public · GitHub",
            "clicks": 13
          },
          {
            "url": "/c/courses/tds-kb/34",
            "internal": true,
            "reflection": false,
            "clicks": 0
          }
        ],
        "read": false,
        "user_title": "Course_faculty",
        "title_is_group": true,
        "bookmarked": false,
        "actions_summary": [
          {
            "id": 2,
            "count": 5,
            "can_act": true
          },
          {
            "id": 6,
            "can_act": true
          },
          {
            "id": 3,
            "can_act": true
          },
          {
            "id": 4,
            "can_act": true
          },
          {
            "id": 8,
            "can_act": true
          },
          {
            "id": 10,
            "can_act": true
          },
          {
            "id": 7,
            "can_act": true
          }
        ],
        "moderator": false,
        "admin": false,
        "staff": false,
        "user_id": 9419,
        "hidden": false,
        "trust_level": 4,
        "deleted_at": null,
        "user_deleted": false,
        "edit_reason": null,
        "can_view_edit_history": true,
        "wiki": false,
        "post_url": "/t/tds-iitm-certified-books/163147/2",
        "user_cakedate": "2022-01-03",
        "reactions": [
          {
            "id": "heart",
            "type": "emoji",
            "count": 4
          },
          {
            "id": "+1",
            "type": "emoji",
            "count": 1
          }
        ],
        "current_user_reaction": null,
        "reaction_users_count": 5,
        "current_user_used_main_reaction": false,
        "can_accept_answer": false,
        "can_unaccept_answer": false,
        "accepted_answer": true,
        "topic_accepted_answer": true
      }
    ],
    "stream": [
      579338,
      579586
    ]
  },
  "timeline_lookup": [
    [
      1,
      138
    ],
    [
      2,
      137
    ]
  ],
  "suggested_topics": [
    {
      "id": 173524,
      "title": "GA1 - Development Tools - Discussion Thread [TDS May 2025]",
      "fancy_title": "GA1 - Development Tools - Discussion Thread [TDS May 2025]",
      "slug": "ga1-development-tools-discussion-thread-tds-may-2025",
      "posts_count": 80,
      "reply_count": 51,
      "highest_post_number": 85,
      "image_url": null,
      "created_at": "2025-05-01T11:39:00.734Z",
      "last_posted_at": "2025-05-31T15:34:18.368Z",
      "bumped": true,
      "bumped_at": "2025-05-31T15:34:18.368Z",
      "archetype": "regular",
      "unseen": false,
      "last_read_post_number": 82,
      "unread": 0,
      "new_posts": 3,
      "unread_posts": 3,
      "pinned": false,
      "unpinned": null,
      "visible": true,
      "closed": false,
      "archived": false,
      "notification_level": 2,
      "bookmarked": false,
      "liked": false,
      "tags": [
        "term2-2025",
        "graded-assignment"
      ],
      "tags_descriptions": {},
      "like_count": 25,
      "views": 1155,
      "category_id": 34,
      "featured_link": null,
      "has_accepted_answer": false,
      "posters": [
        {
          "extras": null,
          "description": "Original Poster",
          "user": {
            "id": 9419,
            "username": "s.anand",
            "name": "Anand S",
            "avatar_template": "/user_avatar/discourse.onlinedegree.iitm.ac.in/s.anand/{size}/15264_2.png",
            "primary_group_name": "faculty",
            "flair_name": "faculty",
            "flair_url": "chalkboard-user",
            "flair_bg_color": "f2c26e",
            "flair_color": "000",
            "flair_group_id": 54,
            "trust_level": 4
          }
        },
        {
          "extras": null,
          "description": "Frequent Poster",
          "user": {
            "id": 22472,
            "username": "Advaith52",
            "name": "Advaith Sanil Kumar",
            "avatar_template": "/user_avatar/discourse.onlinedegree.iitm.ac.in/advaith52/{size}/67172_2.png",
            "primary_group_name": "ds-students",
            "flair_name": "ds-students",
            "flair_group_id": 294,
            "trust_level": 1
          }
        },
        {
          "extras": null,
          "description": "Frequent Poster",
          "user": {
            "id": 16094,
            "username": "carlton",
            "name": "Carlton D'Silva",
            "avatar_template": "/user_avatar/discourse.onlinedegree.iitm.ac.in/carlton/{size}/56317_2.png",
            "primary_group_name": "ds-students",
            "flair_name": "ds-students",
            "flair_group_id": 294,
            "trust_level": 3
          }
        },
        {
          "extras": null,
          "description": "Frequent Poster",
          "user": {
            "id": 15658,
            "username": "HritikRoshan_HRM",
            "name": "HRITIK ROSHAN MAURYA",
            "avatar_template": "/user_avatar/discourse.onlinedegree.iitm.ac.in/hritikroshan_hrm/{size}/66975_2.png",
            "primary_group_name": "ds-students",
            "flair_name": "ds-students",
            "flair_group_id": 294,
            "trust_level": 1
          }
        },
        {
          "extras": "latest",
          "description": "Most Recent Poster",
          "user": {
            "id": 12914,
            "username": "iAnimeshS",
            "name": "Animesh",
            "avatar_template": "/user_avatar/discourse.onlinedegree.iitm.ac.in/ianimeshs/{size}/12415_2.png",
            "primary_group_name": "ds-students",
            "flair_name": "ds-students",
            "flair_group_id": 294,
            "trust_level": 1
          }
        }
      ]
    },
    {
      "id": 176789,
      "title": "Vercel deployement error",
      "fancy_title": "Vercel deployement error",
      "slug": "vercel-deployement-error",
      "posts_count": 1,
      "reply_count": 0,
      "highest_post_number": 1,
      "image_url": null,
      "created_at": "2025-05-31T11:55:22.507Z",
      "last_posted_at": "2025-05-31T11:55:22.708Z",
      "bumped": true,
      "bumped_at": "2025-05-31T11:55:22.708Z",
      "archetype": "regular",
      "unseen": true,
      "pinned": false,
      "unpinned": null,
      "visible": true,
      "closed": false,
      "archived": false,
      "bookmarked": null,
      "liked": null,
      "tags": [
        "diploma-level",
        "term2-2025"
      ],
      "tags_descriptions": {},
      "like_count": 0,
      "views": 9,
      "category_id": 34,
      "featured_link": null,
      "has_accepted_answer": false,
      "posters": [
        {
          "extras": "latest single",
          "description": "Original Poster, Most Recent Poster",
          "user": {
            "id": 25506,
            "username": "23f3003724",
            "name": "Vedika Gupta",
            "avatar_template": "/user_avatar/discourse.onlinedegree.iitm.ac.in/23f3003724/{size}/68806_2.png",
            "primary_group_name": "ds-students",
            "flair_name": "ds-students",
            "flair_group_id": 294,
            "trust_level": 1
          }
        }
      ]
    }
  ],
  "tags": [
    "clarification",
    "diploma-level",
    "guidelines"
  ],
  "tags_descriptions": {},
  "id": 163147,
  "title": "TDS iitm certified books",
  "fancy_title": "TDS iitm certified books",
  "posts_count": 2,
  "created_at": "2025-01-13T15:40:50.091Z",
  "views": 103,
  "reply_count": 0,
  "like_count": 5,
  "last_posted_at": "2025-01-14T09:48:43.870Z",
  "visible": true,
  "closed": false,
  "archived": false,
  "has_summary": false,
  "archetype": "regular",
  "slug": "tds-iitm-certified-books",
  "category_id": 34,
  "word_count": 68,
  "deleted_at": null,
  "user_id": 33695,
  "featured_link": null,
  "pinned_globally": false,
  "pinned_at": null,
  "pinned_until": null,
  "image_url": null,
  "slow_mode_seconds": 0,
  "draft": null,
  "draft_key": "topic_163147",
  "draft_sequence": 0,
  "unpinned": null,
  "pinned": false,
  "current_post_number": 1,
  "highest_post_number": 2,
  "deleted_by": null,
  "actions_summary": [
    {
      "id": 4,
      "count": 0,
      "hidden": false,
      "can_act": true
    },
    {
      "id": 8,
      "count": 0,
      "hidden": false,
      "can_act": true
    },
    {
      "id": 10,
      "count": 0,
      "hidden": false,
      "can_act": true
    },
    {
      "id": 7,
      "count": 0,
      "hidden": false,
      "can_act": true
    }
  ],
  "chunk_size": 20,
  "bookmarked": false,
  "topic_timer": null,
  "message_bus_last_id": 0,
  "participant_count": 2,
  "show_read_indicator": false,
  "thumbnails": null,
  "slow_mode_enabled_until": null,
  "tags_disable_ads": false,
  "related_topics": [
    {
      "id": 84317,
      "title": "End Term Question Papers",
      "fancy_title": "End Term Question Papers",
      "slug": "end-term-question-papers",
      "posts_count": 3,
      "reply_count": 0,
      "highest_post_number": 3,
      "image_url": null,
      "created_at": "2023-04-17T17:08:36.706Z",
      "last_posted_at": "2023-04-17T17:11:14.589Z",
      "bumped": true,
      "bumped_at": "2023-04-17T17:11:14.589Z",
      "archetype": "regular",
      "unseen": false,
      "pinned": false,
      "unpinned": null,
      "visible": true,
      "closed": false,
      "archived": false,
      "bookmarked": null,
      "liked": null,
      "tags": [
        "quiz"
      ],
      "tags_descriptions": {},
      "like_count": 0,
      "views": 57,
      "category_id": 34,
      "featured_link": null,
      "has_accepted_answer": false,
      "posters": [
        {
          "extras": "latest single",
          "description": "Original Poster, Most Recent Poster",
          "user": {
            "id": 6580,
            "username": "21f2000683",
            "name": "Harshal",
            "avatar_template": "/user_avatar/discourse.onlinedegree.iitm.ac.in/21f2000683/{size}/111598_2.png",
            "primary_group_name": "ds-students",
            "flair_name": "ds-students",
            "flair_group_id": 294,
            "trust_level": 1
          }
        }
      ]
    },
    {
      "id": 163148,
      "title": "MLF iitm certified books",
      "fancy_title": "MLF iitm certified books",
      "slug": "mlf-iitm-certified-books",
      "posts_count": 3,
      "reply_count": 0,
      "highest_post_number": 3,
      "image_url": null,
      "created_at": "2025-01-13T15:41:42.390Z",
      "last_posted_at": "2025-01-18T15:55:39.583Z",
      "bumped": true,
      "bumped_at": "2025-01-18T15:55:39.583Z",
      "archetype": "regular",
      "unseen": false,
      "pinned": false,
      "unpinned": null,
      "visible": true,
      "closed": false,
      "archived": false,
      "bookmarked": null,
      "liked": null,
      "tags": [],
      "tags_descriptions": {},
      "like_count": 3,
      "views": 127,
      "category_id": 28,
      "featured_link": null,
      "has_accepted_answer": true,
      "posters": [
        {
          "extras": null,
          "description": "Original Poster",
          "user": {
            "id": 33695,
            "username": "Divya1",
            "name": "Divyasree",
            "avatar_template": "/user_avatar/discourse.onlinedegree.iitm.ac.in/divya1/{size}/67525_2.png",
            "primary_group_name": "ds-students",
            "flair_name": "ds-students",
            "flair_group_id": 294,
            "trust_level": 1
          }
        },
        {
          "extras": "latest",
          "description": "Most Recent Poster, Accepted Answer",
          "user": {
            "id": 25695,
            "username": "23f3002991",
            "name": "Krishna",
            "avatar_template": "/user_avatar/discourse.onlinedegree.iitm.ac.in/23f3002991/{size}/67600_2.png",
            "primary_group_name": "ds-students",
            "flair_name": "ds-students",
            "flair_group_id": 294,
            "trust_level": 1
          }
        }
      ]
    },
    {
      "id": 48317,
      "title": "Tools in data science",
      "fancy_title": "Tools in data science",
      "slug": "tools-in-data-science",
      "posts_count": 3,
      "reply_count": 1,
      "highest_post_number": 3,
      "image_url": null,
      "created_at": "2022-05-12T10:48:17.829Z",
      "last_posted_at": "2022-09-19T08:32:24.687Z",
      "bumped": true,
      "bumped_at": "2022-09-19T08:32:24.687Z",
      "archetype": "regular",
      "unseen": false,
      "pinned": false,
      "unpinned": null,
      "visible": true,
      "closed": false,
      "archived": false,
      "bookmarked": null,
      "liked": null,
      "tags": [
        "clarification"
      ],
      "tags_descriptions": {},
      "like_count": 2,
      "views": 166,
      "category_id": 28,
      "featured_link": null,
      "has_accepted_answer": false,
      "posters": [
        {
          "extras": null,
          "description": "Original Poster",
          "user": {
            "id": 6710,
            "username": "21f2000306",
            "name": "Gupta",
            "avatar_template": "/user_avatar/discourse.onlinedegree.iitm.ac.in/21f2000306/{size}/12565_2.png",
            "primary_group_name": "ds-students",
            "flair_name": "ds-students",
            "flair_group_id": 294,
            "trust_level": 1
          }
        },
        {
          "extras": null,
          "description": "Frequent Poster",
          "user": {
            "id": 6487,
            "username": "Bharatm",
            "name": "Bharat Mahindra",
            "avatar_template": "/user_avatar/discourse.onlinedegree.iitm.ac.in/bharatm/{size}/14156_2.png",
            "primary_group_name": "ds-students",
            "flair_name": "ds-students",
            "flair_group_id": 294,
            "trust_level": 1
          }
        },
        {
          "extras": "latest",
          "description": "Most Recent Poster",
          "user": {
            "id": 9280,
            "username": "21f3003021",
            "name": "Nilanjan Dam",
            "avatar_template": "/user_avatar/discourse.onlinedegree.iitm.ac.in/21f3003021/{size}/14141_2.png",
            "primary_group_name": "ds-students",
            "flair_name": "ds-students",
            "flair_group_id": 294,
            "trust_level": 1
          }
        }
      ]
    },
    {
      "id": 173118,
      "title": "Textbooks for diploma",
      "fancy_title": "Textbooks for diploma",
      "slug": "textbooks-for-diploma",
      "posts_count": 3,
      "reply_count": 0,
      "highest_post_number": 3,
      "image_url": null,
      "created_at": "2025-04-20T09:47:57.376Z",
      "last_posted_at": "2025-04-20T10:30:56.881Z",
      "bumped": true,
      "bumped_at": "2025-04-20T10:30:56.881Z",
      "archetype": "regular",
      "unseen": false,
      "pinned": false,
      "unpinned": null,
      "visible": true,
      "closed": false,
      "archived": false,
      "bookmarked": null,
      "liked": null,
      "tags": [
        "diploma-level"
      ],
      "tags_descriptions": {},
      "like_count": 2,
      "views": 154,
      "category_id": 75,
      "featured_link": null,
      "has_accepted_answer": false,
      "posters": [
        {
          "extras": null,
          "description": "Original Poster",
          "user": {
            "id": 38404,
            "username": "24f3000060",
            "name": "Kumuda",
            "avatar_template": "/user_avatar/discourse.onlinedegree.iitm.ac.in/24f3000060/{size}/133771_2.png",
            "primary_group_name": "ds-students",
            "flair_name": "ds-students",
            "flair_group_id": 294,
            "trust_level": 1
          }
        },
        {
          "extras": null,
          "description": "Frequent Poster",
          "user": {
            "id": 38378,
            "username": "24f3002375",
            "name": "Manish Kumar Sahani",
            "avatar_template": "/user_avatar/discourse.onlinedegree.iitm.ac.in/24f3002375/{size}/111179_2.png",
            "primary_group_name": "ds-students",
            "flair_name": "ds-students",
            "flair_group_id": 294,
            "trust_level": 1
          }
        },
        {
          "extras": "latest",
          "description": "Most Recent Poster",
          "user": {
            "id": 23071,
            "username": "Adwitiya_Chauhan",
            "name": "Adwitiya Chauhan",
            "avatar_template": "/user_avatar/discourse.onlinedegree.iitm.ac.in/adwitiya_chauhan/{size}/79315_2.png",
            "primary_group_name": "ds-students",
            "flair_name": "ds-students",
            "flair_group_id": 294,
            "trust_level": 1
          }
        }
      ]
    },
    {
      "id": 139537,
      "title": "IIT certified book ? STATISTICS 2",
      "fancy_title": "IIT certified book ? STATISTICS 2",
      "slug": "iit-certified-book-statistics-2",
      "posts_count": 2,
      "reply_count": 0,
      "highest_post_number": 2,
      "image_url": null,
      "created_at": "2024-07-12T16:36:26.330Z",
      "last_posted_at": "2024-07-14T09:23:54.161Z",
      "bumped": true,
      "bumped_at": "2024-07-14T09:23:54.161Z",
      "archetype": "regular",
      "unseen": false,
      "last_read_post_number": 2,
      "unread": 0,
      "new_posts": 0,
      "unread_posts": 0,
      "pinned": false,
      "unpinned": null,
      "visible": true,
      "closed": false,
      "archived": false,
      "notification_level": 1,
      "bookmarked": false,
      "liked": false,
      "tags": [
        "clarification",
        "foundation-level",
        "extra-resources",
        "guidelines"
      ],
      "tags_descriptions": {},
      "like_count": 2,
      "views": 85,
      "category_id": 24,
      "featured_link": null,
      "has_accepted_answer": true,
      "posters": [
        {
          "extras": null,
          "description": "Original Poster",
          "user": {
            "id": 33695,
            "username": "Divya1",
            "name": "Divyasree",
            "avatar_template": "/user_avatar/discourse.onlinedegree.iitm.ac.in/divya1/{size}/67525_2.png",
            "primary_group_name": "ds-students",
            "flair_name": "ds-students",
            "flair_group_id": 294,
            "trust_level": 1
          }
        },
        {
          "extras": "latest",
          "description": "Most Recent Poster, Accepted Answer",
          "user": {
            "id": 30769,
            "username": "24f1002526",
            "name": "Kiran",
            "avatar_template": "/user_avatar/discourse.onlinedegree.iitm.ac.in/24f1002526/{size}/66937_2.png",
            "primary_group_name": "ds-students",
            "flair_name": "ds-students",
            "flair_group_id": 294,
            "trust_level": 1
          }
        }
      ]
    }
  ],
  "summarizable": false,
  "valid_reactions": [
    "heart",
    "+1",
    "laughing",
    "open_mouth",
    "clap",
    "confetti_ball",
    "rocket",
    "-1"
  ],
  "accepted_answer": {
    "post_number": 2,
    "username": "s.anand",
    "name": null,
    "excerpt": "<a class=\"mention\" href=\"/u/divya1\">@Divya1</a> there are no IITM certified books nor PDFs for <a class=\"hashtag-cooked\" href=\"/c/courses/tds-kb/34\" data-type=\"category\" data-slug=\"tds-kb\" data-id=\"34\" data-ref=\"courses:tds-kb\"><span class=\"hashtag-icon-placeholder\"></span>Tools in Data Science</span></a>. The site <a href=\"https://tds.s-anand.net/\">https://tds.s-anand.net/</a> is the reference. \nWe update the content regularly. You might want to <a href=\"https://github.com/sanand0/tools-in-data-science-public/commits/tds-2025-01/\">track the changes</a> for recent updates.",
    "accepter_name": null,
    "accepter_username": "Divya1"
  },
  "can_vote": false,
  "vote_count": 0,
  "user_voted": false,
  "discourse_zendesk_plugin_zendesk_id": null,
  "discourse_zendesk_plugin_zendesk_url": "https://your-url.zendesk.com/agent/tickets/",
  "details": {
    "can_edit": false,
    "notification_level": 1,
    "can_create_post": true,
    "can_reply_as_new_topic": true,
    "can_flag_topic": true,
    "participants": [
      {
        "id": 33695,
        "username": "Divya1",
        "name": "Divyasree",
        "avatar_template": "/user_avatar/discourse.onlinedegree.iitm.ac.in/divya1/{size}/67525_2.png",
        "post_count": 1,
        "primary_group_name": "ds-students",
        "flair_name": "ds-students",
        "flair_url": null,
        "flair_color": "",
        "flair_bg_color": "",
        "flair_group_id": 294,
        "trust_level": 1
      },
      {
        "id": 9419,
        "username": "s.anand",
        "name": "Anand S",
        "avatar_template": "/user_avatar/discourse.onlinedegree.iitm.ac.in/s.anand/{size}/15264_2.png",
        "post_count": 1,
        "primary_group_name": "faculty",
        "flair_name": "faculty",
        "flair_url": "chalkboard-user",
        "flair_color": "000",
        "flair_bg_color": "f2c26e",
        "flair_group_id": 54,
        "trust_level": 4
      }
    ],
    "created_by": {
      "id": 33695,
      "username": "Divya1",
      "name": "Divyasree",
      "avatar_template": "/user_avatar/discourse.onlinedegree.iitm.ac.in/divya1/{size}/67525_2.png"
    },
    "last_poster": {
      "id": 9419,
      "username": "s.anand",
      "name": "Anand S",
      "avatar_template": "/user_avatar/discourse.onlinedegree.iitm.ac.in/s.anand/{size}/15264_2.png"
    },
    "links": [
      {
        "url": "https://tds.s-anand.net/",
        "title": "Tools in Data Science",
        "internal": false,
        "attachment": false,
        "reflection": false,
        "clicks": 18,
        "user_id": 9419,
        "domain": "tds.s-anand.net",
        "root_domain": "s-anand.net"
      },
      {
        "url": "https://github.com/sanand0/tools-in-data-science-public/commits/tds-2025-01/",
        "title": "Commits · sanand0/tools-in-data-science-public · GitHub",
        "internal": false,
        "attachment": false,
        "reflection": false,
        "clicks": 13,
        "user_id": 9419,
        "domain": "github.com",
        "root_domain": "github.com"
      }
    ]
  },
  "pending_posts": [],
  "bookmarks": []
}